Game File,Game Date,Pitching Team,Hitting Team,Pitcher,Batter,Inning,Plate Appearance,Play,Play Type,Outs,New BaseOut State,Pitch Sequence,Batter Handedness,Pitcher Handedness,Runs Scored On Play,Runs Charged To,Game Location (Hitting),Game Location (Pitching),Previous BaseOut State,Next Outs,Outs on Play,All Counts,Inning Number,Grouped Play Type
645386.xml,02/06/2026,MARYLAND,BU,"Wurst,Aubrey","Deppiesse,Brooke",T1,1,"Deppiesse,Brooke grounded out to third base, 3b to 1b (1-1 FB).",G53,0,___,FBP,R,R,0,[],Away,Home,___,1.0,1.0,"['0-0', '0-1', '1-1']",1,Out
645386.xml,02/06/2026,MARYLAND,BU,"Wurst,Aubrey","Lyons,Camryn",T1,2,"Lyons,Camryn grounded out to second base, 2b to 1b (3-2 BFBBK).",G43,1,___,BFBBKP,L,R,0,[],Away,Home,___,2.0,1.0,"['0-0', '1-0', '1-1', '2-1', '3-1', '3-2']",1,Out
645386.xml,02/06/2026,MARYLAND,BU,"Wurst,Aubrey","Coyle,Megan",T1,3,"Coyle,Megan popped up to short (2-1 SBB).",P6,2,___,SBBP,R,R,0,[],Away,Home,___,3.0,1.0,"['0-0', '0-1', '1-1', '2-1']",1,Out
645386.xml,02/06/2026,BU,MARYLAND,"Ricard,Kasey",Matti Benson,B1,4,"Benson,Matti struck out swinging (2-2 KFBBK).",K,0,___,KFBBK,L,R,0,[],Home,Away,___,1.0,1.0,"['0-0', '0-1', '0-2', '1-2', '2-2']",1,Strikeout
645386.xml,02/06/2026,BU,MARYLAND,"Ricard,Kasey","Woods,Sammi",B1,5,"Woods,Sammi struck out swinging (2-2 KBFBFS).",K,1,___,KBFBFS,R,R,0,[],Home,Away,___,2.0,1.0,"['0-0', '0-1', '1-1', '1-2', '2-2']",1,Strikeout
645386.xml,02/06/2026,BU,MARYLAND,"Ricard,Kasey","Penta,Mariah",B1,6,"Penta,Mariah struck out swinging (0-2 KSFS).",K,2,___,KSFS,R,R,0,[],Home,Away,___,3.0,1.0,"['0-0', '0-1', '0-2']",1,Strikeout
645386.xml,02/06/2026,MARYLAND,BU,"Wurst,Aubrey","Doherty,Kylie",T2,7,"Doherty,Kylie struck out swinging (0-2 SKS).",K,0,___,SKS,R,R,0,[],Away,Home,___,1.0,1.0,"['0-0', '0-1', '0-2']",2,Strikeout
645386.xml,02/06/2026,MARYLAND,BU,"Wurst,Aubrey","Stanley,MaryCatheri",T2,8,"Stanley,MaryCatheri struck out swinging (2-2 FBKBFS).",K,1,___,FBKBFS,R,R,0,[],Away,Home,___,2.0,1.0,"['0-0', '0-1', '1-1', '1-2', '2-2']",2,Strikeout
645386.xml,02/06/2026,MARYLAND,BU,"Wurst,Aubrey","Naivar,Sophie",T2,9,"Naivar,Sophie flied out to left center putout by lf (0-0).",F7,2,___,P,L,R,0,[],Away,Home,___,3.0,1.0,['0-0'],2,Out
645386.xml,02/06/2026,BU,MARYLAND,"Ricard,Kasey",Zayda Rocke,B2,10,"Rocke,Zayda struck out swinging (2-2 SBFBFFS).",K,0,___,SBFBFFS,R,R,0,[],Home,Away,___,1.0,1.0,"['0-0', '0-1', '1-1', '1-2', '2-2']",2,Strikeout
645386.xml,02/06/2026,BU,MARYLAND,"Ricard,Kasey","Murphy,Bailey",B2,11,"Murphy,Bailey flied out to lf (0-0).",F7,1,___,P,L,R,0,[],Home,Away,___,2.0,1.0,['0-0'],2,Out
645386.xml,02/06/2026,BU,MARYLAND,"Ricard,Kasey","Ullman,Bailey",B2,12,"Ullman,Bailey struck out looking (3-2 FBBBKK).",K,2,___,FBBBKK,L,R,0,[],Home,Away,___,3.0,1.0,"['0-0', '0-1', '1-1', '2-1', '3-1', '3-2']",2,Strikeout
645386.xml,02/06/2026,MARYLAND,BU,"Wurst,Aubrey","Apalit,Kyomi",T3,13,"Apalit,Kyomi walked (3-1 BBBKB).",BB,0,1__,BBBKB,R,R,0,[],Away,Home,___,0.0,0.0,"['0-0', '1-0', '2-0', '3-0', '3-1']",3,Walk
645386.xml,02/06/2026,MARYLAND,BU,"Wurst,Aubrey","Christopher,Livia",T3,14,"Christopher,Livia struck out swinging (3-2 SSBBFFBS).",K,0,___,SSBBFFBS,R,R,0,[],Away,Home,1__,1.0,1.0,"['0-0', '0-1', '0-2', '1-2', '2-2', '3-2']",3,Strikeout
645386.xml,02/06/2026,MARYLAND,BU,"Wurst,Aubrey","Coupal,Madolyn",T3,15,"Coupal,Madolyn singled up the middle (3-1 BBBK); Apalit,Kyomi advanced to second base.",1B,1,1__,BBBKP,R,R,0,[],Away,Home,___,1.0,0.0,"['0-0', '1-0', '2-0', '3-0', '3-1']",3,Single
645386.xml,02/06/2026,MARYLAND,BU,"Wurst,Aubrey","Deppiesse,Brooke",T3,16,"Deppiesse,Brooke singled to shallow left field (0-1 F); Apalit,Kyomi advanced to third base; Coupal,Madolyn advanced to second base.",1B,1,1__,FP,R,R,0,[],Away,Home,1__,1.0,0.0,"['0-0', '0-1']",3,Single
645386.xml,02/06/2026,MARYLAND,BU,"Wurst,Aubrey","Lyons,Camryn",T3,17,"Lyons,Camryn popped up to shallow left field putout by lf (1-1 BK).",P7,1,___,BKP,L,R,0,[],Away,Home,1__,2.0,1.0,"['0-0', '1-0', '1-1']",3,Out
645386.xml,02/06/2026,MARYLAND,BU,"Wurst,Aubrey","Coyle,Megan",T3,18,"Coyle,Megan walked, RBI (3-1 BFBBB); Apalit,Kyomi scored; Coupal,Madolyn advanced to third base; Deppiesse,Brooke advanced to second base.",BB,2,1__,BFBBB,R,R,1,"['Wurst,Aubrey']",Away,Home,___,2.0,0.0,"['0-0', '1-0', '1-1', '2-1', '3-1']",3,Walk
645386.xml,02/06/2026,MARYLAND,BU,"Wurst,Aubrey","Doherty,Kylie",T3,19,"Doherty,Kylie struck out swinging (2-2 BFBFS).",K,2,___,BFBFS,R,R,0,[],Away,Home,1__,3.0,1.0,"['0-0', '1-0', '1-1', '2-1', '2-2']",3,Strikeout
645386.xml,02/06/2026,BU,MARYLAND,"Ricard,Kasey","Wilson,Gracie",B3,20,"Wilson,Gracie struck out looking (1-2 BKFK).",K,0,___,BKFK,R,R,0,[],Home,Away,___,1.0,1.0,"['0-0', '1-0', '1-1', '1-2']",3,Strikeout
645386.xml,02/06/2026,BU,MARYLAND,"Ricard,Kasey","Fox,Caroline",B3,21,"Fox,Caroline struck out swinging (0-2 KSFS).",K,1,___,KSFS,L,R,0,[],Home,Away,___,2.0,1.0,"['0-0', '0-1', '0-2']",3,Strikeout
645386.xml,02/06/2026,BU,MARYLAND,"Ricard,Kasey","Cornwell,Caitlyn",B3,22,"Cornwell,Caitlyn struck out swinging (2-2 FSFBBFFFS).",K,2,___,FSFBBFFFS,L,R,0,[],Home,Away,___,3.0,1.0,"['0-0', '0-1', '0-2', '1-2', '2-2']",3,Strikeout
645386.xml,02/06/2026,MARYLAND,BU,"Wurst,Aubrey","Stanley,MaryCatheri",T4,23,"Stanley,MaryCatheri flied out to lf (2-2 BKBF).",F7,0,___,BKBFP,R,R,0,[],Away,Home,___,1.0,1.0,"['0-0', '1-0', '1-1', '2-1', '2-2']",4,Out
645386.xml,02/06/2026,MARYLAND,BU,"Wurst,Aubrey","Naivar,Sophie",T4,24,"Naivar,Sophie flied out to left center putout by cf (1-0 B).",F8,1,___,BP,L,R,0,[],Away,Home,___,2.0,1.0,"['0-0', '1-0']",4,Out
645386.xml,02/06/2026,MARYLAND,BU,"Wurst,Aubrey","Apalit,Kyomi",T4,25,"Apalit,Kyomi flied out to left center putout by cf (2-0 BB).",F8,2,___,BBP,R,R,0,[],Away,Home,___,3.0,1.0,"['0-0', '1-0', '2-0']",4,Out
645386.xml,02/06/2026,BU,MARYLAND,"Ricard,Kasey",Matti Benson,B4,26,"Benson,Matti flied out to lf (3-2 FBBBK).",F7,0,___,FBBBNKP,L,R,0,[],Home,Away,___,1.0,1.0,"['0-0', '0-1', '1-1', '2-1', '3-1', '3-2']",4,Out
645386.xml,02/06/2026,BU,MARYLAND,"Ricard,Kasey","Woods,Sammi",B4,27,"Woods,Sammi flied out to rf (2-0 BB).",F9,1,___,BBP,R,R,0,[],Home,Away,___,2.0,1.0,"['0-0', '1-0', '2-0']",4,Out
645386.xml,02/06/2026,BU,MARYLAND,"Ricard,Kasey","Penta,Mariah",B4,28,"Penta,Mariah reached on a fielding error fielding by 3b by Apalit,Kyomi (E5) (1-2 FFB).",E5,2,1__,FFBP,R,R,0,[],Home,Away,___,2.0,0.0,"['0-0', '0-1', '0-2', '1-2']",4,Reached on Error
645386.xml,02/06/2026,BU,MARYLAND,"Ricard,Kasey",Zayda Rocke,B4,29,"Rocke,Zayda struck out swinging (2-2 BFBFFFS).",K,2,___,BFBFNFFS,R,R,0,[],Home,Away,1__,3.0,1.0,"['0-0', '1-0', '1-1', '2-1', '2-2']",4,Strikeout
645386.xml,02/06/2026,MARYLAND,BU,"Wurst,Aubrey","Michel,Addison",T5,31,"Michel,Addison singled to shallow left field (1-1 BK).",1B,0,1__,BKP,L,R,0,[],Away,Home,___,0.0,0.0,"['0-0', '1-0', '1-1']",5,Single
645386.xml,02/06/2026,MARYLAND,BU,"Wurst,Aubrey","Coupal,Madolyn",T5,32,"Coupal,Madolyn sacrifice bunt to the infield, p to 2b (1-1 KB); Michel,Addison advanced to second base.",SH14,0,___,KBP,R,R,0,[],Away,Home,1__,1.0,1.0,"['0-0', '0-1', '1-1']",5,Sacrifice Hit
645386.xml,02/06/2026,MARYLAND,BU,"Wurst,Aubrey","Deppiesse,Brooke",T5,33,"Deppiesse,Brooke flied out to deep center field putout by cf (0-0); Michel,Addison advanced to third base.",F8,1,___,P,R,R,0,[],Away,Home,___,2.0,1.0,['0-0'],5,Out
645386.xml,02/06/2026,MARYLAND,BU,"Wurst,Aubrey","Lyons,Camryn",T5,34,"Lyons,Camryn flied out to right center putout by cf (1-0 B).",F8,2,___,BP,L,R,0,[],Away,Home,___,3.0,1.0,"['0-0', '1-0']",5,Out
645386.xml,02/06/2026,BU,MARYLAND,"Ricard,Kasey","Murphy,Bailey",B5,36,"Murphy,Bailey infield singled to second base (0-0).",1B,0,1__,P,L,R,0,[],Home,Away,___,0.0,0.0,['0-0'],5,Single
645386.xml,02/06/2026,BU,MARYLAND,"Ricard,Kasey","Ullman,Bailey",B5,37,"Ullman,Bailey struck out swinging (2-2 KSBBS).",K,0,___,KSBBS,L,R,0,[],Home,Away,1__,1.0,1.0,"['0-0', '0-1', '0-2', '1-2', '2-2']",5,Strikeout
645386.xml,02/06/2026,BU,MARYLAND,"Ricard,Kasey","Wilson,Gracie",B5,38,"Wilson,Gracie walked (3-1 BBBKB); Murphy,Bailey advanced to second base.",BB,1,1__,BBBKB,R,R,0,[],Home,Away,___,1.0,0.0,"['0-0', '1-0', '2-0', '3-0', '3-1']",5,Walk
645386.xml,02/06/2026,BU,MARYLAND,"Ricard,Kasey","Fox,Caroline",B5,40,"Fox,Caroline fouled out in third base side foul territory putout by lf (1-2 BSF).",FF7,1,___,BSFP,L,R,0,[],Home,Away,1__,2.0,1.0,"['0-0', '1-0', '1-1', '1-2']",5,Out
645386.xml,02/06/2026,BU,MARYLAND,"Ricard,Kasey","Cornwell,Caitlyn",B5,41,"Cornwell,Caitlyn fouled out to lf (2-2 BSFB).",FF7,2,___,BSFBP,L,R,0,[],Home,Away,___,3.0,1.0,"['0-0', '1-0', '1-1', '1-2', '2-2']",5,Out
645386.xml,02/06/2026,MARYLAND,BU,Keira Bucher,"Coyle,Megan",T6,44,"Coyle,Megan grounded out to second base, 2b to 1b (2-2 BBKKFF).",G43,0,___,BBKKFFP,R,R,0,[],Away,Home,___,1.0,1.0,"['0-0', '1-0', '2-0', '2-1', '2-2']",6,Out
645386.xml,02/06/2026,MARYLAND,BU,Keira Bucher,"Doherty,Kylie",T6,45,"Doherty,Kylie grounded out to short, ss to 1b (0-0).",G63,1,___,P,R,R,0,[],Away,Home,___,2.0,1.0,['0-0'],6,Out
645386.xml,02/06/2026,MARYLAND,BU,Keira Bucher,"Edwards,Cara",T6,47,"Edwards,Cara struck out swinging, dropped third strike out at first c to 1b (3-2 BSBBFFFS).",K,2,___,BSBBFFFS,R,R,0,[],Away,Home,___,3.0,1.0,"['0-0', '1-0', '1-1', '2-1', '3-1', '3-2']",6,Strikeout
645386.xml,02/06/2026,BU,MARYLAND,"Ricard,Kasey",Matti Benson,B6,49,"Benson,Matti fouled out in third base side foul territory putout by lf (0-2 KF).",FF7,0,___,KFP,L,R,0,[],Home,Away,___,1.0,1.0,"['0-0', '0-1', '0-2']",6,Out
645386.xml,02/06/2026,BU,MARYLAND,"Ricard,Kasey","Woods,Sammi",B6,50,"Woods,Sammi struck out looking (3-2 BKKBBK).",K,1,___,BKKBBK,R,R,0,[],Home,Away,___,2.0,1.0,"['0-0', '1-0', '1-1', '1-2', '2-2', '3-2']",6,Strikeout
645386.xml,02/06/2026,BU,MARYLAND,"Ricard,Kasey","Penta,Mariah",B6,51,"Penta,Mariah struck out swinging (0-2 FFS).",K,2,___,FFS,R,R,0,[],Home,Away,___,3.0,1.0,"['0-0', '0-1', '0-2']",6,Strikeout
645386.xml,02/06/2026,MARYLAND,BU,Keira Bucher,"Naivar,Sophie",T7,52,"Naivar,Sophie walked (3-2 FBBBSFFB).",BB,0,1__,FBBBSFFB,L,R,0,[],Away,Home,___,0.0,0.0,"['0-0', '0-1', '1-1', '2-1', '3-1', '3-2']",7,Walk
645386.xml,02/06/2026,MARYLAND,BU,Keira Bucher,"Apalit,Kyomi",T7,53,"Apalit,Kyomi singled down the right field line (1-2 KFBFFFF); Naivar,Sophie advanced to second base.",1B,0,1__,KFBFFFFP,R,R,0,[],Away,Home,1__,0.0,0.0,"['0-0', '0-1', '0-2', '1-2']",7,Single
645386.xml,02/06/2026,MARYLAND,BU,Keira Bucher,"Christopher,Livia",T7,54,"Apalit,Kyomi advanced to second base on a passed ball; Naivar,Sophie advanced to third base on a passed ball.",,0,___,N/A,,R,0,[],Away,Home,1__,0.0,0.0,['Unknown'],7,N/A
645386.xml,02/06/2026,MARYLAND,BU,Keira Bucher,"Christopher,Livia",T7,55,"Christopher,Livia struck out swinging (1-2 SKBS).",K,0,___,SKBS,R,R,0,[],Away,Home,___,1.0,1.0,"['0-0', '0-1', '0-2', '1-2']",7,Strikeout
645386.xml,02/06/2026,MARYLAND,BU,Keira Bucher,"Coupal,Madolyn",T7,56,"Coupal,Madolyn grounded out to third base, 3b to 1b (1-2 BKF).",G53,1,___,BKFP,R,R,0,[],Away,Home,___,2.0,1.0,"['0-0', '1-0', '1-1', '1-2']",7,Out
645386.xml,02/06/2026,MARYLAND,BU,Keira Bucher,"Deppiesse,Brooke",T7,57,"Deppiesse,Brooke infield singled to third base, RBI (0-0); Naivar,Sophie scored; Apalit,Kyomi advanced to third base.",1B,2,1__,P,R,R,1,"['Bucher,Keira']",Away,Home,___,2.0,0.0,['0-0'],7,Single
645386.xml,02/06/2026,MARYLAND,BU,Keira Bucher,"Lyons,Camryn",T7,58,"Deppiesse,Brooke out at second base, c to 2b to 1b, picked off; Apalit,Kyomi scored.",,2,___,B,,R,1,"['Bucher,Keira']",Away,Home,1__,3.0,1.0,['0-0'],7,N/A
645386.xml,02/06/2026,BU,MARYLAND,"Ricard,Kasey",Zayda Rocke,B7,59,"Rocke,Zayda fouled out in third base side foul territory putout by 3b (0-0).",FF5,0,___,P,R,R,0,[],Home,Away,___,1.0,1.0,['0-0'],7,Out
645386.xml,02/06/2026,BU,MARYLAND,"Ricard,Kasey","Murphy,Bailey",B7,60,"Murphy,Bailey grounded out to second base, 2b to 1b (0-0).",G43,1,___,P,L,R,0,[],Home,Away,___,2.0,1.0,['0-0'],7,Out
645386.xml,02/06/2026,BU,MARYLAND,"Ricard,Kasey","Ullman,Bailey",B7,61,"Ullman,Bailey struck out swinging (1-2 FBSS).",K,2,___,FBSS,L,R,0,[],Home,Away,___,3.0,1.0,"['0-0', '0-1', '1-1', '1-2']",7,Strikeout
645387.xml,02/06/2026,BUFF,MARYLAND,"Longsdorf,Genevieve","Cornwell,Caitlyn",T1,1,"Cornwell,Caitlyn popped up to third base (1-2 KFB).",P5,0,___,KFBP,L,R,0,[],Away,Home,___,1.0,1.0,"['0-0', '0-1', '0-2', '1-2']",1,Out
645387.xml,02/06/2026,BUFF,MARYLAND,"Longsdorf,Genevieve",Matti Benson,T1,2,"Benson,Matti hit by pitch (3-2 BSBFFB).",HBP,1,1__,BSBFFB,L,R,0,[],Away,Home,___,1.0,0.0,"['0-0', '1-0', '1-1', '2-1', '2-2']",1,Out
645387.xml,02/06/2026,BUFF,MARYLAND,"Longsdorf,Genevieve","Woods,Sammi",T1,3,"Woods,Sammi singled to shallow left field (2-2 KFBB); Benson,Matti advanced to second base.",1B,1,1__,KFBBP,R,R,0,[],Away,Home,1__,1.0,0.0,"['0-0', '0-1', '0-2', '1-2', '2-2']",1,Single
645387.xml,02/06/2026,BUFF,MARYLAND,"Longsdorf,Genevieve",Zayda Rocke,T1,4,"Rocke,Zayda doubled to deep left field, RBI (3-2 BKBFB); Benson,Matti scored from second base; Woods,Sammi advanced from first base to third base.",2B,1,_2_,BKBFBP,R,R,1,"['Longsdorf,Genevieve']",Away,Home,1__,1.0,0.0,"['0-0', '1-0', '1-1', '2-1', '2-2', '3-2']",1,Double
645387.xml,02/06/2026,BUFF,MARYLAND,"Longsdorf,Genevieve","Murphy,Bailey",T1,5,"Rocke,Zayda advanced to third base on a wild pitch; Woods,Sammi scored on a wild pitch.",,1,___,N/A,,R,1,"['Longsdorf,Genevieve']",Away,Home,_2_,1.0,0.0,['Unknown'],1,N/A
645387.xml,02/06/2026,BUFF,MARYLAND,"Longsdorf,Genevieve","Murphy,Bailey",T1,6,"Murphy,Bailey flew into double play to lf (1-2 FFB); Rocke,Zayda out at HP on the play, lf to c, in a double play.",FDP7,1,___,NFFBP,L,R,0,[],Away,Home,___,3.0,2.0,"['0-0', '0-1', '0-2', '1-2']",1,Out
645387.xml,02/06/2026,MARYLAND,BUFF,"Wiegand,Elisea","vonKolen,Tabitha",B1,7,"vonKolen,Tabitha walked (3-0 BBBB).",BB,0,1__,BBBB,L,R,0,[],Home,Away,___,0.0,0.0,"['0-0', '1-0', '2-0', '3-0']",1,Walk
645387.xml,02/06/2026,MARYLAND,BUFF,"Wiegand,Elisea","Gorman,Emily",B1,8,"Gorman,Emily singled to shallow left field (2-1 BKB); vonKolen,Tabitha advanced to second base.",1B,0,1__,BKBP,R,R,0,[],Home,Away,1__,0.0,0.0,"['0-0', '1-0', '1-1', '2-1']",1,Single
645387.xml,02/06/2026,MARYLAND,BUFF,"Wiegand,Elisea","Delaney,Brianna",B1,9,"Gorman,Emily advanced to second base on a passed ball; vonKolen,Tabitha advanced to third base on a passed ball.",,0,___,N/A,,R,0,[],Home,Away,1__,0.0,0.0,['Unknown'],1,N/A
645387.xml,02/06/2026,MARYLAND,BUFF,"Wiegand,Elisea","Delaney,Brianna",B1,10,"Delaney,Brianna walked (3-2 KBSBBFFB).",BB,0,1__,KBSBBFFB,R,R,0,[],Home,Away,___,0.0,0.0,"['0-0', '0-1', '1-1', '1-2', '2-2', '3-2']",1,Walk
645387.xml,02/06/2026,MARYLAND,BUFF,"Wiegand,Elisea","Allen,Nicole",B1,11,"Allen,Nicole reached on a fielder's choice hit to third base (1-1 BK); vonKolen,Tabitha out at home, 3b to c; Gorman,Emily advanced to third base; Delaney,Brianna advanced to second base.",FC,0,1__,BNKP,L,R,0,[],Home,Away,1__,1.0,1.0,"['0-0', '1-0', '1-1']",1,Fielders Choice
645387.xml,02/06/2026,MARYLAND,BUFF,"Wiegand,Elisea","Nagel,Abbey",B1,12,"Nagel,Abbey sacrifice fly to lf, RBI (2-2 FKBBFF); Gorman,Emily scored; Delaney,Brianna advanced to third base; Allen,Nicole advanced to second base.",SF7,1,___,FKBBFFP,L,R,1,"['Wiegand,Elisea']",Home,Away,1__,2.0,1.0,"['0-0', '0-1', '0-2', '1-2', '2-2']",1,Sacrifice Fly
645387.xml,02/06/2026,MARYLAND,BUFF,"Wiegand,Elisea","Terwilliger,Reagan",B1,13,"Terwilliger,Reagan reached on an error by Benson,Matti (E5) (3-2 BFFBB); Delaney,Brianna scored, unearned; Allen,Nicole advanced to third base.",E5,2,1__,BFFBBP,L,R,1,"['Wiegand,Elisea']",Home,Away,___,2.0,0.0,"['0-0', '1-0', '1-1', '1-2', '2-2', '3-2']",1,Reached on Error
645387.xml,02/06/2026,MARYLAND,BUFF,"Wiegand,Elisea","Smithson,Isabella",B1,14,"Terwilliger,Reagan advanced to second base on a wild pitch; Allen,Nicole scored on a wild pitch, unearned.",,2,___,N/A,,R,1,"['Wiegand,Elisea']",Home,Away,1__,2.0,0.0,['Unknown'],1,N/A
645387.xml,02/06/2026,MARYLAND,BUFF,"Wiegand,Elisea","Smithson,Isabella",B1,15,"Terwilliger,Reagan advanced to third base on a throwing error by Rocke,Zayda (E2).",,2,___,N/A,,R,0,[],Home,Away,___,2.0,0.0,['Unknown'],1,N/A
645387.xml,02/06/2026,MARYLAND,BUFF,"Wiegand,Elisea","Lauck,Lily",B1,16,"Lauck,Lily walked (3-1 KBBBB).",BB,2,1__,KBBBB,L,R,0,[],Home,Away,___,2.0,0.0,"['0-0', '0-1', '1-1', '2-1', '3-1']",1,Walk
645387.xml,02/06/2026,MARYLAND,BUFF,"Wiegand,Elisea","Ellis,Delaney",B1,17,"Ellis,Delaney grounded out to third base, 3b to 1b (1-2 BKFF).",G53,2,___,BKFFP,R,R,0,[],Home,Away,1__,3.0,1.0,"['0-0', '1-0', '1-1', '1-2']",1,Out
645387.xml,02/06/2026,BUFF,MARYLAND,"Longsdorf,Genevieve","Penta,Mariah",T2,18,"Penta,Mariah popped up to second base (0-0).",P4,0,___,P,R,R,0,[],Away,Home,___,1.0,1.0,['0-0'],2,Out
645387.xml,02/06/2026,BUFF,MARYLAND,"Longsdorf,Genevieve","Wilson,Gracie",T2,19,"Wilson,Gracie flied out to rf (0-1 K).",F9,1,___,KP,R,R,0,[],Away,Home,___,2.0,1.0,"['0-0', '0-1']",2,Out
645387.xml,02/06/2026,BUFF,MARYLAND,"Longsdorf,Genevieve","Turner,Logan",T2,20,"Turner,Logan walked (3-0 BBBB).",BB,2,1__,BBBB,R,R,0,[],Away,Home,___,2.0,0.0,"['0-0', '1-0', '2-0', '3-0']",2,Walk
645387.xml,02/06/2026,BUFF,MARYLAND,"Longsdorf,Genevieve","Fox,Caroline",T2,21,"Fox,Caroline doubled to right field (1-0 B); Turner,Logan advanced from first base to third base.",2B,2,_2_,BP,L,R,0,[],Away,Home,1__,2.0,0.0,"['0-0', '1-0']",2,Double
645387.xml,02/06/2026,BUFF,MARYLAND,"Longsdorf,Genevieve","Cornwell,Caitlyn",T2,22,"Cornwell,Caitlyn reached on a fielding error fielding by p by Longsdorf,Genevieve (E1) (0-0).",E1,2,1__,P,L,R,0,[],Away,Home,_2_,2.0,0.0,['0-0'],2,Reached on Error
645387.xml,02/06/2026,BUFF,MARYLAND,"Longsdorf,Genevieve",Matti Benson,T2,23,"Benson,Matti popped up to rf (0-1 F).",P9,2,___,FP,L,R,0,[],Away,Home,1__,3.0,1.0,"['0-0', '0-1']",2,Out
645387.xml,02/06/2026,MARYLAND,BUFF,"Wiegand,Elisea","Thelen,Ava",B2,24,"Thelen,Ava struck out swinging (0-2 KKS).",K,0,___,KKS,R,R,0,[],Home,Away,___,1.0,1.0,"['0-0', '0-1', '0-2']",2,Strikeout
645387.xml,02/06/2026,MARYLAND,BUFF,"Wiegand,Elisea","vonKolen,Tabitha",B2,25,"vonKolen,Tabitha grounded out to short, ss to 1b (0-2 KK).",G63,1,___,KKP,L,R,0,[],Home,Away,___,2.0,1.0,"['0-0', '0-1', '0-2']",2,Out
645387.xml,02/06/2026,MARYLAND,BUFF,"Wiegand,Elisea","Gorman,Emily",B2,26,"Gorman,Emily infield singled to second base (1-2 BFF).",1B,2,1__,BFFP,R,R,0,[],Home,Away,___,2.0,0.0,"['0-0', '1-0', '1-1', '1-2']",2,Single
645387.xml,02/06/2026,MARYLAND,BUFF,"Wiegand,Elisea","Delaney,Brianna",B2,27,"Gorman,Emily stole second base.",,2,___,N/A,,R,0,[],Home,Away,1__,2.0,0.0,['Unknown'],2,N/A
645387.xml,02/06/2026,MARYLAND,BUFF,"Wiegand,Elisea","Delaney,Brianna",B2,28,"Delaney,Brianna popped up to shallow right field putout by 2b (1-2 KBFF).",P4,2,___,KBFFP,R,R,0,[],Home,Away,___,3.0,1.0,"['0-0', '0-1', '1-1', '1-2']",2,Out
645387.xml,02/06/2026,BUFF,MARYLAND,"Longsdorf,Genevieve","Woods,Sammi",T3,29,"Woods,Sammi grounded out to short, ss to 1b (0-0).",G63,0,___,P,R,R,0,[],Away,Home,___,1.0,1.0,['0-0'],3,Out
645387.xml,02/06/2026,BUFF,MARYLAND,"Longsdorf,Genevieve",Zayda Rocke,T3,30,"Rocke,Zayda popped up to shallow center field putout by cf (1-1 FB).",P8,1,___,FBP,R,R,0,[],Away,Home,___,2.0,1.0,"['0-0', '0-1', '1-1']",3,Out
645387.xml,02/06/2026,BUFF,MARYLAND,"Longsdorf,Genevieve","Murphy,Bailey",T3,31,"Murphy,Bailey hit by pitch (2-1 KBB).",HBP,2,1__,KBB,L,R,0,[],Away,Home,___,2.0,0.0,"['0-0', '0-1', '1-1']",3,Out
645387.xml,02/06/2026,BUFF,MARYLAND,"Longsdorf,Genevieve","Penta,Mariah",T3,32,"Penta,Mariah flied out to right center putout by cf (1-0 B).",F8,2,___,BP,R,R,0,[],Away,Home,1__,3.0,1.0,"['0-0', '1-0']",3,Out
645387.xml,02/06/2026,MARYLAND,BUFF,"Wiegand,Elisea","Allen,Nicole",B3,33,"Allen,Nicole reached on a fielding error fielding by cf by Cornwell,Caitlyn (E8) (0-0); Allen,Nicole out at second base, cf to 2b to 1b, runner out trying to reach.",E8,0,1__,P,L,R,0,[],Home,Away,___,1.0,1.0,['0-0'],3,Reached on Error
645387.xml,02/06/2026,MARYLAND,BUFF,"Wiegand,Elisea","Nagel,Abbey",B3,34,"Nagel,Abbey singled up the middle (0-1 F).",1B,1,1__,FP,L,R,0,[],Home,Away,1__,1.0,0.0,"['0-0', '0-1']",3,Single
645387.xml,02/06/2026,MARYLAND,BUFF,"Wiegand,Elisea","Terwilliger,Reagan",B3,35,"Terwilliger,Reagan flied out to lf (0-0).",F7,1,___,P,L,R,0,[],Home,Away,1__,2.0,1.0,['0-0'],3,Out
645387.xml,02/06/2026,MARYLAND,BUFF,"Wiegand,Elisea","Lauck,Lily",B3,36,"Lauck,Lily singled up the middle (2-2 FFBB); Nagel,Abbey advanced to second base.",1B,2,1__,FFBBP,L,R,0,[],Home,Away,___,2.0,0.0,"['0-0', '0-1', '0-2', '1-2', '2-2']",3,Single
645387.xml,02/06/2026,MARYLAND,BUFF,"Wiegand,Elisea","Ellis,Delaney",B3,37,"Ellis,Delaney struck out swinging (1-2 KBSS).",K,2,___,KBSS,R,R,0,[],Home,Away,1__,3.0,1.0,"['0-0', '0-1', '1-1', '1-2']",3,Strikeout
645387.xml,02/06/2026,BUFF,MARYLAND,"Longsdorf,Genevieve","Wilson,Gracie",T4,38,"Wilson,Gracie fouled out to first base (0-0).",FF3,0,___,P,R,R,0,[],Away,Home,___,0.0,0.0,['0-0'],4,Out
645387.xml,02/06/2026,BUFF,MARYLAND,"Longsdorf,Genevieve","Turner,Logan",T4,39,"Turner,Logan grounded out to the pitcher, p to 1b (2-1 BKB).",G13,0,___,BKBP,R,R,0,[],Away,Home,___,2.0,2.0,"['0-0', '1-0', '1-1', '2-1']",4,Out
645387.xml,02/06/2026,BUFF,MARYLAND,"Longsdorf,Genevieve","Fox,Caroline",T4,40,"Fox,Caroline flied out to shallow left field putout by lf (1-0 B).",F7,2,___,BP,L,R,0,[],Away,Home,___,3.0,1.0,"['0-0', '1-0']",4,Out
645387.xml,02/06/2026,MARYLAND,BUFF,"Wiegand,Elisea","Thelen,Ava",B4,41,"Thelen,Ava struck out swinging (1-2 FFFBS).",K,0,___,FFFBS,R,R,0,[],Home,Away,___,1.0,1.0,"['0-0', '0-1', '0-2', '1-2']",4,Strikeout
645387.xml,02/06/2026,MARYLAND,BUFF,"Wiegand,Elisea","vonKolen,Tabitha",B4,42,"vonKolen,Tabitha struck out looking (1-2 KBFFK).",K,1,___,KBFFK,L,R,0,[],Home,Away,___,2.0,1.0,"['0-0', '0-1', '1-1', '1-2']",4,Strikeout
645387.xml,02/06/2026,MARYLAND,BUFF,"Wiegand,Elisea","Gorman,Emily",B4,43,"Gorman,Emily singled to right center (0-1 K).",1B,2,1__,KP,R,R,0,[],Home,Away,___,2.0,0.0,"['0-0', '0-1']",4,Single
645387.xml,02/06/2026,MARYLAND,BUFF,"Wiegand,Elisea","Delaney,Brianna",B4,44,"Delaney,Brianna popped up to second base (1-0 B).",P4,2,___,BP,R,R,0,[],Home,Away,1__,3.0,1.0,"['0-0', '1-0']",4,Out
645387.xml,02/06/2026,BUFF,MARYLAND,"Longsdorf,Genevieve","Cornwell,Caitlyn",T5,45,"Cornwell,Caitlyn walked (3-1 BKBBB).",BB,0,1__,BKBBB,L,R,0,[],Away,Home,___,0.0,0.0,"['0-0', '1-0', '1-1', '2-1', '3-1']",5,Walk
645387.xml,02/06/2026,BUFF,MARYLAND,"Longsdorf,Genevieve",Matti Benson,T5,46,"Cornwell,Caitlyn out at first base, 1b unassisted, runner left early.",,0,___,N/A,,R,0,[],Away,Home,1__,1.0,1.0,['Unknown'],5,N/A
645387.xml,02/06/2026,BUFF,MARYLAND,"Longsdorf,Genevieve",Matti Benson,T5,47,"Benson,Matti doubled to left center (0-1 F).",2B,1,_2_,FP,L,R,0,[],Away,Home,___,1.0,0.0,"['0-0', '0-1']",5,Double
645387.xml,02/06/2026,BUFF,MARYLAND,"Watters,Emily","Woods,Sammi",T5,49,"Woods,Sammi grounded out to short, ss to 1b (0-1 F); Benson,Matti advanced to third base.",G63,1,___,FP,R,R,0,[],Away,Home,_2_,2.0,1.0,"['0-0', '0-1']",5,Out
645387.xml,02/06/2026,BUFF,MARYLAND,"Watters,Emily",Zayda Rocke,T5,50,"Rocke,Zayda lined out to 1b (2-0 BB).",L3,2,___,BBP,R,R,0,[],Away,Home,___,3.0,1.0,"['0-0', '1-0', '2-0']",5,Out
645387.xml,02/06/2026,MARYLAND,BUFF,"Olensky,Caitlin","Allen,Nicole",B5,52,"Allen,Nicole singled to shallow right field (2-2 KBBF).",1B,0,1__,KBBFP,L,L,0,[],Home,Away,___,0.0,0.0,"['0-0', '0-1', '1-1', '2-1', '2-2']",5,Single
645387.xml,02/06/2026,MARYLAND,BUFF,"Olensky,Caitlin","Nagel,Abbey",B5,53,"Nagel,Abbey struck out swinging (1-2 FFBFS).",K,0,___,FFBFS,L,L,0,[],Home,Away,1__,1.0,1.0,"['0-0', '0-1', '0-2', '1-2']",5,Strikeout
645387.xml,02/06/2026,MARYLAND,BUFF,"Olensky,Caitlin","Terwilliger,Reagan",B5,54,"Terwilliger,Reagan reached on a fielder's choice hit to second base (1-1 BF); Allen,Nicole advanced to second base on a throwing error by Fox,Caroline (E4).",FC,1,1__,BFP,L,L,0,[],Home,Away,___,1.0,0.0,"['0-0', '1-0', '1-1']",5,Fielders Choice
645387.xml,02/06/2026,MARYLAND,BUFF,"Olensky,Caitlin","Lauck,Lily",B5,55,"Lauck,Lily walked (3-2 KBSBBB); Allen,Nicole advanced to third base; Terwilliger,Reagan advanced to second base.",BB,1,1__,KBSBBB,L,L,0,[],Home,Away,1__,1.0,0.0,"['0-0', '0-1', '1-1', '1-2', '2-2', '3-2']",5,Walk
645387.xml,02/06/2026,MARYLAND,BUFF,"Olensky,Caitlin","Hopf,Ardyn",B5,58,"Hopf,Ardyn popped up to second base (1-2 FFB).",P4,1,___,FFBP,R,L,0,[],Home,Away,1__,2.0,1.0,"['0-0', '0-1', '0-2', '1-2']",5,Out
645387.xml,02/06/2026,MARYLAND,BUFF,"Olensky,Caitlin","Dailor,Kate",B5,60,"Dailor,Kate popped up to first base (0-0).",P3,2,___,P,R,L,0,[],Home,Away,___,3.0,1.0,['0-0'],5,Out
645387.xml,02/06/2026,BUFF,MARYLAND,"Watters,Emily","Murphy,Bailey",T6,65,"Murphy,Bailey grounded out to first base, p to 1b (2-2 BFFB).",G13,0,___,BFFBP,L,R,0,[],Away,Home,___,1.0,1.0,"['0-0', '1-0', '1-1', '1-2', '2-2']",6,Out
645387.xml,02/06/2026,BUFF,MARYLAND,"Watters,Emily","Penta,Mariah",T6,66,"Penta,Mariah singled to short (0-0).",1B,1,1__,P,R,R,0,[],Away,Home,___,1.0,0.0,['0-0'],6,Single
645387.xml,02/06/2026,BUFF,MARYLAND,"Watters,Emily","Wilson,Gracie",T6,68,"Wilson,Gracie lined out to first base (0-0).",L3,1,___,P,R,R,0,[],Away,Home,1__,2.0,1.0,['0-0'],6,Out
645387.xml,02/06/2026,BUFF,MARYLAND,"Watters,Emily","Turner,Logan",T6,69,"Turner,Logan singled to left field (0-1 K); Caye,Lauren advanced to second base.",1B,2,1__,KP,R,R,0,[],Away,Home,___,0.0,0.0,"['0-0', '0-1']",6,Single
645387.xml,02/06/2026,BUFF,MARYLAND,"Watters,Emily","Fox,Caroline",T6,71,"Fox,Caroline grounded out to third base, 3b to 1b (0-0).",G53,0,___,P,L,R,0,[],Away,Home,1__,1.0,1.0,['0-0'],6,Out
645387.xml,02/06/2026,MARYLAND,BUFF,"Olensky,Caitlin","vonKolen,Tabitha",B6,74,"vonKolen,Tabitha grounded out to first base, unassisted (2-1 SBB).",G3,0,___,SBBP,L,L,0,[],Home,Away,___,1.0,1.0,"['0-0', '0-1', '1-1', '2-1']",6,Out
645387.xml,02/06/2026,MARYLAND,BUFF,"Olensky,Caitlin","Gorman,Emily",B6,75,"Gorman,Emily walked (3-2 SBSBBFFB).",BB,1,1__,SBSBBFFB,R,L,0,[],Home,Away,___,1.0,0.0,"['0-0', '0-1', '1-1', '1-2', '2-2', '3-2']",6,Walk
645387.xml,02/06/2026,MARYLAND,BUFF,"Olensky,Caitlin","Delaney,Brianna",B6,76,"Delaney,Brianna struck out looking (1-2 BKFK).",K,1,___,BKFK,R,L,0,[],Home,Away,1__,2.0,1.0,"['0-0', '1-0', '1-1', '1-2']",6,Strikeout
645387.xml,02/06/2026,MARYLAND,BUFF,"Olensky,Caitlin","Allen,Nicole",B6,77,"Allen,Nicole singled to shallow left field (1-2 KBF); Gorman,Emily advanced to second base.",1B,2,1__,KBFP,L,L,0,[],Home,Away,___,2.0,0.0,"['0-0', '0-1', '1-1', '1-2']",6,Single
645387.xml,02/06/2026,MARYLAND,BUFF,"Olensky,Caitlin","Nagel,Abbey",B6,78,"Nagel,Abbey struck out looking (2-2 FBFBK).",K,2,___,FBFBK,L,L,0,[],Home,Away,1__,3.0,1.0,"['0-0', '0-1', '1-1', '1-2', '2-2']",6,Strikeout
645387.xml,02/06/2026,BUFF,MARYLAND,"Watters,Emily","Cornwell,Caitlyn",T7,79,"Cornwell,Caitlyn infield singled to short (1-0 B).",1B,0,1__,BP,L,R,0,[],Away,Home,___,0.0,0.0,"['0-0', '1-0']",7,Single
645387.xml,02/06/2026,BUFF,MARYLAND,"Watters,Emily",Matti Benson,T7,80,"Benson,Matti infield singled to the pitcher's mound (0-1 K); Cornwell,Caitlyn advanced to second base.",1B,0,1__,KP,L,R,0,[],Away,Home,1__,0.0,0.0,"['0-0', '0-1']",7,Single
645387.xml,02/06/2026,BUFF,MARYLAND,"Watters,Emily","Woods,Sammi",T7,81,"Woods,Sammi sacrifice bunt to third base, 3b to 1b (1-1 BF); Cornwell,Caitlyn advanced to third base; Benson,Matti advanced to second base.",SH53,0,___,BFP,R,R,0,[],Away,Home,1__,1.0,1.0,"['0-0', '1-0', '1-1']",7,Sacrifice Hit
645387.xml,02/06/2026,BUFF,MARYLAND,"Watters,Emily",Zayda Rocke,T7,82,"Rocke,Zayda reached on a fielder's choice hit to short, RBI (0-2 KF); Cornwell,Caitlyn scored; Benson,Matti advanced to third base.",FC,1,1__,KFP,R,R,1,"['Watters,Emily']",Away,Home,___,1.0,0.0,"['0-0', '0-1', '0-2']",7,Fielders Choice
645387.xml,02/06/2026,BUFF,MARYLAND,"Watters,Emily","Murphy,Bailey",T7,84,"Murphy,Bailey singled to left field, RBI (0-0); Benson,Matti scored; Williams,Jaylee advanced from first base to third base; Murphy,Bailey advanced to second base.",1B,1,1__,P,L,R,1,"['Watters,Emily']",Away,Home,1__,1.0,0.0,['0-0'],7,Single
645387.xml,02/06/2026,BUFF,MARYLAND,"Watters,Emily","Penta,Mariah",T7,85,"Penta,Mariah singled through the left side of the infield, RBI (0-0); Williams,Jaylee scored; Murphy,Bailey advanced to third base.",1B,1,1__,P,R,R,1,"['Watters,Emily']",Away,Home,1__,1.0,0.0,['0-0'],7,Single
645387.xml,02/06/2026,BUFF,MARYLAND,"Watters,Emily","Wilson,Gracie",T7,86,"Wilson,Gracie singled through the right side of the infield, RBI (2-2 BFKBF); Murphy,Bailey scored; Penta,Mariah advanced to second base.",1B,1,1__,BFKBFP,R,R,1,"['Watters,Emily']",Away,Home,1__,1.0,0.0,"['0-0', '1-0', '1-1', '1-2', '2-2']",7,Single
645387.xml,02/06/2026,BUFF,MARYLAND,"Russ,Olivia","Turner,Logan",T7,88,"Turner,Logan infield singled to the pitcher's mound (0-0); Penta,Mariah advanced to third base; Wilson,Gracie advanced to second base.",1B,1,1__,P,R,R,0,[],Away,Home,1__,1.0,0.0,['0-0'],7,Single
645387.xml,02/06/2026,BUFF,MARYLAND,"Russ,Olivia","Fox,Caroline",T7,90,"Fox,Caroline reached on a fielding error fielding by 2b by Ellis,Delaney (E4), RBI (2-1 BSB); Penta,Mariah scored, unearned; Wilson,Gracie scored from second base, unearned; Solarz,Gracelyn advanced to second base.",E4,1,1__,BSBP,L,R,2,"['Russ,Olivia', 'Russ,Olivia']",Away,Home,1__,1.0,0.0,"['0-0', '1-0', '1-1', '2-1']",7,Reached on Error
645387.xml,02/06/2026,BUFF,MARYLAND,"Russ,Olivia","Cornwell,Caitlyn",T7,91,"Cornwell,Caitlyn flied out to cf (0-1 S).",F8,1,___,SP,L,R,0,[],Away,Home,1__,2.0,1.0,"['0-0', '0-1']",7,Out
645387.xml,02/06/2026,BUFF,MARYLAND,"Russ,Olivia",Matti Benson,T7,92,"Benson,Matti doubled to right field, 2RBI (0-0); Solarz,Gracelyn scored from second base, unearned; Fox,Caroline scored from first base, unearned.",2B,2,_2_,P,L,R,2,"['Russ,Olivia', 'Russ,Olivia']",Away,Home,___,2.0,0.0,['0-0'],7,Double
645387.xml,02/06/2026,BUFF,MARYLAND,"Russ,Olivia","Woods,Sammi",T7,93,"Woods,Sammi walked (3-0 BBBB).",BB,2,1__,BBBB,R,R,0,[],Away,Home,_2_,2.0,0.0,"['0-0', '1-0', '2-0', '3-0']",7,Walk
645387.xml,02/06/2026,BUFF,MARYLAND,"Russ,Olivia",Zayda Rocke,T7,95,"Rocke,Zayda walked (3-2 BKFBBB); Benson,Matti advanced to third base; Woods,Sammi advanced to second base.",BB,2,1__,BKFBBB,R,R,0,[],Away,Home,1__,2.0,0.0,"['0-0', '1-0', '1-1', '1-2', '2-2', '3-2']",7,Walk
645387.xml,02/06/2026,BUFF,MARYLAND,"Russ,Olivia","McGowan,Anna",T7,97,"McGowan,Anna flied out to cf (1-1 BF).",F8,2,___,BFP,R,R,0,[],Away,Home,1__,3.0,1.0,"['0-0', '1-0', '1-1']",7,Out
645387.xml,02/06/2026,MARYLAND,BUFF,"Olensky,Caitlin","Terwilliger,Reagan",B7,100,"Terwilliger,Reagan infield singled to second base (2-2 FBBK).",1B,0,1__,FBBKP,L,L,0,[],Home,Away,___,0.0,0.0,"['0-0', '0-1', '1-1', '2-1', '2-2']",7,Single
645387.xml,02/06/2026,MARYLAND,BUFF,"Olensky,Caitlin","Smithson,Isabella",B7,101,"Smithson,Isabella grounded out to third base, 3b to 1b (1-0 B); Terwilliger,Reagan advanced to second base.",G53,0,___,BP,R,L,0,[],Home,Away,1__,1.0,1.0,"['0-0', '1-0']",7,Out
645387.xml,02/06/2026,MARYLAND,BUFF,"Olensky,Caitlin","Ellis,Delaney",B7,102,"Ellis,Delaney walked (3-2 BBBKFB).",BB,1,1__,BBBKFB,R,L,0,[],Home,Away,___,1.0,0.0,"['0-0', '1-0', '2-0', '3-0', '3-1', '3-2']",7,Walk
645387.xml,02/06/2026,MARYLAND,BUFF,"Olensky,Caitlin","Thelen,Ava",B7,103,"Ellis,Delaney advanced to second base on a wild pitch; Terwilliger,Reagan advanced to third base on a wild pitch.",,1,___,N/A,,L,0,[],Home,Away,1__,1.0,0.0,['Unknown'],7,N/A
645387.xml,02/06/2026,MARYLAND,BUFF,"Olensky,Caitlin","Thelen,Ava",B7,104,"Thelen,Ava popped up to second base (3-2 FBBKFFB).",P4,1,___,FBBKFFBP,R,L,0,[],Home,Away,___,2.0,1.0,"['0-0', '0-1', '1-1', '2-1', '2-2', '3-2']",7,Out
645387.xml,02/06/2026,MARYLAND,BUFF,"Olensky,Caitlin","vonKolen,Tabitha",B7,105,"vonKolen,Tabitha struck out looking (0-2 FSK).",K,2,___,FSK,L,L,0,[],Home,Away,___,3.0,1.0,"['0-0', '0-1', '0-2']",7,Strikeout
641568.xml,02/07/2026,UCF,MARYLAND,"Stuewe,Ava","Cornwell,Caitlyn",T1,1,"Cornwell,Caitlyn walked (3-2 BKBFBFFB).",BB,0,1__,BKBFBFFB,L,R,0,[],Away,Home,___,0.0,0.0,"['0-0', '1-0', '1-1', '2-1', '2-2', '3-2']",1,Walk
641568.xml,02/07/2026,UCF,MARYLAND,"Stuewe,Ava","Woods,Sammi",T1,2,"Woods,Sammi reached on a fielding error fielding by 3b by Jaimes,Coco (E5) (2-2 BKKBF); Cornwell,Caitlyn advanced to second base.",E5,0,1__,BKKBFP,R,R,0,[],Away,Home,1__,0.0,0.0,"['0-0', '1-0', '1-1', '1-2', '2-2']",1,Reached on Error
641568.xml,02/07/2026,UCF,MARYLAND,"Stuewe,Ava",Matti Benson,T1,3,"Benson,Matti lined out to third base (1-2 FBF).",L5,0,___,FBFP,L,R,0,[],Away,Home,1__,1.0,1.0,"['0-0', '0-1', '1-1', '1-2']",1,Out
641568.xml,02/07/2026,UCF,MARYLAND,"Stuewe,Ava",Zayda Rocke,T1,4,"Rocke,Zayda singled through the left side of the infield (0-1 K); Cornwell,Caitlyn advanced to third base; Woods,Sammi advanced to second base.",1B,1,1__,KP,R,R,0,[],Away,Home,___,1.0,0.0,"['0-0', '0-1']",1,Single
641568.xml,02/07/2026,UCF,MARYLAND,"Stuewe,Ava","Murphy,Bailey",T1,5,"Murphy,Bailey reached on a fielding error fielding by p by Stuewe,Ava (E1) (3-2 BSBBF); Cornwell,Caitlyn scored, unearned; Woods,Sammi advanced to third base; Rocke,Zayda advanced to second base.",E1,1,1__,BSBBFP,L,R,1,"['Stuewe,Ava']",Away,Home,1__,1.0,0.0,"['0-0', '1-0', '1-1', '2-1', '3-1', '3-2']",1,Reached on Error
641568.xml,02/07/2026,UCF,MARYLAND,"Stuewe,Ava","Penta,Mariah",T1,6,"Penta,Mariah singled down the left field line, 2RBI (0-0); Woods,Sammi scored, unearned; Rocke,Zayda scored from second base, unearned; Murphy,Bailey advanced to second base.",1B,1,1__,P,R,R,2,"['Stuewe,Ava', 'Stuewe,Ava']",Away,Home,1__,1.0,0.0,['0-0'],1,Single
641568.xml,02/07/2026,UCF,MARYLAND,"Stuewe,Ava","Wilson,Gracie",T1,7,"Wilson,Gracie grounded out to the pitcher, p to 1b (1-0 B); Murphy,Bailey advanced to third base; Penta,Mariah advanced to second base.",G13,1,___,BP,R,R,0,[],Away,Home,1__,2.0,1.0,"['0-0', '1-0']",1,Out
641568.xml,02/07/2026,UCF,MARYLAND,"Stuewe,Ava","McGowan,Anna",T1,8,"McGowan,Anna singled to short, RBI (1-1 SB); Murphy,Bailey scored, unearned; Penta,Mariah advanced to third base.",1B,2,1__,SBP,R,R,1,"['Stuewe,Ava']",Away,Home,___,2.0,0.0,"['0-0', '0-1', '1-1']",1,Single
641568.xml,02/07/2026,UCF,MARYLAND,"Dempsey,Hildie","Fox,Caroline",T1,10,"Fox,Caroline flied out to lf (0-1 K).",F7,2,___,KP,L,L,0,[],Away,Home,1__,3.0,1.0,"['0-0', '0-1']",1,Out
641568.xml,02/07/2026,MARYLAND,UCF,"Wurst,Aubrey","Jaimes,Coco",B1,11,"Jaimes,Coco walked (3-2 KBBKBB).",BB,0,1__,KBBKBB,L,R,0,[],Home,Away,___,0.0,0.0,"['0-0', '0-1', '1-1', '2-1', '2-2', '3-2']",1,Walk
641568.xml,02/07/2026,MARYLAND,UCF,"Wurst,Aubrey","Evans,Aubrey",B1,12,"Evans,Aubrey homered to deep left field, 2RBI (1-2 KBK); Jaimes,Coco scored from first base.",HR,0,___,KBKP,R,R,2,"['Wurst,Aubrey', 'Wurst,Aubrey']",Home,Away,1__,0.0,0.0,"['0-0', '0-1', '1-1', '1-2']",1,Home Run
641568.xml,02/07/2026,MARYLAND,UCF,"Wurst,Aubrey","Mertes,Izzy",B1,13,"Mertes,Izzy flied out to right center putout by rf (1-0 B).",F9,0,___,BP,R,R,0,[],Home,Away,___,1.0,1.0,"['0-0', '1-0']",1,Out
641568.xml,02/07/2026,MARYLAND,UCF,"Wurst,Aubrey","Griffin,Ashleigh",B1,14,"Griffin,Ashleigh flied out to cf (3-2 FBSFBBF).",F8,1,___,FBSFBBFP,R,R,0,[],Home,Away,___,2.0,1.0,"['0-0', '0-1', '1-1', '1-2', '2-2', '3-2']",1,Out
641568.xml,02/07/2026,MARYLAND,UCF,"Wurst,Aubrey","Humphreys,Sierra",B1,15,"Humphreys,Sierra singled to center field (0-1 K).",1B,2,1__,KP,R,R,0,[],Home,Away,___,2.0,0.0,"['0-0', '0-1']",1,Single
641568.xml,02/07/2026,MARYLAND,UCF,"Wurst,Aubrey","Yarnell,Kendall",B1,16,"Yarnell,Kendall walked (3-0 BBBB); Humphreys,Sierra advanced to second base.",BB,2,1__,BBBB,R,R,0,[],Home,Away,1__,2.0,0.0,"['0-0', '1-0', '2-0', '3-0']",1,Walk
641568.xml,02/07/2026,MARYLAND,UCF,"Wurst,Aubrey","Damon,Beth",B1,18,"Penner,CarleyJo advanced to second base on a passed ball; Humphreys,Sierra advanced to third base on a passed ball.",,2,___,N/A,,R,0,[],Home,Away,1__,2.0,0.0,['Unknown'],1,N/A
641568.xml,02/07/2026,MARYLAND,UCF,"Wurst,Aubrey","Damon,Beth",B1,19,"Damon,Beth popped up to second base (2-2 SBFB).",P4,2,___,SBFBP,R,R,0,[],Home,Away,___,3.0,1.0,"['0-0', '0-1', '1-1', '1-2', '2-2']",1,Out
641568.xml,02/07/2026,UCF,MARYLAND,"Dempsey,Hildie","Cornwell,Caitlyn",T2,22,"Cornwell,Caitlyn grounded out to the pitcher, p to 1b (0-0).",G13,0,___,P,L,L,0,[],Away,Home,___,1.0,1.0,['0-0'],2,Out
641568.xml,02/07/2026,UCF,MARYLAND,"Dempsey,Hildie","Woods,Sammi",T2,23,"Woods,Sammi walked (3-0 BBBB).",BB,1,1__,BBBB,R,L,0,[],Away,Home,___,1.0,0.0,"['0-0', '1-0', '2-0', '3-0']",2,Walk
641568.xml,02/07/2026,UCF,MARYLAND,"Dempsey,Hildie",Matti Benson,T2,24,"Benson,Matti lined into double play to second base (1-0 B); Woods,Sammi out at 1B on the play, 2b to 1b, in a double play.",LDP4,1,___,BP,L,L,0,[],Away,Home,1__,3.0,2.0,"['0-0', '1-0']",2,Out
641568.xml,02/07/2026,MARYLAND,UCF,"Wurst,Aubrey","Calvez,Zoe",B2,25,"Calvez,Zoe singled to shallow left field (3-2 KBFBB).",1B,0,1__,KBFBBP,L,R,0,[],Home,Away,___,0.0,0.0,"['0-0', '0-1', '1-1', '1-2', '2-2', '3-2']",2,Single
641568.xml,02/07/2026,MARYLAND,UCF,"Wurst,Aubrey","Washington,Destiny",B2,26,"Washington,Destiny reached on a fielder's choice hit to third base (0-2 KS); Calvez,Zoe out at second base, 3b to 2b.",FC,0,1__,KSP,L,R,0,[],Home,Away,1__,1.0,1.0,"['0-0', '0-1', '0-2']",2,Fielders Choice
641568.xml,02/07/2026,MARYLAND,UCF,"Wurst,Aubrey","Jaimes,Coco",B2,27,"Jaimes,Coco reached on a fielder's choice hit to short (1-1 KB); Washington,Destiny out at second base, ss to 2b.",FC,1,1__,KBP,L,R,0,[],Home,Away,1__,2.0,1.0,"['0-0', '0-1', '1-1']",2,Fielders Choice
641568.xml,02/07/2026,MARYLAND,UCF,"Wurst,Aubrey","Evans,Aubrey",B2,28,"Jaimes,Coco advanced to second base on a wild pitch.",,2,___,N/A,,R,0,[],Home,Away,1__,2.0,0.0,['Unknown'],2,N/A
641568.xml,02/07/2026,MARYLAND,UCF,"Wurst,Aubrey","Evans,Aubrey",B2,29,"Evans,Aubrey walked (3-0 BBBB).",BB,2,1__,BBBB,R,R,0,[],Home,Away,___,2.0,0.0,"['0-0', '1-0', '2-0', '3-0']",2,Walk
641568.xml,02/07/2026,MARYLAND,UCF,"Wurst,Aubrey","Mertes,Izzy",B2,30,"Mertes,Izzy reached on a fielding error fielding by 2b by Fox,Caroline (E4) (0-2 KF); Jaimes,Coco scored from second base, unearned; Evans,Aubrey advanced from first base to third base.",E4,2,1__,KFP,R,R,1,"['Wurst,Aubrey']",Home,Away,1__,2.0,0.0,"['0-0', '0-1', '0-2']",2,Reached on Error
641568.xml,02/07/2026,MARYLAND,UCF,"Wurst,Aubrey","Griffin,Ashleigh",B2,32,"Birkenstock,Kalista stole second base.",,2,___,N/A,,R,0,[],Home,Away,1__,2.0,0.0,['Unknown'],2,N/A
641568.xml,02/07/2026,MARYLAND,UCF,"Wurst,Aubrey","Griffin,Ashleigh",B2,33,"Griffin,Ashleigh struck out looking (2-2 BBFKK).",K,2,___,BBFKK,R,R,0,[],Home,Away,___,3.0,1.0,"['0-0', '1-0', '2-0', '2-1', '2-2']",2,Strikeout
641568.xml,02/07/2026,UCF,MARYLAND,"Dempsey,Hildie",Zayda Rocke,T3,36,"Rocke,Zayda hit by pitch (2-0 BB).",HBP,0,1__,BB,R,L,0,[],Away,Home,___,0.0,0.0,"['0-0', '1-0']",3,Out
641568.xml,02/07/2026,UCF,MARYLAND,"Dempsey,Hildie","Murphy,Bailey",T3,38,"Murphy,Bailey singled to left field (2-1 FBB); Rocke,Zayda advanced to second base.",1B,0,1__,FBBP,L,L,0,[],Away,Home,1__,0.0,0.0,"['0-0', '0-1', '1-1', '2-1']",3,Single
641568.xml,02/07/2026,UCF,MARYLAND,"Elkins,Lena","Penta,Mariah",T3,40,"Penta,Mariah struck out swinging (3-2 FBBBKS).",K,0,___,FBBBKS,R,R,0,[],Away,Home,1__,1.0,1.0,"['0-0', '0-1', '1-1', '2-1', '3-1', '3-2']",3,Strikeout
641568.xml,02/07/2026,UCF,MARYLAND,"Elkins,Lena","Wilson,Gracie",T3,41,"Wilson,Gracie struck out swinging (1-2 KBKS).",K,1,___,KBKS,R,R,0,[],Away,Home,___,2.0,1.0,"['0-0', '0-1', '1-1', '1-2']",3,Strikeout
641568.xml,02/07/2026,UCF,MARYLAND,"Elkins,Lena","McGowan,Anna",T3,42,"Murphy,Bailey advanced to second base on a wild pitch; Rocke,Zayda advanced to third base on a wild pitch.",,2,___,N/A,,R,0,[],Away,Home,___,2.0,0.0,['Unknown'],3,N/A
641568.xml,02/07/2026,UCF,MARYLAND,"Elkins,Lena","McGowan,Anna",T3,43,"McGowan,Anna walked (3-0 BBBB).",BB,2,1__,BBBB,R,R,0,[],Away,Home,___,2.0,0.0,"['0-0', '1-0', '2-0', '3-0']",3,Walk
641568.xml,02/07/2026,UCF,MARYLAND,"Elkins,Lena","Fox,Caroline",T3,44,"Fox,Caroline doubled to left center, 2RBI (1-0 B); Rocke,Zayda scored; Murphy,Bailey scored from second base; McGowan,Anna advanced from first base to third base.",2B,2,_2_,BP,L,R,2,"['Elkins,Lena', 'Elkins,Lena']",Away,Home,1__,2.0,0.0,"['0-0', '1-0']",3,Double
641568.xml,02/07/2026,UCF,MARYLAND,"Elkins,Lena","Cornwell,Caitlyn",T3,45,"Cornwell,Caitlyn hit by pitch (3-0 BBB).",HBP,2,1__,BBB,L,R,0,[],Away,Home,_2_,2.0,0.0,"['0-0', '1-0', '2-0']",3,Out
641568.xml,02/07/2026,UCF,MARYLAND,"Elkins,Lena","Woods,Sammi",T3,46,"Woods,Sammi grounded out to second base, 2b to 1b (0-1 K).",G43,2,___,KP,R,R,0,[],Away,Home,1__,3.0,1.0,"['0-0', '0-1']",3,Out
641568.xml,02/07/2026,MARYLAND,UCF,"Wurst,Aubrey","Humphreys,Sierra",B3,48,"Humphreys,Sierra walked (3-1 BBKBB).",BB,0,1__,BBKBB,R,R,0,[],Home,Away,___,0.0,0.0,"['0-0', '1-0', '2-0', '2-1', '3-1']",3,Walk
641568.xml,02/07/2026,MARYLAND,UCF,"Wurst,Aubrey","Jaimes,Coco",B3,51,"Humphreys,Sierra stole second base.",,0,___,N/A,,R,0,[],Home,Away,1__,0.0,0.0,['Unknown'],3,N/A
641568.xml,02/07/2026,MARYLAND,UCF,"Wurst,Aubrey","Yarnell,Kendall",B3,52,"Yarnell,Kendall popped up to third base (3-2 BBBKK).",P5,0,___,BBBKKP,R,R,0,[],Home,Away,___,1.0,1.0,"['0-0', '1-0', '2-0', '3-0', '3-1', '3-2']",3,Out
641568.xml,02/07/2026,MARYLAND,UCF,"Wurst,Aubrey","Damon,Beth",B3,53,"Damon,Beth homered to deep left field, 2RBI (3-2 BKBBK); Humphreys,Sierra scored from second base.",HR,1,___,BKBBKP,R,R,2,"['Wurst,Aubrey', 'Wurst,Aubrey']",Home,Away,___,1.0,0.0,"['0-0', '1-0', '1-1', '2-1', '3-1', '3-2']",3,Home Run
641568.xml,02/07/2026,MARYLAND,UCF,"Wurst,Aubrey","Calvez,Zoe",B3,54,"Calvez,Zoe infield singled to short (2-1 FBB).",1B,1,1__,FBBP,L,R,0,[],Home,Away,___,1.0,0.0,"['0-0', '0-1', '1-1', '2-1']",3,Single
641568.xml,02/07/2026,MARYLAND,UCF,"Wurst,Aubrey","Rey,Samantha",B3,55,"Calvez,Zoe stole second base.",,1,___,N/A,,R,0,[],Home,Away,1__,1.0,0.0,['Unknown'],3,N/A
641568.xml,02/07/2026,MARYLAND,UCF,"Wurst,Aubrey","Washington,Destiny",B3,56,"Washington,Destiny singled to center field, RBI (0-2 KFF); Calvez,Zoe scored from second base.",1B,1,1__,KFFP,L,R,1,"['Wurst,Aubrey']",Home,Away,___,1.0,0.0,"['0-0', '0-1', '0-2']",3,Single
641568.xml,02/07/2026,MARYLAND,UCF,"Wurst,Aubrey","Jaimes,Coco",B3,58,"Jaimes,Coco grounded out to the pitcher, p to 1b (1-1 KB); Rey,Samantha advanced to second base.",G13,1,___,KBP,L,R,0,[],Home,Away,1__,2.0,1.0,"['0-0', '0-1', '1-1']",3,Out
641568.xml,02/07/2026,MARYLAND,UCF,"Wurst,Aubrey","Evans,Aubrey",B3,59,"Evans,Aubrey flied out to rf (1-2 KBFF).",F9,2,___,KBFFP,R,R,0,[],Home,Away,___,3.0,1.0,"['0-0', '0-1', '1-1', '1-2']",3,Out
641568.xml,02/07/2026,UCF,MARYLAND,"Elkins,Lena",Matti Benson,T4,62,"Benson,Matti walked (3-2 BBBKKFB).",BB,0,1__,BBBKKFB,L,R,0,[],Away,Home,___,0.0,0.0,"['0-0', '1-0', '2-0', '3-0', '3-1', '3-2']",4,Walk
641568.xml,02/07/2026,UCF,MARYLAND,"Elkins,Lena",Zayda Rocke,T4,63,"Rocke,Zayda popped up to shallow left field putout by ss (3-2 BFKBB).",P6,0,___,BFKBBP,R,R,0,[],Away,Home,1__,1.0,1.0,"['0-0', '1-0', '1-1', '1-2', '2-2', '3-2']",4,Out
641568.xml,02/07/2026,UCF,MARYLAND,"Vega,Isabella","Murphy,Bailey",T4,65,"Murphy,Bailey walked (3-0 BBBB); Benson,Matti advanced to second base.",BB,1,1__,BBBB,L,R,0,[],Away,Home,___,1.0,0.0,"['0-0', '1-0', '2-0', '3-0']",4,Walk
641568.xml,02/07/2026,UCF,MARYLAND,"Vega,Isabella","Penta,Mariah",T4,66,"Murphy,Bailey advanced to second base on a wild pitch; Benson,Matti advanced to third base on a wild pitch.",,1,___,N/A,,R,0,[],Away,Home,1__,1.0,0.0,['Unknown'],4,N/A
641568.xml,02/07/2026,UCF,MARYLAND,"Vega,Isabella","Penta,Mariah",T4,67,"Penta,Mariah hit by pitch (2-0 BB).",HBP,1,1__,BB,R,R,0,[],Away,Home,___,1.0,0.0,"['0-0', '1-0']",4,Out
641568.xml,02/07/2026,UCF,MARYLAND,"Vega,Isabella","Wilson,Gracie",T4,68,"Wilson,Gracie struck out looking (2-2 SBBSK).",K,1,___,SBBSK,R,R,0,[],Away,Home,1__,2.0,1.0,"['0-0', '0-1', '1-1', '2-1', '2-2']",4,Strikeout
641568.xml,02/07/2026,UCF,MARYLAND,"Vega,Isabella","McGowan,Anna",T4,69,"McGowan,Anna walked, RBI (3-2 KBBFFFBB); Benson,Matti scored; Murphy,Bailey advanced to third base; Penta,Mariah advanced to second base.",BB,2,1__,KBBFFFBB,R,R,1,"['Vega,Isabella']",Away,Home,___,2.0,0.0,"['0-0', '0-1', '1-1', '2-1', '2-2', '3-2']",4,Walk
641568.xml,02/07/2026,UCF,MARYLAND,"Vega,Isabella","Fox,Caroline",T4,71,"Fox,Caroline struck out swinging (1-2 BFFS).",K,2,___,BFFS,L,R,0,[],Away,Home,1__,3.0,1.0,"['0-0', '1-0', '1-1', '1-2']",4,Strikeout
641568.xml,02/07/2026,MARYLAND,UCF,"Wurst,Aubrey","Mertes,Izzy",B4,74,"Mertes,Izzy walked (3-1 BKBBB).",BB,0,1__,BKBBB,R,R,0,[],Home,Away,___,0.0,0.0,"['0-0', '1-0', '1-1', '2-1', '3-1']",4,Walk
641568.xml,02/07/2026,MARYLAND,UCF,"Wurst,Aubrey","Griffin,Ashleigh",B4,75,"Griffin,Ashleigh reached on a fielder's choice hit to short (3-2 BBBKK); Mertes,Izzy advanced to second base.",FC,0,1__,BBBKKP,R,R,0,[],Home,Away,1__,0.0,0.0,"['0-0', '1-0', '2-0', '3-0', '3-1', '3-2']",4,Fielders Choice
641568.xml,02/07/2026,MARYLAND,UCF,"Wurst,Aubrey","Humphreys,Sierra",B4,76,"Humphreys,Sierra walked (3-2 BBKBKB); Mertes,Izzy advanced to third base; Griffin,Ashleigh advanced to second base.",BB,0,1__,BBKBKB,R,R,0,[],Home,Away,1__,0.0,0.0,"['0-0', '1-0', '2-0', '2-1', '3-1', '3-2']",4,Walk
641568.xml,02/07/2026,MARYLAND,UCF,"Wurst,Aubrey","Yarnell,Kendall",B4,77,"Yarnell,Kendall homered to deep left field, 4RBI (0-2 KF); Mertes,Izzy scored; Griffin,Ashleigh scored from second base; Humphreys,Sierra scored from first base.",HR,0,___,KFP,R,R,4,"['Wurst,Aubrey', 'Wurst,Aubrey', 'Wurst,Aubrey', 'Wurst,Aubrey']",Home,Away,1__,0.0,0.0,"['0-0', '0-1', '0-2']",4,Home Run
641568.xml,02/07/2026,MARYLAND,UCF,"Wiegand,Elisea","Damon,Beth",B4,79,"Damon,Beth flied out to rf (1-2 KKFB).",F9,0,___,KKFBP,R,R,0,[],Home,Away,___,1.0,1.0,"['0-0', '0-1', '0-2', '1-2']",4,Out
641568.xml,02/07/2026,MARYLAND,UCF,"Wiegand,Elisea","Calvez,Zoe",B4,80,"Calvez,Zoe singled through the left side of the infield (1-2 FBK).",1B,1,1__,FBKP,L,R,0,[],Home,Away,___,1.0,0.0,"['0-0', '0-1', '1-1', '1-2']",4,Single
641568.xml,02/07/2026,MARYLAND,UCF,"Wiegand,Elisea","Rey,Samantha",B4,81,"Rey,Samantha infield singled to third base (3-1 BBBK); Calvez,Zoe advanced from first base to third base on a throwing error by Benson,Matti (E5).",1B,1,1__,BBBKP,L,R,0,[],Home,Away,1__,1.0,0.0,"['0-0', '1-0', '2-0', '3-0', '3-1']",4,Single
641568.xml,02/07/2026,MARYLAND,UCF,"Wiegand,Elisea","Jaimes,Coco",B4,82,"Rey,Samantha stole second base; Calvez,Zoe stole home, scored, unearned.",,1,___,N/A,,R,1,"['Wiegand,Elisea']",Home,Away,1__,1.0,0.0,['Unknown'],4,N/A
641568.xml,02/07/2026,MARYLAND,UCF,"Wiegand,Elisea","Jaimes,Coco",B4,83,"Jaimes,Coco walked (3-1 BBBKB).",BB,1,1__,BBBKB,L,R,0,[],Home,Away,___,1.0,0.0,"['0-0', '1-0', '2-0', '3-0', '3-1']",4,Walk
641568.xml,02/07/2026,MARYLAND,UCF,"Wiegand,Elisea","Evans,Aubrey",B4,84,"Evans,Aubrey popped up to second base (3-1 BBFB).",P4,1,___,BBFBP,R,R,0,[],Home,Away,1__,2.0,1.0,"['0-0', '1-0', '2-0', '2-1', '3-1']",4,Out
641568.xml,02/07/2026,MARYLAND,UCF,"Wiegand,Elisea","Mertes,Izzy",B4,85,"Mertes,Izzy reached on a fielding error fielding by 1b by Penta,Mariah (E3) (0-1 K); Rey,Samantha scored from second base, unearned; Jaimes,Coco advanced from first base to third base.",E3,2,1__,KP,R,R,1,"['Wiegand,Elisea']",Home,Away,___,2.0,0.0,"['0-0', '0-1']",4,Reached on Error
641568.xml,02/07/2026,MARYLAND,UCF,"Wiegand,Elisea","Griffin,Ashleigh",B4,86,"Mertes,Izzy stole second base.",,2,___,N/A,,R,0,[],Home,Away,1__,2.0,0.0,['Unknown'],4,N/A
641568.xml,02/07/2026,MARYLAND,UCF,"Wiegand,Elisea","Griffin,Ashleigh",B4,87,"Griffin,Ashleigh doubled down the right field line, 2RBI (2-2 KBKBF); Jaimes,Coco scored, unearned; Mertes,Izzy scored from second base, unearned.",2B,2,_2_,KBKBFP,R,R,2,"['Wiegand,Elisea', 'Wiegand,Elisea']",Home,Away,___,2.0,0.0,"['0-0', '0-1', '1-1', '1-2', '2-2']",4,Double
641568.xml,02/07/2026,MARYLAND,UCF,"Wiegand,Elisea","Humphreys,Sierra",B4,88,"Humphreys,Sierra tripled to right center, RBI (0-0); Griffin,Ashleigh scored from second base, unearned.",3B,2,__3,P,R,R,1,"['Wiegand,Elisea']",Home,Away,_2_,2.0,0.0,['0-0'],4,Triple
641568.xml,02/07/2026,MARYLAND,UCF,"Olensky,Caitlin","Yarnell,Kendall",B4,90,"Yarnell,Kendall flied out to lf (0-2 KK).",F7,2,___,KKP,R,L,0,[],Home,Away,__3,3.0,1.0,"['0-0', '0-1', '0-2']",4,Out
641568.xml,02/07/2026,UCF,MARYLAND,"Vega,Isabella","Cornwell,Caitlyn",T5,91,"Cornwell,Caitlyn struck out swinging (2-2 FBBSS).",K,0,___,FBBSS,L,R,0,[],Away,Home,___,1.0,1.0,"['0-0', '0-1', '1-1', '2-1', '2-2']",5,Strikeout
641568.xml,02/07/2026,UCF,MARYLAND,"Vega,Isabella","Woods,Sammi",T5,92,"Woods,Sammi infield singled to the pitcher's mound (0-1 K).",1B,1,1__,KP,R,R,0,[],Away,Home,___,1.0,0.0,"['0-0', '0-1']",5,Single
641568.xml,02/07/2026,UCF,MARYLAND,"Vega,Isabella",Matti Benson,T5,93,"Benson,Matti struck out (2-3 KBSBS).",K,1,___,KBSBS,L,R,0,[],Away,Home,1__,2.0,1.0,"['0-0', '0-1', '1-1', '1-2', '2-2']",5,Strikeout
641568.xml,02/07/2026,UCF,MARYLAND,"Vega,Isabella",Zayda Rocke,T5,94,"Rocke,Zayda lined out to the pitcher (2-2 FFBBF).",L1,2,___,FFBBFP,R,R,0,[],Away,Home,___,3.0,1.0,"['0-0', '0-1', '0-2', '1-2', '2-2']",5,Out
645392.xml,02/07/2026,MARYLAND,CSUB,"Olensky,Caitlin","Whaley,Kayla",T1,1,"Whaley,Kayla flied out to lf (2-2 KBBS).",F7,0,___,KBBSP,R,L,0,[],Away,Home,___,1.0,1.0,"['0-0', '0-1', '1-1', '2-1', '2-2']",1,Out
645392.xml,02/07/2026,MARYLAND,CSUB,"Olensky,Caitlin","Narvaiz,Mari",T1,2,"Narvaiz,Mari struck out swinging (0-2 KKFFS).",K,1,___,KKFFS,R,L,0,[],Away,Home,___,2.0,1.0,"['0-0', '0-1', '0-2']",1,Strikeout
645392.xml,02/07/2026,MARYLAND,CSUB,"Olensky,Caitlin","Visser,Kayla",T1,3,"Visser,Kayla flied out to cf (1-0 B).",F8,2,___,BP,L,L,0,[],Away,Home,___,3.0,1.0,"['0-0', '1-0']",1,Out
645392.xml,02/07/2026,CSUB,MARYLAND,"Estrada,Amber","Cornwell,Caitlyn",B1,4,"Cornwell,Caitlyn singled in front of the plate, bunt (0-0).",1B,0,1__,P,L,R,0,[],Home,Away,___,0.0,0.0,['0-0'],1,Single
645392.xml,02/07/2026,CSUB,MARYLAND,"Estrada,Amber","Woods,Sammi",B1,5,"Woods,Sammi flied out to cf (3-2 FBFBB).",F8,0,___,FBFBBP,R,R,0,[],Home,Away,1__,1.0,1.0,"['0-0', '0-1', '1-1', '1-2', '2-2', '3-2']",1,Out
645392.xml,02/07/2026,CSUB,MARYLAND,"Estrada,Amber",Matti Benson,B1,6,"Cornwell,Caitlyn stole second base.",,1,___,N/A,,R,0,[],Home,Away,___,1.0,0.0,['Unknown'],1,N/A
645392.xml,02/07/2026,CSUB,MARYLAND,"Estrada,Amber",Matti Benson,B1,7,"Benson,Matti struck out swinging (2-2 BKFBS).",K,1,___,BKFBS,L,R,0,[],Home,Away,___,2.0,1.0,"['0-0', '1-0', '1-1', '1-2', '2-2']",1,Strikeout
645392.xml,02/07/2026,CSUB,MARYLAND,"Estrada,Amber",Zayda Rocke,B1,8,"Rocke,Zayda lined out to third base (3-1 BFBB).",L5,2,___,BFBBP,R,R,0,[],Home,Away,___,3.0,1.0,"['0-0', '1-0', '1-1', '2-1', '3-1']",1,Out
645392.xml,02/07/2026,MARYLAND,CSUB,"Olensky,Caitlin","MalamaAhlo,Kandi",T2,9,"MalamaAhlo,Kandi grounded out to third base, 3b to 1b (0-2 KS).",G53,0,___,KSP,R,L,0,[],Away,Home,___,1.0,1.0,"['0-0', '0-1', '0-2']",2,Out
645392.xml,02/07/2026,MARYLAND,CSUB,"Olensky,Caitlin","Gill,Molly",T2,10,"Gill,Molly popped up to second base (2-2 BFFFB).",P4,1,___,BFFFBP,L,L,0,[],Away,Home,___,2.0,1.0,"['0-0', '1-0', '1-1', '1-2', '2-2']",2,Out
645392.xml,02/07/2026,MARYLAND,CSUB,"Olensky,Caitlin","Garcia,Hannah",T2,11,"Garcia,Hannah grounded out to short, ss to 1b (0-1 K).",G63,2,___,KP,R,L,0,[],Away,Home,___,3.0,1.0,"['0-0', '0-1']",2,Out
645392.xml,02/07/2026,CSUB,MARYLAND,"Estrada,Amber","Murphy,Bailey",B2,12,"Murphy,Bailey walked (3-0 BBBB).",BB,0,1__,BBBB,L,R,0,[],Home,Away,___,0.0,0.0,"['0-0', '1-0', '2-0', '3-0']",2,Walk
645392.xml,02/07/2026,CSUB,MARYLAND,"Estrada,Amber","Penta,Mariah",B2,13,"Penta,Mariah sacrifice bunt to third base, 3b to 2b (0-0); Murphy,Bailey advanced to second base.",SH54,0,___,P,R,R,0,[],Home,Away,1__,1.0,1.0,['0-0'],2,Sacrifice Hit
645392.xml,02/07/2026,CSUB,MARYLAND,"Estrada,Amber","Wilson,Gracie",B2,14,"Wilson,Gracie flied out to cf (2-1 KBB); Murphy,Bailey advanced to third base.",F8,1,___,KBBP,R,R,0,[],Home,Away,___,2.0,1.0,"['0-0', '0-1', '1-1', '2-1']",2,Out
645392.xml,02/07/2026,CSUB,MARYLAND,"Estrada,Amber","McGowan,Anna",B2,15,"McGowan,Anna walked (3-1 KBBBB).",BB,2,1__,KBBBB,R,R,0,[],Home,Away,___,2.0,0.0,"['0-0', '0-1', '1-1', '2-1', '3-1']",2,Walk
645392.xml,02/07/2026,CSUB,MARYLAND,"Estrada,Amber","Fox,Caroline",B2,17,"Fox,Caroline lined out to short (0-0).",L6,2,___,P,L,R,0,[],Home,Away,1__,3.0,1.0,['0-0'],2,Out
645392.xml,02/07/2026,MARYLAND,CSUB,"Olensky,Caitlin","Ventura,Aliya",T3,19,"Ventura,Aliya flied out to rf (1-1 BK).",F9,0,___,BKP,R,L,0,[],Away,Home,___,1.0,1.0,"['0-0', '1-0', '1-1']",3,Out
645392.xml,02/07/2026,MARYLAND,CSUB,"Olensky,Caitlin","Sanchez,Jillian",T3,20,"Sanchez,Jillian grounded out to third base, 3b to 1b (2-2 BKFFB).",G53,1,___,BKFFBP,R,L,0,[],Away,Home,___,2.0,1.0,"['0-0', '1-0', '1-1', '1-2', '2-2']",3,Out
645392.xml,02/07/2026,MARYLAND,CSUB,"Olensky,Caitlin","Harrison,Aariana",T3,21,"Harrison,Aariana grounded out to the pitcher, p to 1b (1-2 KKFFB).",G13,2,___,KKFFBP,,L,0,[],Away,Home,___,3.0,1.0,"['0-0', '0-1', '0-2', '1-2']",3,Out
645392.xml,02/07/2026,CSUB,MARYLAND,"Estrada,Amber","Cornwell,Caitlyn",B3,22,"Cornwell,Caitlyn grounded out to second base, 2b to 1b (1-0 B).",G43,0,___,BP,L,R,0,[],Home,Away,___,1.0,1.0,"['0-0', '1-0']",3,Out
645392.xml,02/07/2026,CSUB,MARYLAND,"Estrada,Amber","Woods,Sammi",B3,23,"Woods,Sammi singled up the middle (0-0).",1B,1,1__,P,R,R,0,[],Home,Away,___,1.0,0.0,['0-0'],3,Single
645392.xml,02/07/2026,CSUB,MARYLAND,"Estrada,Amber",Matti Benson,B3,24,"Benson,Matti walked (3-2 BKSBBB); Woods,Sammi advanced to second base.",BB,1,1__,BKSBBB,L,R,0,[],Home,Away,1__,1.0,0.0,"['0-0', '1-0', '1-1', '1-2', '2-2', '3-2']",3,Walk
645392.xml,02/07/2026,CSUB,MARYLAND,"Estrada,Amber",Zayda Rocke,B3,25,"Rocke,Zayda reached on a fielder's choice hit to short (1-1 FB); Woods,Sammi advanced from second base, scored on a throwing error by Sanchez,Jillian (E4), unearned; Benson,Matti out at second base, ss to 2b.",FC,1,1__,FBP,R,R,1,"['Estrada,Amber']",Home,Away,1__,2.0,1.0,"['0-0', '0-1', '1-1']",3,Fielders Choice
645392.xml,02/07/2026,CSUB,MARYLAND,"Estrada,Amber","Murphy,Bailey",B3,26,"Murphy,Bailey walked (3-2 KBBBKFB); Rocke,Zayda advanced to second base.",BB,2,1__,KBBBKFB,L,R,0,[],Home,Away,1__,2.0,0.0,"['0-0', '0-1', '1-1', '2-1', '3-1', '3-2']",3,Walk
645392.xml,02/07/2026,CSUB,MARYLAND,"MalamaAhlo,Kandi","Penta,Mariah",B3,30,"Penta,Mariah flied out to cf (1-0 B).",F8,2,___,BP,R,R,0,[],Home,Away,1__,3.0,1.0,"['0-0', '1-0']",3,Out
645392.xml,02/07/2026,MARYLAND,CSUB,"Olensky,Caitlin","Whaley,Kayla",T4,32,"Whaley,Kayla grounded out to second base, 2b to 1b (2-2 BKSB).",G43,0,___,BKSBP,R,L,0,[],Away,Home,___,1.0,1.0,"['0-0', '1-0', '1-1', '1-2', '2-2']",4,Out
645392.xml,02/07/2026,MARYLAND,CSUB,"Olensky,Caitlin","Narvaiz,Mari",T4,33,"Narvaiz,Mari flied out to rf (3-2 KKBBFFBFFF).",F9,1,___,KKBBFFBFFFP,R,L,0,[],Away,Home,___,2.0,1.0,"['0-0', '0-1', '0-2', '1-2', '2-2', '3-2']",4,Out
645392.xml,02/07/2026,MARYLAND,CSUB,"Olensky,Caitlin","Visser,Kayla",T4,34,"Visser,Kayla struck out swinging (1-2 FFBS).",K,2,___,FFBS,L,L,0,[],Away,Home,___,3.0,1.0,"['0-0', '0-1', '0-2', '1-2']",4,Strikeout
645392.xml,02/07/2026,CSUB,MARYLAND,"MalamaAhlo,Kandi","Wilson,Gracie",B4,35,"Wilson,Gracie walked (3-1 BBBKB).",BB,0,1__,BBBKB,R,R,0,[],Home,Away,___,0.0,0.0,"['0-0', '1-0', '2-0', '3-0', '3-1']",4,Walk
645392.xml,02/07/2026,CSUB,MARYLAND,"MalamaAhlo,Kandi",Lauren Caye,B4,36,"Wilson,Gracie out caught stealing at second base, c to ss.",,0,___,N/A,,R,0,[],Home,Away,1__,1.0,1.0,['Unknown'],4,N/A
645392.xml,02/07/2026,CSUB,MARYLAND,"MalamaAhlo,Kandi","McGowan,Anna",B4,37,"McGowan,Anna doubled to center field (2-2 SFBB).",2B,1,_2_,SFBBP,R,R,0,[],Home,Away,___,1.0,0.0,"['0-0', '0-1', '0-2', '1-2', '2-2']",4,Double
645392.xml,02/07/2026,CSUB,MARYLAND,"MalamaAhlo,Kandi","Fox,Caroline",B4,38,"Fox,Caroline singled to right field, RBI (0-1 F); McGowan,Anna scored from second base.",1B,1,1__,FP,L,R,1,"['MalamaAhlo,Kandi']",Home,Away,_2_,1.0,0.0,"['0-0', '0-1']",4,Single
645392.xml,02/07/2026,CSUB,MARYLAND,"Estrada,Amber","Cornwell,Caitlyn",B4,42,"Cornwell,Caitlyn singled to left field (1-1 BF); Fox,Caroline advanced to second base.",1B,1,1__,BFP,L,R,0,[],Home,Away,1__,1.0,0.0,"['0-0', '1-0', '1-1']",4,Single
645392.xml,02/07/2026,CSUB,MARYLAND,"Estrada,Amber","Woods,Sammi",B4,43,"Woods,Sammi doubled down the left field line, RBI (1-1 KB); Fox,Caroline scored from second base; Cornwell,Caitlyn advanced from first base to third base.",2B,1,_2_,KBP,R,R,1,"['Estrada,Amber']",Home,Away,1__,1.0,0.0,"['0-0', '0-1', '1-1']",4,Double
645392.xml,02/07/2026,CSUB,MARYLAND,"Estrada,Amber",Matti Benson,B4,44,"Benson,Matti singled to right field, RBI (1-1 FB); Cornwell,Caitlyn scored; Woods,Sammi out at home, rf to 1b to c.",1B,1,1__,FBP,L,R,1,"['Estrada,Amber']",Home,Away,_2_,2.0,1.0,"['0-0', '0-1', '1-1']",4,Single
645392.xml,02/07/2026,MARYLAND,CSUB,"Olensky,Caitlin","MalamaAhlo,Kandi",T5,45,"MalamaAhlo,Kandi doubled down the left field line (2-0 BB).",2B,0,_2_,BBP,R,L,0,[],Away,Home,___,0.0,0.0,"['0-0', '1-0', '2-0']",5,Double
645392.xml,02/07/2026,MARYLAND,CSUB,"Olensky,Caitlin","Gill,Molly",T5,47,"Gill,Molly infield singled to the pitcher's mound, bunt (1-0 B); McDanell,Alexandra advanced to third base.",1B,0,1__,BP,L,L,0,[],Away,Home,_2_,0.0,0.0,"['0-0', '1-0']",5,Single
645392.xml,02/07/2026,MARYLAND,CSUB,"Olensky,Caitlin","Garcia,Hannah",T5,48,"Garcia,Hannah sacrifice fly to cf, RBI (0-0); McDanell,Alexandra scored; Gill,Molly advanced to second base.",SF8,0,___,P,R,L,1,"['Olensky,Caitlin']",Away,Home,1__,1.0,1.0,['0-0'],5,Sacrifice Fly
645392.xml,02/07/2026,MARYLAND,CSUB,"Olensky,Caitlin","Ventura,Aliya",T5,50,"Ventura,Aliya reached on a fielding error fielding by 3b by Benson,Matti (E5) (1-0 B).",E5,1,1__,BP,R,L,0,[],Away,Home,___,1.0,0.0,"['0-0', '1-0']",5,Reached on Error
645392.xml,02/07/2026,MARYLAND,CSUB,"Olensky,Caitlin","Barella,Erika",T5,52,"Barella,Erika flied out to rf (0-1 K); Gill,Molly advanced to third base.",F9,1,___,KP,R,L,0,[],Away,Home,1__,2.0,1.0,"['0-0', '0-1']",5,Out
645392.xml,02/07/2026,MARYLAND,CSUB,"Olensky,Caitlin","Castro,Alexia",T5,54,"Castro,Alexia walked (3-2 BSBBFFFB); Ventura,Aliya advanced to second base.",BB,2,1__,BSBBFFFB,R,L,0,[],Away,Home,___,2.0,0.0,"['0-0', '1-0', '1-1', '2-1', '3-1', '3-2']",5,Walk
645392.xml,02/07/2026,MARYLAND,CSUB,"Olensky,Caitlin","Whaley,Kayla",T5,55,"Whaley,Kayla struck out swinging (1-2 FBFS).",K,2,___,FBFS,R,L,0,[],Away,Home,1__,3.0,1.0,"['0-0', '0-1', '1-1', '1-2']",5,Strikeout
645392.xml,02/07/2026,CSUB,MARYLAND,"Rameriez,Maya",Zayda Rocke,B5,61,"Rocke,Zayda singled to right center (0-0).",1B,0,1__,P,R,R,0,[],Home,Away,___,0.0,0.0,['0-0'],5,Single
645392.xml,02/07/2026,CSUB,MARYLAND,"Rameriez,Maya","Murphy,Bailey",B5,62,"Murphy,Bailey flied out to lf (0-0).",F7,0,___,P,L,R,0,[],Home,Away,1__,1.0,1.0,['0-0'],5,Out
645392.xml,02/07/2026,CSUB,MARYLAND,"Rameriez,Maya","Penta,Mariah",B5,63,"Penta,Mariah grounded out, p to 1b (1-0 B).",G13,1,___,BP,R,R,0,[],Home,Away,___,2.0,1.0,"['0-0', '1-0']",5,Out
645392.xml,02/07/2026,CSUB,MARYLAND,"Rameriez,Maya","Wilson,Gracie",B5,64,"Wilson,Gracie lined out to third base (1-1 BK).",L5,2,___,BKP,R,R,0,[],Home,Away,___,3.0,1.0,"['0-0', '1-0', '1-1']",5,Out
645392.xml,02/07/2026,MARYLAND,CSUB,"Wiegand,Elisea","Narvaiz,Mari",T6,66,"Narvaiz,Mari walked (3-2 BKBSBFFB).",BB,0,1__,BKBSBFFB,R,R,0,[],Away,Home,___,0.0,0.0,"['0-0', '1-0', '1-1', '2-1', '2-2', '3-2']",6,Walk
645392.xml,02/07/2026,MARYLAND,CSUB,"Wiegand,Elisea","Visser,Kayla",T6,67,"Visser,Kayla reached on a fielder's choice hit to second base (3-2 BBFFB); Narvaiz,Mari out at second base, 2b to ss.",FC,0,1__,BBFFBP,L,R,0,[],Away,Home,1__,2.0,2.0,"['0-0', '1-0', '2-0', '2-1', '2-2', '3-2']",6,Fielders Choice
645392.xml,02/07/2026,MARYLAND,CSUB,"Wiegand,Elisea","MalamaAhlo,Kandi",T6,68,"MalamaAhlo,Kandi doubled to left field (2-2 KBBKF).",2B,2,12_,KBBKFP,R,R,0,[],Away,Home,1__,2.0,0.0,"['0-0', '0-1', '1-1', '2-1', '2-2']",6,Double
645392.xml,02/07/2026,MARYLAND,CSUB,"Wiegand,Elisea","Gill,Molly",T6,69,"Gill,Molly grounded out to third base, 3b to 1b (1-1 BK).",G53,2,1__,BKP,L,R,0,[],Away,Home,12_,3.0,1.0,"['0-0', '1-0', '1-1']",6,Out
645392.xml,02/07/2026,CSUB,MARYLAND,"Rameriez,Maya","McGowan,Anna",B6,70,"McGowan,Anna doubled to right center (1-0 B).",2B,0,_2_,BP,R,R,0,[],Home,Away,___,0.0,0.0,"['0-0', '1-0']",6,Double
645392.xml,02/07/2026,CSUB,MARYLAND,"Rameriez,Maya","Fox,Caroline",B6,72,"Fox,Caroline singled to shallow left field (1-2 FFB); Caye,Lauren advanced to third base; Fox,Caroline advanced to second base on the throw.",1B,0,1__,FFBP,L,R,0,[],Home,Away,_2_,0.0,0.0,"['0-0', '0-1', '0-2', '1-2']",6,Single
645392.xml,02/07/2026,CSUB,MARYLAND,"Rameriez,Maya","Cornwell,Caitlyn",B6,73,"Cornwell,Caitlyn popped up to third base (0-1 F).",P5,0,1__,FP,L,R,0,[],Home,Away,1__,1.0,1.0,"['0-0', '0-1']",6,Out
645392.xml,02/07/2026,CSUB,MARYLAND,"Rameriez,Maya","Woods,Sammi",B6,74,"Woods,Sammi sacrifice fly to lf, RBI (1-1 BK); Caye,Lauren scored.",SF7,1,1__,BKP,R,R,1,"['Rameriez,Maya']",Home,Away,1__,2.0,1.0,"['0-0', '1-0', '1-1']",6,Sacrifice Fly
645392.xml,02/07/2026,CSUB,MARYLAND,"Rameriez,Maya",Matti Benson,B6,75,"Benson,Matti grounded out to short, ss to 1b (1-1 SB).",G63,2,1__,SBP,L,R,0,[],Home,Away,1__,3.0,1.0,"['0-0', '0-1', '1-1']",6,Out
645392.xml,02/07/2026,MARYLAND,CSUB,"Wiegand,Elisea","Garcia,Hannah",T7,77,"Garcia,Hannah struck out (2-3 BSSBS).",K,0,___,BSSBS,R,R,0,[],Away,Home,___,1.0,1.0,"['0-0', '1-0', '1-1', '1-2', '2-2']",7,Strikeout
645392.xml,02/07/2026,MARYLAND,CSUB,"Wiegand,Elisea","Ventura,Aliya",T7,78,"Ventura,Aliya grounded out to second base, 2b to 1b (2-2 SBBK).",G43,1,___,SBBKP,R,R,0,[],Away,Home,___,2.0,1.0,"['0-0', '0-1', '1-1', '2-1', '2-2']",7,Out
645392.xml,02/07/2026,MARYLAND,CSUB,"Wiegand,Elisea","Sanchez,Jillian",T7,79,"Sanchez,Jillian singled up the middle (2-2 BKBKF).",1B,2,1__,BKBKFP,R,R,0,[],Away,Home,___,2.0,0.0,"['0-0', '1-0', '1-1', '2-1', '2-2']",7,Single
645392.xml,02/07/2026,MARYLAND,CSUB,"Wiegand,Elisea","Castro,Alexia",T7,80,"Castro,Alexia fouled out in first base side foul territory putout by 2b (1-0 B).",FF4,2,___,BP,R,R,0,[],Away,Home,1__,3.0,1.0,"['0-0', '1-0']",7,Out
641570.xml,02/08/2026,UCF,MARYLAND,"Lopez,Yessenia","Cornwell,Caitlyn",T1,1,"Cornwell,Caitlyn grounded out to short, ss to 1b (1-0 B).",G63,0,___,BP,L,R,0,[],Away,Home,___,1.0,1.0,"['0-0', '1-0']",1,Out
641570.xml,02/08/2026,UCF,MARYLAND,"Lopez,Yessenia","Woods,Sammi",T1,2,"Woods,Sammi walked (3-0 BBBB).",BB,1,1__,BBBB,R,R,0,[],Away,Home,___,1.0,0.0,"['0-0', '1-0', '2-0', '3-0']",1,Walk
641570.xml,02/08/2026,UCF,MARYLAND,"Lopez,Yessenia",Matti Benson,T1,3,"Woods,Sammi advanced to second base on a wild pitch.",,1,___,N/A,,R,0,[],Away,Home,1__,1.0,0.0,['Unknown'],1,N/A
641570.xml,02/08/2026,UCF,MARYLAND,"Lopez,Yessenia",Matti Benson,T1,4,"Benson,Matti walked (3-2 KBBFBB).",BB,1,1__,KBBFBB,L,R,0,[],Away,Home,___,1.0,0.0,"['0-0', '0-1', '1-1', '2-1', '2-2', '3-2']",1,Walk
641570.xml,02/08/2026,UCF,MARYLAND,"Lopez,Yessenia",Zayda Rocke,T1,5,"Rocke,Zayda lined into double play to short (2-2 KFBFB); Woods,Sammi out on the play, ss to 2b, in a double play.",LDP6,1,___,KFBFBP,R,R,0,[],Away,Home,1__,3.0,2.0,"['0-0', '0-1', '0-2', '1-2', '2-2']",1,Out
641570.xml,02/08/2026,MARYLAND,UCF,"Olensky,Caitlin","Jaimes,Coco",B1,6,"Jaimes,Coco struck out (1-3 KBKS).",K,0,___,KBKS,L,L,0,[],Home,Away,___,1.0,1.0,"['0-0', '0-1', '1-1', '1-2']",1,Strikeout
641570.xml,02/08/2026,MARYLAND,UCF,"Olensky,Caitlin","Evans,Aubrey",B1,7,"Evans,Aubrey walked (3-0 BBBB).",BB,1,1__,BBBB,R,L,0,[],Home,Away,___,1.0,0.0,"['0-0', '1-0', '2-0', '3-0']",1,Walk
641570.xml,02/08/2026,MARYLAND,UCF,"Olensky,Caitlin","Mertes,Izzy",B1,8,"Mertes,Izzy homered to right center, 2RBI (0-1 K); Evans,Aubrey scored from first base.",HR,1,___,KP,R,L,2,"['Olensky,Caitlin', 'Olensky,Caitlin']",Home,Away,1__,1.0,0.0,"['0-0', '0-1']",1,Home Run
641570.xml,02/08/2026,MARYLAND,UCF,"Olensky,Caitlin","Griffin,Ashleigh",B1,9,"Griffin,Ashleigh singled to right field (2-2 BKKBF).",1B,1,1__,BKKBFP,R,L,0,[],Home,Away,___,1.0,0.0,"['0-0', '1-0', '1-1', '1-2', '2-2']",1,Single
641570.xml,02/08/2026,MARYLAND,UCF,"Olensky,Caitlin","Humphreys,Sierra",B1,11,"Humphreys,Sierra walked (3-1 BBBKB); Penner,CarleyJo advanced to second base.",BB,1,1__,BBBKB,R,L,0,[],Home,Away,1__,1.0,0.0,"['0-0', '1-0', '2-0', '3-0', '3-1']",1,Walk
641570.xml,02/08/2026,MARYLAND,UCF,"Olensky,Caitlin","Yarnell,Kendall",B1,12,"Yarnell,Kendall flied out to rf (3-1 BBKB); Penner,CarleyJo advanced to third base.",F9,1,___,BBKBP,R,L,0,[],Home,Away,1__,2.0,1.0,"['0-0', '1-0', '2-0', '2-1', '3-1']",1,Out
641570.xml,02/08/2026,MARYLAND,UCF,"Olensky,Caitlin","Rey,Samantha",B1,13,"Humphreys,Sierra stole second base.",,2,___,N/A,,L,0,[],Home,Away,___,2.0,0.0,['Unknown'],1,N/A
641570.xml,02/08/2026,MARYLAND,UCF,"Olensky,Caitlin","Washington,Destiny",B1,14,"Washington,Destiny walked (3-1 KBBBB).",BB,2,1__,KBBBB,L,L,0,[],Home,Away,___,2.0,0.0,"['0-0', '0-1', '1-1', '2-1', '3-1']",1,Walk
641570.xml,02/08/2026,MARYLAND,UCF,"Olensky,Caitlin","Calvez,Zoe",B1,15,"Calvez,Zoe struck out (1-3 KKBFS).",K,2,___,KKBFS,L,L,0,[],Home,Away,1__,3.0,1.0,"['0-0', '0-1', '0-2', '1-2']",1,Strikeout
641570.xml,02/08/2026,UCF,MARYLAND,"Lopez,Yessenia","Murphy,Bailey",T2,18,"Murphy,Bailey walked (3-0 BBBB).",BB,0,1__,BBBB,L,R,0,[],Away,Home,___,0.0,0.0,"['0-0', '1-0', '2-0', '3-0']",2,Walk
641570.xml,02/08/2026,UCF,MARYLAND,"Lopez,Yessenia","Penta,Mariah",T2,19,"Murphy,Bailey advanced to second base on a wild pitch.",,0,___,N/A,,R,0,[],Away,Home,1__,0.0,0.0,['Unknown'],2,N/A
641570.xml,02/08/2026,UCF,MARYLAND,"Lopez,Yessenia","Penta,Mariah",T2,20,"Murphy,Bailey advanced to third base on a wild pitch.",,0,___,N/A,,R,0,[],Away,Home,___,0.0,0.0,['Unknown'],2,N/A
641570.xml,02/08/2026,UCF,MARYLAND,"Vokoun,Reagan","Penta,Mariah",T2,22,"Penta,Mariah sacrifice fly to lf, RBI (2-0 BB); Murphy,Bailey scored.",SF7,0,___,BBP,R,L,1,"['Vokoun,Reagan']",Away,Home,___,1.0,1.0,"['0-0', '1-0', '2-0']",2,Sacrifice Fly
641570.xml,02/08/2026,UCF,MARYLAND,"Vokoun,Reagan","McGowan,Anna",T2,23,"McGowan,Anna walked (3-2 KBKBBB).",BB,1,1__,KBKBBB,R,L,0,[],Away,Home,___,1.0,0.0,"['0-0', '0-1', '1-1', '1-2', '2-2', '3-2']",2,Walk
641570.xml,02/08/2026,UCF,MARYLAND,"Vokoun,Reagan",Lauren Caye,T2,24,"Caye,Lauren flied out to lf (0-0).",F7,1,___,P,R,L,0,[],Away,Home,1__,2.0,1.0,['0-0'],2,Out
641570.xml,02/08/2026,MARYLAND,UCF,"Olensky,Caitlin","Irvin,Shyanne",B2,26,"Irvin,Shyanne singled up the middle (3-2 BKBKFB).",1B,0,1__,BKBKFBP,R,L,0,[],Home,Away,___,0.0,0.0,"['0-0', '1-0', '1-1', '2-1', '2-2', '3-2']",2,Single
641570.xml,02/08/2026,MARYLAND,UCF,"Olensky,Caitlin","Jaimes,Coco",B2,28,"Jaimes,Coco singled through the right side of the infield (1-2 BKFF); Warren,Maliyah advanced to second base.",1B,0,1__,BKFFP,L,L,0,[],Home,Away,1__,0.0,0.0,"['0-0', '1-0', '1-1', '1-2']",2,Single
641570.xml,02/08/2026,MARYLAND,UCF,"Olensky,Caitlin","Evans,Aubrey",B2,29,"Evans,Aubrey walked (3-2 KBBBKB); Warren,Maliyah advanced to third base; Jaimes,Coco advanced to second base.",BB,0,1__,KBBBKB,R,L,0,[],Home,Away,1__,0.0,0.0,"['0-0', '0-1', '1-1', '2-1', '3-1', '3-2']",2,Walk
641570.xml,02/08/2026,MARYLAND,UCF,"Olensky,Caitlin","Mertes,Izzy",B2,30,"Mertes,Izzy homered to left field, 4RBI (0-0); Warren,Maliyah scored; Jaimes,Coco scored from second base; Evans,Aubrey scored from first base.",HR,0,___,P,R,L,4,"['Olensky,Caitlin', 'Olensky,Caitlin', 'Olensky,Caitlin', 'Olensky,Caitlin']",Home,Away,1__,0.0,0.0,['0-0'],2,Home Run
641570.xml,02/08/2026,MARYLAND,UCF,"Wurst,Aubrey","Penner,CarleyJo",B2,32,"Penner,CarleyJo grounded out to short, ss to 1b (0-2 KF).",G63,0,___,KFP,L,R,0,[],Home,Away,___,1.0,1.0,"['0-0', '0-1', '0-2']",2,Out
641570.xml,02/08/2026,MARYLAND,UCF,"Wurst,Aubrey","Humphreys,Sierra",B2,33,"Humphreys,Sierra homered to left field, RBI (0-2 KF).",HR,1,___,KFP,R,R,1,"['Wurst,Aubrey']",Home,Away,___,1.0,0.0,"['0-0', '0-1', '0-2']",2,Home Run
641570.xml,02/08/2026,MARYLAND,UCF,"Wurst,Aubrey","Yarnell,Kendall",B2,34,"Yarnell,Kendall tripled to right field (3-2 KSBFBB).",3B,1,__3,KSBFBBP,R,R,0,[],Home,Away,___,1.0,0.0,"['0-0', '0-1', '0-2', '1-2', '2-2', '3-2']",2,Triple
641570.xml,02/08/2026,MARYLAND,UCF,"Wurst,Aubrey","Washington,Destiny",B2,36,"Washington,Destiny infield singled to third base, RBI (3-1 KBBB); Birkenstock,Kalista scored.",1B,1,1__,KBBBP,L,R,1,"['Wurst,Aubrey']",Home,Away,__3,1.0,0.0,"['0-0', '0-1', '1-1', '2-1', '3-1']",2,Single
641570.xml,02/08/2026,MARYLAND,UCF,Keira Bucher,"Durant,Ayala",B2,39,"Durant,Ayala reached on a fielder's choice hit to the pitcher's mound (0-2 FF); Washington,Destiny advanced to second base on a fielding error by Fox,Caroline (E4).",FC,1,1__,FFP,L,R,0,[],Home,Away,1__,1.0,0.0,"['0-0', '0-1', '0-2']",2,Fielders Choice
641570.xml,02/08/2026,MARYLAND,UCF,Keira Bucher,"Irvin,Shyanne",B2,44,"Irvin,Shyanne flied out to cf (3-2 BBKKFB); Rey,Samantha advanced to third base.",F8,1,___,BBKKFBP,R,R,0,[],Home,Away,1__,2.0,1.0,"['0-0', '1-0', '2-0', '2-1', '2-2', '3-2']",2,Out
641570.xml,02/08/2026,MARYLAND,UCF,Keira Bucher,"Evans,Aubrey",B2,46,"Durant,Ayala stole second base.",,2,___,N/A,,R,0,[],Home,Away,___,2.0,0.0,['Unknown'],2,N/A
641570.xml,02/08/2026,MARYLAND,UCF,Keira Bucher,"Trimm,Kendall",B2,47,"Trimm,Kendall grounded out to the pitcher, p to 1b (2-2 FFFBB).",G13,2,___,FFFBBP,L,R,0,[],Home,Away,___,3.0,1.0,"['0-0', '0-1', '0-2', '1-2', '2-2']",2,Out
641570.xml,02/08/2026,UCF,MARYLAND,"Vokoun,Reagan","Cornwell,Caitlyn",T3,54,"Cornwell,Caitlyn struck out on dropped third strike, reached on wild pitch, reached first on a wild pitch (0-3 KKS).",KWP,0,1__,KKS,L,L,0,[],Away,Home,___,0.0,0.0,"['0-0', '0-1', '0-2']",3,Out
641570.xml,02/08/2026,UCF,MARYLAND,"Vokoun,Reagan","Woods,Sammi",T3,55,"Woods,Sammi flied out to cf (0-0).",F8,0,___,P,R,L,0,[],Away,Home,1__,1.0,1.0,['0-0'],3,Out
641570.xml,02/08/2026,UCF,MARYLAND,"Vokoun,Reagan",Matti Benson,T3,56,"Benson,Matti struck out looking (0-2 KKK).",K,1,___,KKK,L,L,0,[],Away,Home,___,2.0,1.0,"['0-0', '0-1', '0-2']",3,Strikeout
641570.xml,02/08/2026,UCF,MARYLAND,"Vokoun,Reagan",Zayda Rocke,T3,57,"Rocke,Zayda flied out to lf (0-0).",F7,2,___,P,R,L,0,[],Away,Home,___,3.0,1.0,['0-0'],3,Out
641570.xml,02/08/2026,MARYLAND,UCF,Keira Bucher,"Evans,Aubrey",B3,58,"Evans,Aubrey grounded out to third base, 3b to 1b (0-0).",G53,0,___,P,R,R,0,[],Home,Away,___,1.0,1.0,['0-0'],3,Out
641570.xml,02/08/2026,MARYLAND,UCF,Keira Bucher,"Mertes,Izzy",B3,59,"Mertes,Izzy flied out to lf (3-2 BKKFBB).",F7,1,___,BKKFBBP,R,R,0,[],Home,Away,___,2.0,1.0,"['0-0', '1-0', '1-1', '1-2', '2-2', '3-2']",3,Out
641570.xml,02/08/2026,MARYLAND,UCF,Keira Bucher,"Griffin,Ashleigh",B3,61,"Griffin,Ashleigh grounded out to second base, 2b to 1b (1-2 KKB).",G43,2,___,KKBP,R,R,0,[],Home,Away,___,3.0,1.0,"['0-0', '0-1', '0-2', '1-2']",3,Out
641570.xml,02/08/2026,UCF,MARYLAND,"Vokoun,Reagan","Murphy,Bailey",T4,64,"Murphy,Bailey struck out swinging (3-2 BKBBKS).",K,0,___,BKBBKS,L,L,0,[],Away,Home,___,1.0,1.0,"['0-0', '1-0', '1-1', '2-1', '3-1', '3-2']",4,Strikeout
641570.xml,02/08/2026,UCF,MARYLAND,"Vokoun,Reagan","Penta,Mariah",T4,65,"Penta,Mariah grounded out to third base, 3b to 1b (1-0 B).",G53,1,___,BP,R,L,0,[],Away,Home,___,2.0,1.0,"['0-0', '1-0']",4,Out
641570.xml,02/08/2026,UCF,MARYLAND,"Vokoun,Reagan","McGowan,Anna",T4,66,"McGowan,Anna singled through the left side of the infield (0-0).",1B,2,1__,P,R,L,0,[],Away,Home,___,2.0,0.0,['0-0'],4,Single
641570.xml,02/08/2026,UCF,MARYLAND,"Vokoun,Reagan",Lauren Caye,T4,67,"Caye,Lauren struck out looking (2-2 BKKBK).",K,2,___,BKKBK,R,L,0,[],Away,Home,1__,3.0,1.0,"['0-0', '1-0', '1-1', '1-2', '2-2']",4,Strikeout
641570.xml,02/08/2026,MARYLAND,UCF,Keira Bucher,"Humphreys,Sierra",B4,68,"Humphreys,Sierra grounded out to short, ss to 1b (1-1 BK).",G63,0,___,BKP,R,R,0,[],Home,Away,___,1.0,1.0,"['0-0', '1-0', '1-1']",4,Out
641570.xml,02/08/2026,MARYLAND,UCF,Keira Bucher,"Yarnell,Kendall",B4,70,"Yarnell,Kendall singled through the left side of the infield (1-1 BK).",1B,1,1__,BKP,R,R,0,[],Home,Away,___,1.0,0.0,"['0-0', '1-0', '1-1']",4,Single
641570.xml,02/08/2026,MARYLAND,UCF,Keira Bucher,"Rey,Samantha",B4,71,"Rey,Samantha flied out to rf (3-2 FSBFBB).",F9,1,___,FSBFBBP,L,R,0,[],Home,Away,1__,2.0,1.0,"['0-0', '0-1', '0-2', '1-2', '2-2', '3-2']",4,Out
641570.xml,02/08/2026,MARYLAND,UCF,Keira Bucher,"Durant,Ayala",B4,72,"Durant,Ayala infield singled to short (3-1 BBFB); Yarnell,Kendall advanced to second base.",1B,2,1__,BBFBP,L,R,0,[],Home,Away,___,2.0,0.0,"['0-0', '1-0', '2-0', '2-1', '3-1']",4,Single
641570.xml,02/08/2026,MARYLAND,UCF,Keira Bucher,"Irvin,Shyanne",B4,73,"Irvin,Shyanne struck out swinging (1-2 KKBFS).",K,2,___,KKBFS,R,R,0,[],Home,Away,1__,3.0,1.0,"['0-0', '0-1', '0-2', '1-2']",4,Strikeout
641570.xml,02/08/2026,UCF,MARYLAND,"Stuewe,Ava","Rodmyre,Sage",T5,76,"Rodmyre,Sage struck out swinging (1-2 BFSS).",K,0,___,BFSS,R,R,0,[],Away,Home,___,1.0,1.0,"['0-0', '1-0', '1-1', '1-2']",5,Strikeout
641570.xml,02/08/2026,UCF,MARYLAND,"Stuewe,Ava","Cornwell,Caitlyn",T5,77,"Cornwell,Caitlyn grounded out to second base, unassisted (1-2 KFBF).",G4,1,___,KFBFP,L,R,0,[],Away,Home,___,2.0,1.0,"['0-0', '0-1', '0-2', '1-2']",5,Out
641570.xml,02/08/2026,UCF,MARYLAND,"Stuewe,Ava","Woods,Sammi",T5,78,"Woods,Sammi walked (3-2 BFBBFB).",BB,2,1__,BFBBFB,R,R,0,[],Away,Home,___,2.0,0.0,"['0-0', '1-0', '1-1', '2-1', '3-1', '3-2']",5,Walk
641570.xml,02/08/2026,UCF,MARYLAND,"Stuewe,Ava",Matti Benson,T5,79,"Woods,Sammi advanced to second base on a wild pitch.",,2,___,N/A,,R,0,[],Away,Home,1__,2.0,0.0,['Unknown'],5,N/A
641570.xml,02/08/2026,UCF,MARYLAND,"Stuewe,Ava",Matti Benson,T5,80,"Benson,Matti walked (3-2 BBKBFFB); Woods,Sammi advanced to third base on a wild pitch.",BB,2,1__,BBKBFFB,L,R,0,[],Away,Home,___,2.0,0.0,"['0-0', '1-0', '2-0', '2-1', '3-1', '3-2']",5,Walk
641570.xml,02/08/2026,UCF,MARYLAND,"Stuewe,Ava",Zayda Rocke,T5,81,"Rocke,Zayda struck out looking (1-2 FFBK).",K,2,___,FFBK,R,R,0,[],Away,Home,1__,3.0,1.0,"['0-0', '0-1', '0-2', '1-2']",5,Strikeout
641570.xml,02/08/2026,MARYLAND,UCF,Keira Bucher,"Trimm,Kendall",B5,82,"Trimm,Kendall doubled to left field (0-0).",2B,0,_2_,P,L,R,0,[],Home,Away,___,0.0,0.0,['0-0'],5,Double
641570.xml,02/08/2026,MARYLAND,UCF,Keira Bucher,"Evans,Aubrey",B5,84,"Evans,Aubrey doubled to right center, RBI (0-0); Jaimes,Coco scored from second base.",2B,0,_2_,P,R,R,1,"['Bucher,Keira']",Home,Away,_2_,0.0,0.0,['0-0'],5,Double
643118.xml,02/14/2026,MARYLAND,BUF,"Wiegand,Elisea","Gorman,Emily",T1,1,"Gorman,Emily reached on an error by Woods,Sammi (E6) (1-2 KSB).",E6,0,1__,KSBP,R,R,0,[],Away,Home,___,0.0,0.0,"['0-0', '0-1', '0-2', '1-2']",1,Reached on Error
643118.xml,02/14/2026,MARYLAND,BUF,"Wiegand,Elisea","Terwilliger,Reagan",T1,2,"Terwilliger,Reagan singled down the left field line (0-2 KK); Gorman,Emily advanced to second base.",1B,0,1__,KKP,L,R,0,[],Away,Home,1__,0.0,0.0,"['0-0', '0-1', '0-2']",1,Single
643118.xml,02/14/2026,MARYLAND,BUF,"Wiegand,Elisea","Delaney,Brianna",T1,3,"Delaney,Brianna struck out swinging (3-2 BFFBFBS).",K,0,___,BFFBFBS,R,R,0,[],Away,Home,1__,1.0,1.0,"['0-0', '1-0', '1-1', '1-2', '2-2', '3-2']",1,Strikeout
643118.xml,02/14/2026,MARYLAND,BUF,"Wiegand,Elisea","Allen,Nicole",T1,4,"Allen,Nicole popped up to short (0-1 K).",P6,1,___,KP,L,R,0,[],Away,Home,___,2.0,1.0,"['0-0', '0-1']",1,Out
643118.xml,02/14/2026,MARYLAND,BUF,"Wiegand,Elisea","Lauck,Lily",T1,5,"Lauck,Lily struck out swinging (1-2 KBFS).",K,2,___,KBFS,L,R,0,[],Away,Home,___,3.0,1.0,"['0-0', '0-1', '1-1', '1-2']",1,Strikeout
643118.xml,02/14/2026,BUF,MARYLAND,"Longsdorf,Genevieve","Cornwell,Caitlyn",B1,6,"Cornwell,Caitlyn walked (3-0 BBBB).",BB,0,1__,BBBB,L,R,0,[],Home,Away,___,0.0,0.0,"['0-0', '1-0', '2-0', '3-0']",1,Walk
643118.xml,02/14/2026,BUF,MARYLAND,"Longsdorf,Genevieve","Woods,Sammi",B1,7,"Woods,Sammi sacrifice bunt, c to 2b (1-1 BF); Cornwell,Caitlyn advanced to second base.",SH24,0,___,BFP,R,R,0,[],Home,Away,1__,1.0,1.0,"['0-0', '1-0', '1-1']",1,Sacrifice Hit
643118.xml,02/14/2026,BUF,MARYLAND,"Longsdorf,Genevieve","Solarz,Gracelyn",B1,8,"Cornwell,Caitlyn advanced to third base on a passed ball.",,1,___,N/A,,R,0,[],Home,Away,___,1.0,0.0,['Unknown'],1,N/A
643118.xml,02/14/2026,BUF,MARYLAND,"Longsdorf,Genevieve",Zayda Rocke,B1,9,"Rocke,Zayda sacrifice fly to cf, RBI (2-0 BB); Cornwell,Caitlyn scored, unearned.",SF8,1,___,BNBP,R,R,1,"['Longsdorf,Genevieve']",Home,Away,___,2.0,1.0,"['0-0', '1-0', '2-0']",1,Sacrifice Fly
643118.xml,02/14/2026,BUF,MARYLAND,"Longsdorf,Genevieve","McGowan,Anna",B1,10,"McGowan,Anna flied out to rf (3-2 KBBBF).",F9,2,___,KBBBFP,R,R,0,[],Home,Away,___,3.0,1.0,"['0-0', '0-1', '1-1', '2-1', '3-1', '3-2']",1,Out
643118.xml,02/14/2026,MARYLAND,BUF,"Wiegand,Elisea","Nagel,Abbey",T2,11,"Nagel,Abbey singled through the right side of the infield (1-2 FBFF).",1B,0,1__,FBFFP,L,R,0,[],Away,Home,___,0.0,0.0,"['0-0', '0-1', '1-1', '1-2']",2,Single
643118.xml,02/14/2026,MARYLAND,BUF,"Wiegand,Elisea","Smithson,Isabella",T2,12,"Smithson,Isabella struck out swinging (2-2 BBKFS).",K,0,___,BBKFS,R,R,0,[],Away,Home,1__,1.0,1.0,"['0-0', '1-0', '2-0', '2-1', '2-2']",2,Strikeout
643118.xml,02/14/2026,MARYLAND,BUF,"Wiegand,Elisea","Hopf,Ardyn",T2,13,"Hopf,Ardyn flied out to cf (2-2 KKBBF).",F8,1,___,KKBBFP,R,R,0,[],Away,Home,___,2.0,1.0,"['0-0', '0-1', '0-2', '1-2', '2-2']",2,Out
643118.xml,02/14/2026,MARYLAND,BUF,"Wiegand,Elisea","Thelen,Ava",T2,14,"Thelen,Ava grounded out, ss to 1b (0-1 F).",G63,2,___,FP,R,R,0,[],Away,Home,___,3.0,1.0,"['0-0', '0-1']",2,Out
643118.xml,02/14/2026,BUF,MARYLAND,"Longsdorf,Genevieve","Turner,Logan",B2,15,"Turner,Logan walked (3-1 BBBKB).",BB,0,1__,BBBKB,R,R,0,[],Home,Away,___,0.0,0.0,"['0-0', '1-0', '2-0', '3-0', '3-1']",2,Walk
643118.xml,02/14/2026,BUF,MARYLAND,"Longsdorf,Genevieve","Murphy,Bailey",B2,17,"Murphy,Bailey hit by pitch (4-0 BBBB); Caye,Lauren advanced to second base.",HBP,0,1__,BBNBB,L,R,0,[],Home,Away,1__,0.0,0.0,"['0-0', '1-0', '2-0', '3-0']",2,Out
643118.xml,02/14/2026,BUF,MARYLAND,"Toth,Melena","Fox,Caroline",B2,19,"Fox,Caroline sacrifice bunt, 3b to 1b (0-0); Caye,Lauren advanced to third base; Murphy,Bailey advanced to second base.",SH53,0,___,P,L,R,0,[],Home,Away,1__,1.0,1.0,['0-0'],2,Sacrifice Hit
643118.xml,02/14/2026,BUF,MARYLAND,"Toth,Melena","Rodmyre,Sage",B2,20,"Rodmyre,Sage singled, RBI (0-0); Caye,Lauren scored; Murphy,Bailey advanced to third base.",1B,1,1__,P,R,R,1,"['Toth,Melena']",Home,Away,___,1.0,0.0,['0-0'],2,Single
643118.xml,02/14/2026,BUF,MARYLAND,"Toth,Melena","Borovac,Taylor",B2,21,"Borovac,Taylor struck out swinging (0-2 SSS).",K,1,___,SSS,L,R,0,[],Home,Away,1__,2.0,1.0,"['0-0', '0-1', '0-2']",2,Strikeout
643118.xml,02/14/2026,BUF,MARYLAND,"Toth,Melena","Cornwell,Caitlyn",B2,22,"Cornwell,Caitlyn struck out swinging (2-2 BKBSS).",K,2,___,BKBSS,L,R,0,[],Home,Away,___,3.0,1.0,"['0-0', '1-0', '1-1', '2-1', '2-2']",2,Strikeout
643118.xml,02/14/2026,MARYLAND,BUF,"Wiegand,Elisea","Gorman,Emily",T3,24,"Gorman,Emily grounded out, ss to 1b (2-2 BBFKF).",G63,0,___,BBFKFP,R,R,0,[],Away,Home,___,1.0,1.0,"['0-0', '1-0', '2-0', '2-1', '2-2']",3,Out
643118.xml,02/14/2026,MARYLAND,BUF,"Wiegand,Elisea","Terwilliger,Reagan",T3,25,"Terwilliger,Reagan grounded out to first base, unassisted (1-1 BF).",G3,1,___,BFP,L,R,0,[],Away,Home,___,2.0,1.0,"['0-0', '1-0', '1-1']",3,Out
643118.xml,02/14/2026,MARYLAND,BUF,"Wiegand,Elisea","Delaney,Brianna",T3,26,"Delaney,Brianna popped up in third base side foul territory putout by ss (1-0 B).",P6,2,___,BP,R,R,0,[],Away,Home,___,3.0,1.0,"['0-0', '1-0']",3,Out
643118.xml,02/14/2026,BUF,MARYLAND,"Toth,Melena","Woods,Sammi",B3,27,"Woods,Sammi walked (3-0 BBBB).",BB,0,1__,BBBB,R,R,0,[],Home,Away,___,0.0,0.0,"['0-0', '1-0', '2-0', '3-0']",3,Walk
643118.xml,02/14/2026,BUF,MARYLAND,"Toth,Melena",Zayda Rocke,B3,28,"Rocke,Zayda grounded out to third base, 3b to 1b (2-2 KBFBF); Woods,Sammi advanced to second base.",G53,0,___,KBFBFP,R,R,0,[],Home,Away,1__,1.0,1.0,"['0-0', '0-1', '1-1', '1-2', '2-2']",3,Out
643118.xml,02/14/2026,BUF,MARYLAND,"Toth,Melena","McGowan,Anna",B3,29,"McGowan,Anna grounded out to third base, 3b to 1b (3-2 BBKFBF); Woods,Sammi advanced to third base.",G53,1,___,BBNKFBFP,R,R,0,[],Home,Away,___,2.0,1.0,"['0-0', '1-0', '2-0', '2-1', '2-2', '3-2']",3,Out
643118.xml,02/14/2026,BUF,MARYLAND,"Toth,Melena","Turner,Logan",B3,31,"Turner,Logan walked (3-1 BBBKB).",BB,2,1__,BBBKB,R,R,0,[],Home,Away,___,2.0,0.0,"['0-0', '1-0', '2-0', '3-0', '3-1']",3,Walk
643118.xml,02/14/2026,BUF,MARYLAND,"Toth,Melena","Murphy,Bailey",B3,32,"Murphy,Bailey grounded out to short, ss to 1b (1-1 BS).",G63,2,___,BNSP,L,R,0,[],Home,Away,1__,3.0,1.0,"['0-0', '1-0', '1-1']",3,Out
643118.xml,02/14/2026,MARYLAND,BUF,"Wiegand,Elisea","Allen,Nicole",T4,33,"Allen,Nicole grounded out, ss to 1b (0-1 F).",G63,0,___,FP,L,R,0,[],Away,Home,___,1.0,1.0,"['0-0', '0-1']",4,Out
643118.xml,02/14/2026,MARYLAND,BUF,"Wiegand,Elisea","Lauck,Lily",T4,34,"Lauck,Lily grounded out, 2b to 1b (1-0 B).",G43,1,___,BP,L,R,0,[],Away,Home,___,2.0,1.0,"['0-0', '1-0']",4,Out
643118.xml,02/14/2026,MARYLAND,BUF,"Wiegand,Elisea","Nagel,Abbey",T4,35,"Nagel,Abbey flied out to lf (0-2 KFFF).",F7,2,___,KFFFP,L,R,0,[],Away,Home,___,3.0,1.0,"['0-0', '0-1', '0-2']",4,Out
643118.xml,02/14/2026,BUF,MARYLAND,"Toth,Melena","Fox,Caroline",B4,36,"Fox,Caroline popped up to second base (0-2 FK).",P4,0,___,FKP,L,R,0,[],Home,Away,___,1.0,1.0,"['0-0', '0-1', '0-2']",4,Out
643118.xml,02/14/2026,BUF,MARYLAND,"Toth,Melena","Rodmyre,Sage",B4,37,"Rodmyre,Sage popped up to the infield putout by 3b (0-1 K).",P5,1,___,KP,R,R,0,[],Home,Away,___,2.0,1.0,"['0-0', '0-1']",4,Out
643118.xml,02/14/2026,BUF,MARYLAND,"Toth,Melena","Borovac,Taylor",B4,38,"Borovac,Taylor flied out to left center putout by cf (2-1 BBF).",F8,2,___,BBFP,L,R,0,[],Home,Away,___,3.0,1.0,"['0-0', '1-0', '2-0', '2-1']",4,Out
643118.xml,02/14/2026,MARYLAND,BUF,"Wiegand,Elisea","vonKolen,Tabitha",T5,40,"vonKolen,Tabitha walked (3-2 FKBFBBFFB).",BB,0,1__,FKBFBBFFB,L,R,0,[],Away,Home,___,0.0,0.0,"['0-0', '0-1', '0-2', '1-2', '2-2', '3-2']",5,Walk
643118.xml,02/14/2026,MARYLAND,BUF,"Wiegand,Elisea","Hopf,Ardyn",T5,41,"vonKolen,Tabitha advanced to second base on a wild pitch.",,0,___,N/A,,R,0,[],Away,Home,1__,0.0,0.0,['Unknown'],5,N/A
643118.xml,02/14/2026,MARYLAND,BUF,"Wiegand,Elisea","Hopf,Ardyn",T5,42,"Hopf,Ardyn popped up in third base side foul territory putout by lf (3-2 BBFBKF).",P7,0,___,BNBFBKFP,R,R,0,[],Away,Home,___,1.0,1.0,"['0-0', '1-0', '2-0', '2-1', '3-1', '3-2']",5,Out
643118.xml,02/14/2026,MARYLAND,BUF,"Wiegand,Elisea","Ellis,Delaney",T5,44,"Ellis,Delaney popped up in first base side foul territory putout by 2b (0-0).",P4,1,___,P,R,R,0,[],Away,Home,___,2.0,1.0,['0-0'],5,Out
643118.xml,02/14/2026,MARYLAND,BUF,"Wiegand,Elisea","Gorman,Emily",T5,45,"Gorman,Emily grounded out, 2b to 1b (0-0).",G43,2,___,P,R,R,0,[],Away,Home,___,3.0,1.0,['0-0'],5,Out
643118.xml,02/14/2026,BUF,MARYLAND,"Toth,Melena","Ullman,Bailey",B5,48,"Ullman,Bailey grounded out, 2b to 1b (2-2 KFBFB).",G43,0,___,KFBFBP,L,R,0,[],Home,Away,___,1.0,1.0,"['0-0', '0-1', '0-2', '1-2', '2-2']",5,Out
643118.xml,02/14/2026,BUF,MARYLAND,"Toth,Melena","Woods,Sammi",B5,49,"Woods,Sammi grounded out, 3b to 1b (0-1 K).",G53,1,___,KP,R,R,0,[],Home,Away,___,2.0,1.0,"['0-0', '0-1']",5,Out
643118.xml,02/14/2026,BUF,MARYLAND,"Toth,Melena",Zayda Rocke,B5,50,"Rocke,Zayda lined out to left center putout by lf (1-0 B).",L7,2,___,BP,R,R,0,[],Home,Away,___,3.0,1.0,"['0-0', '1-0']",5,Out
643118.xml,02/14/2026,MARYLAND,BUF,"Wiegand,Elisea","Terwilliger,Reagan",T6,53,"Terwilliger,Reagan lined out to ss (3-2 BFBBK).",L6,0,___,BFBBKP,L,R,0,[],Away,Home,___,1.0,1.0,"['0-0', '1-0', '1-1', '2-1', '3-1', '3-2']",6,Out
643118.xml,02/14/2026,MARYLAND,BUF,"Wiegand,Elisea","Delaney,Brianna",T6,54,"Delaney,Brianna reached on a fielding error fielding by 3b by Rodmyre,Sage (E5) (1-2 KSB).",E5,1,1__,KSBP,R,R,0,[],Away,Home,___,1.0,0.0,"['0-0', '0-1', '0-2', '1-2']",6,Reached on Error
643118.xml,02/14/2026,MARYLAND,BUF,"Wiegand,Elisea","Allen,Nicole",T6,55,"Allen,Nicole reached on a fielder's choice hit to short (0-0); Delaney,Brianna out at second base, ss to 2b.",FC,1,1__,P,L,R,0,[],Away,Home,1__,2.0,1.0,['0-0'],6,Fielders Choice
643118.xml,02/14/2026,MARYLAND,BUF,"Wiegand,Elisea","Lauck,Lily",T6,56,"Lauck,Lily singled up the middle (1-1 KB); Allen,Nicole advanced to second base.",1B,2,1__,KBP,L,R,0,[],Away,Home,1__,2.0,0.0,"['0-0', '0-1', '1-1']",6,Single
643118.xml,02/14/2026,MARYLAND,BUF,"Wiegand,Elisea","Nagel,Abbey",T6,57,"Nagel,Abbey flied out down the left field line putout by lf (1-2 KFB).",F7,2,___,KFBP,L,R,0,[],Away,Home,1__,3.0,1.0,"['0-0', '0-1', '0-2', '1-2']",6,Out
643118.xml,02/14/2026,BUF,MARYLAND,"Toth,Melena","McGowan,Anna",B6,58,"McGowan,Anna flied out to right center putout by rf (0-1 F).",F9,0,___,FP,R,R,0,[],Home,Away,___,1.0,1.0,"['0-0', '0-1']",6,Out
643118.xml,02/14/2026,BUF,MARYLAND,"Toth,Melena","Turner,Logan",B6,59,"Turner,Logan walked (3-2 BBKBFFB).",BB,1,1__,BBKBFFB,R,R,0,[],Home,Away,___,1.0,0.0,"['0-0', '1-0', '2-0', '2-1', '3-1', '3-2']",6,Walk
643118.xml,02/14/2026,BUF,MARYLAND,"Toth,Melena","Penta,Mariah",B6,62,"Penta,Mariah reached on a fielding error fielding by 3b by Delaney,Brianna (E5) (0-0); Williams,Jaylee advanced to second base.",E5,1,1__,P,R,R,0,[],Home,Away,1__,1.0,0.0,['0-0'],6,Reached on Error
643118.xml,02/14/2026,BUF,MARYLAND,"Toth,Melena","Fox,Caroline",B6,64,"Fox,Caroline lined out down the left field line putout by lf (1-2 KFB).",L7,1,___,KFBP,L,R,0,[],Home,Away,1__,2.0,1.0,"['0-0', '0-1', '0-2', '1-2']",6,Out
643118.xml,02/14/2026,BUF,MARYLAND,"Toth,Melena","Rodmyre,Sage",B6,65,"Rodmyre,Sage singled through the left side of the infield, RBI (0-0); Williams,Jaylee scored from second base; Wilson,Gracie advanced to second base.",1B,2,1__,P,R,R,1,"['Toth,Melena']",Home,Away,___,2.0,0.0,['0-0'],6,Single
643118.xml,02/14/2026,BUF,MARYLAND,"Toth,Melena","Borovac,Taylor",B6,66,"Borovac,Taylor singled to left field (1-0 B); Wilson,Gracie advanced to third base; Rodmyre,Sage advanced to second base.",1B,2,1__,BNP,L,R,0,[],Home,Away,1__,2.0,0.0,"['0-0', '1-0']",6,Single
643118.xml,02/14/2026,BUF,MARYLAND,"Toth,Melena","Cornwell,Caitlyn",B6,67,"Cornwell,Caitlyn singled to short, RBI (3-1 SBBB); Wilson,Gracie scored; Rodmyre,Sage advanced to third base; Borovac,Taylor advanced to second base.",1B,2,1__,SBBBP,L,R,1,"['Toth,Melena']",Home,Away,1__,2.0,0.0,"['0-0', '0-1', '1-1', '2-1', '3-1']",6,Single
643118.xml,02/14/2026,BUF,MARYLAND,"Toth,Melena","Woods,Sammi",B6,68,"Woods,Sammi singled to shallow left field, 2RBI (2-2 KFBB); Rodmyre,Sage scored; Borovac,Taylor scored from second base; Cornwell,Caitlyn advanced to second base.",1B,2,1__,KFBBP,R,R,2,"['Toth,Melena', 'Toth,Melena']",Home,Away,1__,2.0,0.0,"['0-0', '0-1', '0-2', '1-2', '2-2']",6,Single
643118.xml,02/14/2026,BUF,MARYLAND,"Toth,Melena",Zayda Rocke,B6,69,"Rocke,Zayda walked (3-0 BBBB); Cornwell,Caitlyn advanced to third base; Woods,Sammi advanced to second base.",BB,2,1__,BBBB,R,R,0,[],Home,Away,1__,2.0,0.0,"['0-0', '1-0', '2-0', '3-0']",6,Walk
643118.xml,02/14/2026,BUF,MARYLAND,"Toth,Melena","McGowan,Anna",B6,71,"McGowan,Anna singled up the middle, 2RBI (0-1 K); Cornwell,Caitlyn scored; Woods,Sammi scored from second base; Solarz,Gracelyn advanced to second base.",1B,2,1__,KP,R,R,2,"['Toth,Melena', 'Toth,Melena']",Home,Away,1__,2.0,0.0,"['0-0', '0-1']",6,Single
637907.xml,02/14/2026,ECU,MARYLAND,"Apostolakos,Julia","Cornwell,Caitlyn",T1,1,"Cornwell,Caitlyn hit by pitch (1-1 FBB).",HBP,0,1__,FBB,L,R,0,[],Away,Home,___,0.0,0.0,"['0-0', '0-1', '1-1']",1,Out
637907.xml,02/14/2026,ECU,MARYLAND,"Apostolakos,Julia","Woods,Sammi",T1,2,"Woods,Sammi sacrifice bunt, error throwing by c by Stone,Sarah (E2) hit in the infield (0-0); Cornwell,Caitlyn advanced from first base to third base; Woods,Sammi advanced to second base.",SHE2,0,1__,P,R,R,0,[],Away,Home,1__,0.0,0.0,['0-0'],1,Reached on Error
637907.xml,02/14/2026,ECU,MARYLAND,"Apostolakos,Julia",Zayda Rocke,T1,3,"Rocke,Zayda walked (3-2 BBSBSFB).",BB,0,1__,BBSBSFB,R,R,0,[],Away,Home,1__,0.0,0.0,"['0-0', '1-0', '2-0', '2-1', '3-1', '3-2']",1,Walk
637907.xml,02/14/2026,ECU,MARYLAND,"Apostolakos,Julia","McGowan,Anna",T1,4,"McGowan,Anna struck out looking (1-2 SKBK).",K,0,___,SKBK,R,R,0,[],Away,Home,1__,1.0,1.0,"['0-0', '0-1', '0-2', '1-2']",1,Strikeout
637907.xml,02/14/2026,ECU,MARYLAND,"Apostolakos,Julia","Penta,Mariah",T1,5,"Penta,Mariah doubled to right center, 2RBI (1-0 B); Cornwell,Caitlyn scored, unearned; Woods,Sammi scored from second base, unearned; Rocke,Zayda advanced from first base to third base.",2B,1,_2_,BP,R,R,2,"['Apostolakos,Julia', 'Apostolakos,Julia']",Away,Home,___,1.0,0.0,"['0-0', '1-0']",1,Double
637907.xml,02/14/2026,ECU,MARYLAND,"Apostolakos,Julia","Rodmyre,Sage",T1,6,"Rodmyre,Sage reached on a fielder's choice hit to short (0-0); Rocke,Zayda out at home, ss to c.",FC,1,1__,P,R,R,0,[],Away,Home,_2_,2.0,1.0,['0-0'],1,Fielders Choice
637907.xml,02/14/2026,ECU,MARYLAND,"Apostolakos,Julia","Murphy,Bailey",T1,7,"Murphy,Bailey struck out looking (0-2 KKFK).",K,2,___,KKFK,L,R,0,[],Away,Home,1__,3.0,1.0,"['0-0', '0-1', '0-2']",1,Strikeout
637907.xml,02/14/2026,MARYLAND,ECU,Keira Bucher,"Anderson,Kanisha",B1,8,"Anderson,Kanisha grounded out, 2b to 1b (2-1 BFB).",G43,0,___,BFBP,L,R,0,[],Home,Away,___,1.0,1.0,"['0-0', '1-0', '1-1', '2-1']",1,Out
637907.xml,02/14/2026,MARYLAND,ECU,Keira Bucher,"Sawyer,Anna",B1,9,"Sawyer,Anna walked (3-2 BBBKKB).",BB,1,1__,BBBKKB,L,R,0,[],Home,Away,___,1.0,0.0,"['0-0', '1-0', '2-0', '3-0', '3-1', '3-2']",1,Walk
637907.xml,02/14/2026,MARYLAND,ECU,Keira Bucher,"Stone,Sarah",B1,10,"Stone,Sarah singled to third base (0-1 K); Sawyer,Anna advanced to second base.",1B,1,1__,KP,R,R,0,[],Home,Away,1__,1.0,0.0,"['0-0', '0-1']",1,Single
637907.xml,02/14/2026,MARYLAND,ECU,Keira Bucher,"Fowler,Gabby",B1,11,"Fowler,Gabby struck out swinging (1-2 KBKFS); Sawyer,Anna stole third base; Stone,Sarah advanced to second base on the throw.",K,1,___,KBKFS,R,R,0,[],Home,Away,1__,2.0,1.0,"['0-0', '0-1', '1-1', '1-2']",1,Strikeout
637907.xml,02/14/2026,MARYLAND,ECU,Keira Bucher,"Krol,Jenna",B1,12,"Krol,Jenna singled to third base, RBI (0-0); Sawyer,Anna scored; Stone,Sarah advanced to third base.",1B,2,1__,P,R,R,1,"['Bucher,Keira']",Home,Away,___,2.0,0.0,['0-0'],1,Single
637907.xml,02/14/2026,MARYLAND,ECU,Keira Bucher,"Geijer,Chloe",B1,13,"Krol,Jenna advanced to second base on defensive indifference.",,2,___,N/A,N/A,N/A,0,[],Home,Away,1__,2.0,0.0,['Unknown'],1,N/A
637907.xml,02/14/2026,MARYLAND,ECU,Keira Bucher,"Geijer,Chloe",B1,14,"Geijer,Chloe flied out to deep right field putout by rf (2-2 SBKFFFB).",F9,2,___,SBKFFFBP,R,R,0,[],Home,Away,___,3.0,1.0,"['0-0', '0-1', '1-1', '1-2', '2-2']",1,Out
637907.xml,02/14/2026,ECU,MARYLAND,"Apostolakos,Julia","Fox,Caroline",T2,15,"Fox,Caroline grounded out to first base, unassisted (0-0).",G3,0,___,P,L,R,0,[],Away,Home,___,1.0,1.0,['0-0'],2,Out
637907.xml,02/14/2026,ECU,MARYLAND,"Apostolakos,Julia","Borovac,Taylor",T2,16,"Borovac,Taylor grounded out to first base, unassisted (0-0).",G3,1,___,P,L,R,0,[],Away,Home,___,2.0,1.0,['0-0'],2,Out
637907.xml,02/14/2026,ECU,MARYLAND,"Apostolakos,Julia","Cornwell,Caitlyn",T2,17,"Cornwell,Caitlyn walked (3-2 BKBBKB).",BB,2,1__,BKBBKB,L,R,0,[],Away,Home,___,2.0,0.0,"['0-0', '1-0', '1-1', '2-1', '3-1', '3-2']",2,Walk
637907.xml,02/14/2026,ECU,MARYLAND,"Apostolakos,Julia","Woods,Sammi",T2,18,"Woods,Sammi flied out to shallow center field putout by cf (0-0).",F8,2,___,P,R,R,0,[],Away,Home,1__,3.0,1.0,['0-0'],2,Out
637907.xml,02/14/2026,MARYLAND,ECU,Keira Bucher,"Deter,Hailey",B2,19,"Deter,Hailey grounded out to the pitcher, p to 1b (3-2 SBKBB).",G13,0,___,SBKBBP,L,R,0,[],Home,Away,___,1.0,1.0,"['0-0', '0-1', '1-1', '1-2', '2-2', '3-2']",2,Out
637907.xml,02/14/2026,MARYLAND,ECU,Keira Bucher,"Scott,MaryKathryn",B2,20,"Scott,MaryKathryn grounded out to the infield, 1b to 2b (0-1 K).",G34,1,___,KP,R,R,0,[],Home,Away,___,2.0,1.0,"['0-0', '0-1']",2,Out
637907.xml,02/14/2026,MARYLAND,ECU,Keira Bucher,"Nichols,Trinity",B2,21,"Nichols,Trinity walked (3-2 BSBBSB).",BB,2,1__,BSBBSB,R,R,0,[],Home,Away,___,2.0,0.0,"['0-0', '1-0', '1-1', '2-1', '3-1', '3-2']",2,Walk
637907.xml,02/14/2026,MARYLAND,ECU,Keira Bucher,"Anderson,Kanisha",B2,22,"Anderson,Kanisha grounded out, ss to 1b (1-2 FBF).",G63,2,___,FBFP,L,R,0,[],Home,Away,1__,3.0,1.0,"['0-0', '0-1', '1-1', '1-2']",2,Out
637907.xml,02/14/2026,ECU,MARYLAND,"Apostolakos,Julia",Zayda Rocke,T3,23,"Rocke,Zayda struck out swinging (2-2 BFFBS).",K,0,___,BFFBS,R,R,0,[],Away,Home,___,1.0,1.0,"['0-0', '1-0', '1-1', '1-2', '2-2']",3,Strikeout
637907.xml,02/14/2026,ECU,MARYLAND,"Apostolakos,Julia","McGowan,Anna",T3,24,"McGowan,Anna struck out swinging (1-2 KKBS).",K,1,___,KKBS,R,R,0,[],Away,Home,___,2.0,1.0,"['0-0', '0-1', '0-2', '1-2']",3,Strikeout
637907.xml,02/14/2026,ECU,MARYLAND,"Apostolakos,Julia","Penta,Mariah",T3,25,"Penta,Mariah doubled to deep left field (0-2 KK).",2B,2,_2_,KKP,R,R,0,[],Away,Home,___,2.0,0.0,"['0-0', '0-1', '0-2']",3,Double
637907.xml,02/14/2026,ECU,MARYLAND,"Apostolakos,Julia","Rodmyre,Sage",T3,26,"Rodmyre,Sage flied out in first base side foul territory putout by 1b (0-2 KF).",F3,2,___,KFP,R,R,0,[],Away,Home,_2_,3.0,1.0,"['0-0', '0-1', '0-2']",3,Out
637907.xml,02/14/2026,MARYLAND,ECU,Keira Bucher,"Sawyer,Anna",B3,27,"Sawyer,Anna flied out to right center putout by rf (3-2 KKFBFBB).",F9,0,___,KKFBFBBP,L,R,0,[],Home,Away,___,1.0,1.0,"['0-0', '0-1', '0-2', '1-2', '2-2', '3-2']",3,Out
637907.xml,02/14/2026,MARYLAND,ECU,Keira Bucher,"Stone,Sarah",B3,28,"Stone,Sarah singled in the infield (1-1 FB).",1B,1,1__,FBP,R,R,0,[],Home,Away,___,1.0,0.0,"['0-0', '0-1', '1-1']",3,Single
637907.xml,02/14/2026,MARYLAND,ECU,Keira Bucher,"Fowler,Gabby",B3,29,"Fowler,Gabby singled through the right side of the infield (0-0); Stone,Sarah advanced to second base.",1B,1,1__,P,R,R,0,[],Home,Away,1__,1.0,0.0,['0-0'],3,Single
637907.xml,02/14/2026,MARYLAND,ECU,Keira Bucher,"Krol,Jenna",B3,30,"Krol,Jenna flied out to right center putout by cf (1-0 B); Stone,Sarah advanced to third base.",F8,1,___,BP,R,R,0,[],Home,Away,1__,2.0,1.0,"['0-0', '1-0']",3,Out
637907.xml,02/14/2026,MARYLAND,ECU,Keira Bucher,"Geijer,Chloe",B3,31,"Geijer,Chloe grounded out, 3b to 1b (1-1 KB).",G53,2,___,KBP,R,R,0,[],Home,Away,___,3.0,1.0,"['0-0', '0-1', '1-1']",3,Out
637907.xml,02/14/2026,ECU,MARYLAND,"Apostolakos,Julia","Murphy,Bailey",T4,32,"Murphy,Bailey grounded out, ss to 1b (0-0).",G63,0,___,P,L,R,0,[],Away,Home,___,1.0,1.0,['0-0'],4,Out
637907.xml,02/14/2026,ECU,MARYLAND,"Apostolakos,Julia","Fox,Caroline",T4,33,"Fox,Caroline grounded out, 2b to 1b (0-0).",G43,1,___,P,L,R,0,[],Away,Home,___,2.0,1.0,['0-0'],4,Out
637907.xml,02/14/2026,ECU,MARYLAND,"Apostolakos,Julia","Borovac,Taylor",T4,34,"Borovac,Taylor singled to shallow left field (2-2 BBSS).",1B,2,1__,BBSSP,L,R,0,[],Away,Home,___,2.0,0.0,"['0-0', '1-0', '2-0', '2-1', '2-2']",4,Single
637907.xml,02/14/2026,ECU,MARYLAND,"Apostolakos,Julia","Cornwell,Caitlyn",T4,35,"Cornwell,Caitlyn singled through the left side of the infield (0-1 F); Borovac,Taylor advanced to second base.",1B,2,1__,FP,L,R,0,[],Away,Home,1__,2.0,0.0,"['0-0', '0-1']",4,Single
637907.xml,02/14/2026,ECU,MARYLAND,"Apostolakos,Julia","Woods,Sammi",T4,36,"Woods,Sammi flied out down the right field line putout by rf (2-2 BKKFB).",F9,2,___,BKKFBP,R,R,0,[],Away,Home,1__,3.0,1.0,"['0-0', '1-0', '1-1', '1-2', '2-2']",4,Out
637907.xml,02/14/2026,MARYLAND,ECU,Keira Bucher,"Evans,Hannah",B4,38,"Evans,Hannah walked (3-2 BBKBKFB).",BB,0,1__,BBKBKFB,L,R,0,[],Home,Away,___,0.0,0.0,"['0-0', '1-0', '2-0', '2-1', '3-1', '3-2']",4,Walk
637907.xml,02/14/2026,MARYLAND,ECU,Keira Bucher,"Scott,MaryKathryn",B4,39,"Scott,MaryKathryn sacrifice bunt to the infield, p to 2b (0-0); Evans,Hannah advanced to second base.",SH14,0,___,P,R,R,0,[],Home,Away,1__,1.0,1.0,['0-0'],4,Sacrifice Hit
637907.xml,02/14/2026,MARYLAND,ECU,Keira Bucher,"Nichols,Trinity",B4,40,"Nichols,Trinity singled to right center (0-0); Evans,Hannah out at third base, cf to c to 3b; Nichols,Trinity advanced to second base on the throw.",1B,1,1__,P,R,R,0,[],Home,Away,___,2.0,1.0,['0-0'],4,Single
637907.xml,02/14/2026,MARYLAND,ECU,Keira Bucher,"Anderson,Kanisha",B4,41,"Anderson,Kanisha grounded out, ss to 1b (1-2 FKFBF).",G63,2,1__,FKFBFP,L,R,0,[],Home,Away,1__,3.0,1.0,"['0-0', '0-1', '0-2', '1-2']",4,Out
637907.xml,02/14/2026,ECU,MARYLAND,"Apostolakos,Julia","McGowan,Anna",T5,44,"McGowan,Anna singled to right field (0-0).",1B,0,1__,P,R,R,0,[],Away,Home,___,0.0,0.0,['0-0'],5,Single
637907.xml,02/14/2026,ECU,MARYLAND,"Apostolakos,Julia","Penta,Mariah",T5,46,"Penta,Mariah sacrifice bunt, 3b to 1b (0-0); Wilson,Gracie advanced to second base.",SH53,0,___,P,R,R,0,[],Away,Home,1__,1.0,1.0,['0-0'],5,Sacrifice Hit
637907.xml,02/14/2026,ECU,MARYLAND,"Apostolakos,Julia","Rodmyre,Sage",T5,47,"Rodmyre,Sage singled to left center, RBI (0-0); Wilson,Gracie scored from second base; Rodmyre,Sage advanced to second base on the throw.",1B,1,1__,P,R,R,1,"['Apostolakos,Julia']",Away,Home,___,1.0,0.0,['0-0'],5,Single
637907.xml,02/14/2026,ECU,MARYLAND,"Apostolakos,Julia","Murphy,Bailey",T5,48,"Murphy,Bailey singled through the right side of the infield, RBI (0-0); Rodmyre,Sage scored from second base.",1B,1,1__,P,L,R,1,"['Apostolakos,Julia']",Away,Home,1__,1.0,0.0,['0-0'],5,Single
637907.xml,02/14/2026,ECU,MARYLAND,"Apostolakos,Julia","Fox,Caroline",T5,49,"Fox,Caroline grounded out, 2b to 1b (0-0); Murphy,Bailey advanced to second base.",G43,1,___,P,L,R,0,[],Away,Home,1__,2.0,1.0,['0-0'],5,Out
637907.xml,02/14/2026,ECU,MARYLAND,"Apostolakos,Julia","Borovac,Taylor",T5,50,"Borovac,Taylor grounded out, 2b to 1b (0-0).",G43,2,___,P,L,R,0,[],Away,Home,___,3.0,1.0,['0-0'],5,Out
637907.xml,02/14/2026,MARYLAND,ECU,Keira Bucher,"Sawyer,Anna",B5,52,"Sawyer,Anna flied out to left center putout by lf (0-0).",F7,0,___,P,L,R,0,[],Home,Away,___,1.0,1.0,['0-0'],5,Out
637907.xml,02/14/2026,MARYLAND,ECU,Keira Bucher,"Stone,Sarah",B5,53,"Stone,Sarah singled to the pitcher's mound (0-0).",1B,1,1__,P,R,R,0,[],Home,Away,___,1.0,0.0,['0-0'],5,Single
637907.xml,02/14/2026,MARYLAND,ECU,Keira Bucher,"Manos,Kendall",B5,54,"Stone,Sarah stole second base.",,1,___,N/A,N/A,N/A,0,[],Home,Away,1__,1.0,0.0,['Unknown'],5,N/A
637907.xml,02/14/2026,MARYLAND,ECU,Keira Bucher,"Fowler,Gabby",B5,55,"Fowler,Gabby reached on a fielder's choice hit to short (2-2 KKBB); Stone,Sarah out at second base, ss unassisted.",FC,1,1__,KKBBP,R,R,0,[],Home,Away,___,2.0,1.0,"['0-0', '0-1', '0-2', '1-2', '2-2']",5,Fielders Choice
637907.xml,02/14/2026,MARYLAND,ECU,Keira Bucher,"Krol,Jenna",B5,56,"Krol,Jenna popped up to ss (0-0).",P6,2,___,P,R,R,0,[],Home,Away,1__,3.0,1.0,['0-0'],5,Out
637907.xml,02/14/2026,ECU,MARYLAND,"Apostolakos,Julia","Cornwell,Caitlyn",T6,57,"Cornwell,Caitlyn grounded out, p to 2b, bunt (0-0).",G14,0,___,P,L,R,0,[],Away,Home,___,1.0,1.0,['0-0'],6,Out
637907.xml,02/14/2026,ECU,MARYLAND,"Apostolakos,Julia","Woods,Sammi",T6,58,"Woods,Sammi popped up in first base side foul territory putout by c (0-1 K).",P2,1,___,KP,R,R,0,[],Away,Home,___,2.0,1.0,"['0-0', '0-1']",6,Out
637907.xml,02/14/2026,ECU,MARYLAND,"Apostolakos,Julia",Zayda Rocke,T6,59,"Rocke,Zayda flied out to right center putout by rf (1-0 B).",F9,2,___,BP,R,R,0,[],Away,Home,___,3.0,1.0,"['0-0', '1-0']",6,Out
637907.xml,02/14/2026,MARYLAND,ECU,Keira Bucher,"Geijer,Chloe",B6,60,"Geijer,Chloe flied out to shallow left field putout by lf (0-0).",F7,0,___,P,R,R,0,[],Home,Away,___,1.0,1.0,['0-0'],6,Out
637907.xml,02/14/2026,MARYLAND,ECU,Keira Bucher,"Evans,Hannah",B6,61,"Evans,Hannah singled through the left side of the infield (1-0 B).",1B,1,1__,BP,L,R,0,[],Home,Away,___,1.0,0.0,"['0-0', '1-0']",6,Single
637907.xml,02/14/2026,MARYLAND,ECU,Keira Bucher,"Scott,MaryKathryn",B6,62,"Scott,MaryKathryn grounded out to first base, unassisted (1-1 KB); Evans,Hannah advanced to second base.",G3,1,___,KBP,R,R,0,[],Home,Away,1__,2.0,1.0,"['0-0', '0-1', '1-1']",6,Out
637907.xml,02/14/2026,MARYLAND,ECU,Keira Bucher,"Nichols,Trinity",B6,63,"Nichols,Trinity singled in the infield, bunt (0-2 KS); Evans,Hannah advanced to third base.",1B,2,1__,KSP,R,R,0,[],Home,Away,___,2.0,0.0,"['0-0', '0-1', '0-2']",6,Single
637907.xml,02/14/2026,MARYLAND,ECU,Keira Bucher,"Anderson,Kanisha",B6,64,"Anderson,Kanisha grounded out to the infield, c to 1b, bunt (1-0 B).",G23,2,___,BP,L,R,0,[],Home,Away,1__,3.0,1.0,"['0-0', '1-0']",6,Out
637907.xml,02/14/2026,ECU,MARYLAND,"Apostolakos,Julia","McGowan,Anna",T7,65,"McGowan,Anna grounded out, ss to 1b (2-1 BBK).",G63,0,___,BBKP,R,R,0,[],Away,Home,___,1.0,1.0,"['0-0', '1-0', '2-0', '2-1']",7,Out
637907.xml,02/14/2026,ECU,MARYLAND,"Apostolakos,Julia","Penta,Mariah",T7,66,"Penta,Mariah flied out to shallow center field putout by cf (1-1 KB).",F8,1,___,KBP,R,R,0,[],Away,Home,___,2.0,1.0,"['0-0', '0-1', '1-1']",7,Out
637907.xml,02/14/2026,ECU,MARYLAND,"Apostolakos,Julia","Rodmyre,Sage",T7,67,"Rodmyre,Sage singled through the right side of the infield (3-2 KBBFB).",1B,2,1__,KBBFBP,R,R,0,[],Away,Home,___,2.0,0.0,"['0-0', '0-1', '1-1', '2-1', '2-2', '3-2']",7,Single
637907.xml,02/14/2026,ECU,MARYLAND,"Apostolakos,Julia","Murphy,Bailey",T7,69,"Murphy,Bailey grounded out, p to 1b (1-2 BFFF).",G13,2,___,BFFFP,L,R,0,[],Away,Home,1__,3.0,1.0,"['0-0', '1-0', '1-1', '1-2']",7,Out
637907.xml,02/14/2026,MARYLAND,ECU,Keira Bucher,"Sawyer,Anna",B7,71,"Sawyer,Anna grounded out, 2b to 1b (1-0 B).",G43,0,___,BP,L,R,0,[],Home,Away,___,1.0,1.0,"['0-0', '1-0']",7,Out
637907.xml,02/14/2026,MARYLAND,ECU,Keira Bucher,"Stone,Sarah",B7,72,"Stone,Sarah flied out to cf (2-2 FBBF).",F8,1,___,FBBFP,R,R,0,[],Home,Away,___,2.0,1.0,"['0-0', '0-1', '1-1', '2-1', '2-2']",7,Out
637907.xml,02/14/2026,MARYLAND,ECU,Keira Bucher,"Fowler,Gabby",B7,73,"Fowler,Gabby reached on a fielding error fielding by 3b by Rodmyre,Sage (E5) (1-1 KB).",E5,2,1__,KBP,R,R,0,[],Home,Away,___,2.0,0.0,"['0-0', '0-1', '1-1']",7,Reached on Error
637907.xml,02/14/2026,MARYLAND,ECU,Keira Bucher,"Krol,Jenna",B7,75,"Krol,Jenna grounded out, 3b to 1b (1-1 BF).",G53,2,___,BFP,R,R,0,[],Home,Away,1__,3.0,1.0,"['0-0', '1-0', '1-1']",7,Out
637906.xml,02/15/2026,ECU,MARYLAND,"Apple,Taylor","Cornwell,Caitlyn",T1,1,"Cornwell,Caitlyn flied out to cf (1-0 B).",F8,0,___,BP,,,0,[],Away,Home,___,1.0,1.0,"['0-0', '1-0']",1,Out
637906.xml,02/15/2026,ECU,MARYLAND,"Apple,Taylor","Woods,Sammi",T1,2,"Woods,Sammi singled to shallow left field (3-2 BBKBS).",1B,1,1__,BBKBSP,,,0,[],Away,Home,___,1.0,0.0,"['0-0', '1-0', '2-0', '2-1', '3-1', '3-2']",1,Single
637906.xml,02/15/2026,ECU,MARYLAND,"Apple,Taylor",Zayda Rocke,T1,3,"Rocke,Zayda popped into double play in first base side foul territory putout by c (1-1 KB); Woods,Sammi out at 1B on the play, c to 2b, in a double play.",PDP2,1,___,KBP,,,0,[],Away,Home,1__,3.0,2.0,"['0-0', '0-1', '1-1']",1,Out
637906.xml,02/15/2026,MARYLAND,ECU,"Olensky,Caitlin","Anderson,Kanisha",B1,4,"Anderson,Kanisha walked (3-2 BBFBKB).",BB,0,1__,BBFBKB,,,0,[],Home,Away,___,0.0,0.0,"['0-0', '1-0', '2-0', '2-1', '3-1', '3-2']",1,Walk
637906.xml,02/15/2026,MARYLAND,ECU,"Olensky,Caitlin","Sawyer,Anna",B1,5,"Sawyer,Anna doubled to right center (1-2 KSB); Anderson,Kanisha advanced from first base to third base.",2B,0,_2_,KSBP,,,0,[],Home,Away,1__,0.0,0.0,"['0-0', '0-1', '0-2', '1-2']",1,Double
637906.xml,02/15/2026,MARYLAND,ECU,"Olensky,Caitlin","Stone,Sarah",B1,6,"Stone,Sarah singled down the left field line, 2RBI (0-0); Anderson,Kanisha scored; Sawyer,Anna scored from second base.",1B,0,1__,P,,,2,"['Olensky,Caitlin', 'Olensky,Caitlin']",Home,Away,_2_,0.0,0.0,['0-0'],1,Single
637906.xml,02/15/2026,MARYLAND,ECU,"Olensky,Caitlin","Krol,Jenna",B1,7,"Krol,Jenna singled through the left side of the infield (0-2 KF); Stone,Sarah advanced to second base.",1B,0,1__,KFP,,,0,[],Home,Away,1__,0.0,0.0,"['0-0', '0-1', '0-2']",1,Single
637906.xml,02/15/2026,MARYLAND,ECU,"Olensky,Caitlin","Fowler,Gabby",B1,8,"Fowler,Gabby popped up to short putout by 2b (0-0).",P4,0,___,P,,,0,[],Home,Away,1__,1.0,1.0,['0-0'],1,Out
637906.xml,02/15/2026,MARYLAND,ECU,"Olensky,Caitlin","Nichols,Trinity",B1,9,"Nichols,Trinity struck out swinging (1-2 BKSS).",K,1,___,BKSS,,,0,[],Home,Away,___,2.0,1.0,"['0-0', '1-0', '1-1', '1-2']",1,Strikeout
637906.xml,02/15/2026,MARYLAND,ECU,"Olensky,Caitlin","Martineau,Lillian",B1,10,"Martineau,Lillian struck out swinging (0-2 SSS).",K,2,___,SSS,,,0,[],Home,Away,___,3.0,1.0,"['0-0', '0-1', '0-2']",1,Strikeout
637906.xml,02/15/2026,ECU,MARYLAND,"Apple,Taylor","McGowan,Anna",T2,13,"McGowan,Anna flied out to left center putout by lf (0-1 F).",F7,0,___,FP,,,0,[],Away,Home,___,1.0,1.0,"['0-0', '0-1']",2,Out
637906.xml,02/15/2026,ECU,MARYLAND,"Apple,Taylor","Penta,Mariah",T2,14,"Penta,Mariah popped up in behind home plate foul territory putout by c (1-2 KFBF).",P2,1,___,KFBFP,,,0,[],Away,Home,___,2.0,1.0,"['0-0', '0-1', '0-2', '1-2']",2,Out
637906.xml,02/15/2026,ECU,MARYLAND,"Apple,Taylor","Rodmyre,Sage",T2,15,"Rodmyre,Sage grounded out, 2b to 1b (1-0 B).",G43,2,___,BP,,,0,[],Away,Home,___,3.0,1.0,"['0-0', '1-0']",2,Out
637906.xml,02/15/2026,MARYLAND,ECU,"Olensky,Caitlin","Scott,MaryKathryn",B2,16,"Scott,MaryKathryn grounded out, ss to 1b (3-2 BSBFFB).",G63,0,___,BSBFFBP,,,0,[],Home,Away,___,1.0,1.0,"['0-0', '1-0', '1-1', '2-1', '2-2', '3-2']",2,Out
637906.xml,02/15/2026,MARYLAND,ECU,"Olensky,Caitlin","Geijer,Chloe",B2,17,"Geijer,Chloe struck out swinging (1-2 KBSS).",K,1,___,KBSS,,,0,[],Home,Away,___,2.0,1.0,"['0-0', '0-1', '1-1', '1-2']",2,Strikeout
637906.xml,02/15/2026,MARYLAND,ECU,"Olensky,Caitlin","Anderson,Kanisha",B2,18,"Anderson,Kanisha singled in the infield (1-0 B).",1B,2,1__,BP,,,0,[],Home,Away,___,2.0,0.0,"['0-0', '1-0']",2,Single
637906.xml,02/15/2026,MARYLAND,ECU,"Olensky,Caitlin","Sawyer,Anna",B2,19,"Sawyer,Anna grounded out, 2b to 1b (0-0).",G43,2,___,P,,,0,[],Home,Away,1__,3.0,1.0,['0-0'],2,Out
637906.xml,02/15/2026,ECU,MARYLAND,"Apple,Taylor","Murphy,Bailey",T3,20,"Murphy,Bailey singled to shallow center field (0-0).",1B,0,1__,P,,,0,[],Away,Home,___,0.0,0.0,['0-0'],3,Single
637906.xml,02/15/2026,ECU,MARYLAND,"Apple,Taylor","Fox,Caroline",T3,21,"Fox,Caroline sacrifice bunt to the infield, 3b to 2b (1-1 FB); Murphy,Bailey advanced to second base.",SH54,0,___,FBP,,,0,[],Away,Home,1__,1.0,1.0,"['0-0', '0-1', '1-1']",3,Sacrifice Hit
637906.xml,02/15/2026,ECU,MARYLAND,"Apple,Taylor","Borovac,Taylor",T3,22,"Borovac,Taylor flied out to deep right field putout by rf (0-0); Murphy,Bailey advanced to third base.",F9,1,___,P,,,0,[],Away,Home,___,2.0,1.0,['0-0'],3,Out
637906.xml,02/15/2026,ECU,MARYLAND,"Apple,Taylor","Cornwell,Caitlyn",T3,23,"Cornwell,Caitlyn grounded out to 1b, unassisted (2-1 BKB).",G3,2,___,BKBP,,,0,[],Away,Home,___,3.0,1.0,"['0-0', '1-0', '1-1', '2-1']",3,Out
637906.xml,02/15/2026,MARYLAND,ECU,"Olensky,Caitlin","Stone,Sarah",B3,24,"Stone,Sarah lined out to short (0-0).",L6,0,___,P,,,0,[],Home,Away,___,1.0,1.0,['0-0'],3,Out
637906.xml,02/15/2026,MARYLAND,ECU,"Olensky,Caitlin","Krol,Jenna",B3,25,"Krol,Jenna singled up the middle (0-2 FF).",1B,1,1__,FFP,,,0,[],Home,Away,___,1.0,0.0,"['0-0', '0-1', '0-2']",3,Single
637906.xml,02/15/2026,MARYLAND,ECU,"Olensky,Caitlin","Fowler,Gabby",B3,26,"Fowler,Gabby struck out swinging (1-2 KBFS).",K,1,___,KBFS,,,0,[],Home,Away,1__,2.0,1.0,"['0-0', '0-1', '1-1', '1-2']",3,Strikeout
637906.xml,02/15/2026,MARYLAND,ECU,"Olensky,Caitlin","Nichols,Trinity",B3,27,"Nichols,Trinity flied out to left center putout by lf (1-0 B).",F7,2,___,BP,,,0,[],Home,Away,___,3.0,1.0,"['0-0', '1-0']",3,Out
637906.xml,02/15/2026,ECU,MARYLAND,"Apostolakos,Julia","Woods,Sammi",T4,29,"Woods,Sammi singled in the infield, bunt (0-0).",1B,0,1__,P,,,0,[],Away,Home,___,0.0,0.0,['0-0'],4,Single
637906.xml,02/15/2026,ECU,MARYLAND,"Apostolakos,Julia",Zayda Rocke,T4,30,"Rocke,Zayda flied out to shallow right field putout by rf (0-0).",F9,0,___,P,,,0,[],Away,Home,1__,1.0,1.0,['0-0'],4,Out
637906.xml,02/15/2026,ECU,MARYLAND,"Apostolakos,Julia","McGowan,Anna",T4,31,"McGowan,Anna walked (3-2 FKFFBBBB); Woods,Sammi advanced to second base.",BB,1,1__,FKFFBBBB,,,0,[],Away,Home,___,1.0,0.0,"['0-0', '0-1', '0-2', '1-2', '2-2', '3-2']",4,Walk
637906.xml,02/15/2026,ECU,MARYLAND,"Apostolakos,Julia","Penta,Mariah",T4,33,"Penta,Mariah lined into double play to second base (0-0); Wilson,Gracie out at 1B on the play, 2b to 1b, in a double play.",LDP4,1,___,P,,,0,[],Away,Home,1__,3.0,2.0,['0-0'],4,Out
637906.xml,02/15/2026,MARYLAND,ECU,"Olensky,Caitlin","Evans,Hannah",B4,36,"Evans,Hannah popped up in third base side foul territory putout by ss (1-2 KBS).",P6,0,___,KBSP,,,0,[],Home,Away,___,1.0,1.0,"['0-0', '0-1', '1-1', '1-2']",4,Out
637906.xml,02/15/2026,MARYLAND,ECU,"Olensky,Caitlin","Ciamillo,Macey",B4,38,"Ciamillo,Macey singled up the middle (1-0 B).",1B,1,1__,BP,,,0,[],Home,Away,___,1.0,0.0,"['0-0', '1-0']",4,Single
637906.xml,02/15/2026,MARYLAND,ECU,"Olensky,Caitlin","Geijer,Chloe",B4,39,"Geijer,Chloe walked (3-2 BSBBKB); Ciamillo,Macey advanced to second base.",BB,1,1__,BSBBKB,,,0,[],Home,Away,1__,1.0,0.0,"['0-0', '1-0', '1-1', '2-1', '3-1', '3-2']",4,Walk
637906.xml,02/15/2026,MARYLAND,ECU,"Olensky,Caitlin","Anderson,Kanisha",B4,40,"Anderson,Kanisha sacrifice bunt to the infield, 3b to 2b (0-1 K); Ciamillo,Macey advanced to third base; Geijer,Chloe advanced to second base.",SH54,1,___,KP,,,0,[],Home,Away,1__,2.0,1.0,"['0-0', '0-1']",4,Sacrifice Hit
637906.xml,02/15/2026,MARYLAND,ECU,"Wiegand,Elisea","Sawyer,Anna",B4,42,"Sawyer,Anna walked (3-1 BBBKB).",BB,2,1__,BBBKB,,,0,[],Home,Away,___,2.0,0.0,"['0-0', '1-0', '2-0', '3-0', '3-1']",4,Walk
637906.xml,02/15/2026,MARYLAND,ECU,"Wiegand,Elisea","Stone,Sarah",B4,43,"Stone,Sarah popped up in first base side foul territory putout by rf (1-0 B).",P9,2,___,BP,,,0,[],Home,Away,1__,3.0,1.0,"['0-0', '1-0']",4,Out
637906.xml,02/15/2026,ECU,MARYLAND,"Apostolakos,Julia","Rodmyre,Sage",T5,45,"Rodmyre,Sage flied out to cf (0-0).",F8,0,___,P,,,0,[],Away,Home,___,1.0,1.0,['0-0'],5,Out
637906.xml,02/15/2026,ECU,MARYLAND,"Apostolakos,Julia","Murphy,Bailey",T5,46,"Murphy,Bailey grounded out, 2b to 1b (1-0 B).",G43,1,___,BP,,,0,[],Away,Home,___,2.0,1.0,"['0-0', '1-0']",5,Out
637906.xml,02/15/2026,ECU,MARYLAND,"Apostolakos,Julia","Fox,Caroline",T5,47,"Fox,Caroline walked (3-2 BBFKBB).",BB,2,1__,BBFKBB,,,0,[],Away,Home,___,2.0,0.0,"['0-0', '1-0', '2-0', '2-1', '2-2', '3-2']",5,Walk
637906.xml,02/15/2026,ECU,MARYLAND,"Apostolakos,Julia","Borovac,Taylor",T5,48,"Borovac,Taylor reached on a fielder's choice hit to second base (0-0); Fox,Caroline out at second base, 2b to ss.",FC,2,1__,P,,,0,[],Away,Home,1__,3.0,1.0,['0-0'],5,Fielders Choice
637906.xml,02/15/2026,MARYLAND,ECU,"Wiegand,Elisea","Krol,Jenna",B5,49,"Krol,Jenna lined out to 1b (0-0).",L3,0,___,P,,,0,[],Home,Away,___,1.0,1.0,['0-0'],5,Out
637906.xml,02/15/2026,MARYLAND,ECU,"Wiegand,Elisea","Fowler,Gabby",B5,50,"Fowler,Gabby grounded out, p to 1b (0-2 FK).",G13,1,___,FKP,,,0,[],Home,Away,___,2.0,1.0,"['0-0', '0-1', '0-2']",5,Out
637906.xml,02/15/2026,MARYLAND,ECU,"Wiegand,Elisea","Weber,Michaela",B5,52,"Weber,Michaela struck out swinging (2-2 BKSFBS).",K,2,___,BKSFBS,,,0,[],Home,Away,___,3.0,1.0,"['0-0', '1-0', '1-1', '1-2', '2-2']",5,Strikeout
637906.xml,02/15/2026,ECU,MARYLAND,"Apostolakos,Julia","Cornwell,Caitlyn",T6,56,"Cornwell,Caitlyn popped up to ss (0-1 K).",P6,0,___,KP,,,0,[],Away,Home,___,1.0,1.0,"['0-0', '0-1']",6,Out
637906.xml,02/15/2026,ECU,MARYLAND,"Apostolakos,Julia","Woods,Sammi",T6,57,"Woods,Sammi flied out to rf (1-0 B).",F9,1,___,BP,,,0,[],Away,Home,___,2.0,1.0,"['0-0', '1-0']",6,Out
637906.xml,02/15/2026,ECU,MARYLAND,"Apostolakos,Julia",Zayda Rocke,T6,58,"Rocke,Zayda homered to deep left field, RBI (3-2 BBFSFB).",HR,2,___,BBFSFBP,,,1,"['Apostolakos,Julia']",Away,Home,___,2.0,0.0,"['0-0', '1-0', '2-0', '2-1', '2-2', '3-2']",6,Home Run
637906.xml,02/15/2026,ECU,MARYLAND,"Apostolakos,Julia","McGowan,Anna",T6,60,"McGowan,Anna singled to shallow center field (3-2 FBFBB).",1B,2,1__,FBFBBP,,,0,[],Away,Home,___,2.0,0.0,"['0-0', '0-1', '1-1', '1-2', '2-2', '3-2']",6,Single
637906.xml,02/15/2026,ECU,MARYLAND,"Apostolakos,Julia","Penta,Mariah",T6,61,"Penta,Mariah grounded out, ss to 1b (1-2 FBK).",G63,2,___,FBKP,,,0,[],Away,Home,1__,3.0,1.0,"['0-0', '0-1', '1-1', '1-2']",6,Out
637906.xml,02/15/2026,MARYLAND,ECU,"Wiegand,Elisea","Morgan,Alexis",B6,66,"Morgan,Alexis grounded out, 2b to 1b (1-2 BKF).",G43,0,___,BKFP,,,0,[],Home,Away,___,1.0,1.0,"['0-0', '1-0', '1-1', '1-2']",6,Out
637906.xml,02/15/2026,MARYLAND,ECU,"Wiegand,Elisea","Scott,MaryKathryn",B6,67,"Scott,MaryKathryn popped up in first base side foul territory putout by 2b (0-0).",P4,1,___,P,,,0,[],Home,Away,___,2.0,1.0,['0-0'],6,Out
637906.xml,02/15/2026,MARYLAND,ECU,"Wiegand,Elisea","Parker,Erin",B6,69,"Parker,Erin struck out swinging (2-2 SBBSFS).",K,2,___,SBBSFS,,,0,[],Home,Away,___,3.0,1.0,"['0-0', '0-1', '1-1', '2-1', '2-2']",6,Strikeout
637906.xml,02/15/2026,ECU,MARYLAND,"Apostolakos,Julia","Rodmyre,Sage",T7,72,"Rodmyre,Sage flied out in behind home plate foul territory putout by c (1-0 B).",F2,0,___,BP,,,0,[],Away,Home,___,1.0,1.0,"['0-0', '1-0']",7,Out
637906.xml,02/15/2026,ECU,MARYLAND,"Apostolakos,Julia","Turner,Logan",T7,74,"Turner,Logan struck out swinging (0-2 KFFS).",K,1,___,KFFS,,,0,[],Away,Home,___,2.0,1.0,"['0-0', '0-1', '0-2']",7,Strikeout
637906.xml,02/15/2026,ECU,MARYLAND,"Apostolakos,Julia","Ullman,Bailey",T7,76,"Ullman,Bailey singled to right center (1-0 B).",1B,2,1__,BP,,,0,[],Away,Home,___,2.0,0.0,"['0-0', '1-0']",7,Single
637906.xml,02/15/2026,ECU,MARYLAND,"Apostolakos,Julia","Borovac,Taylor",T7,78,"Borovac,Taylor struck out swinging (0-2 KFFFS).",K,2,___,KFFFS,,,0,[],Away,Home,1__,3.0,1.0,"['0-0', '0-1', '0-2']",7,Strikeout
642040.xml,02/19/2026,VA,MARYLAND,"Smith,Taylor","Cornwell,Caitlyn",T1,1,"Cornwell,Caitlyn struck out swinging (2-2 SBSBS).",K,0,___,SBSBS,L,R,0,[],Away,Home,___,1.0,1.0,"['0-0', '0-1', '1-1', '1-2', '2-2']",1,Strikeout
642040.xml,02/19/2026,VA,MARYLAND,"Smith,Taylor","Woods,Sammi",T1,2,"Woods,Sammi grounded out to third base, 3b to 1b (3-2 BBKBF).",G53,1,___,BBKBFP,R,R,0,[],Away,Home,___,2.0,1.0,"['0-0', '1-0', '2-0', '2-1', '3-1', '3-2']",1,Out
642040.xml,02/19/2026,VA,MARYLAND,"Smith,Taylor",Zayda Rocke,T1,3,"Rocke,Zayda flied out to lf (0-2 KF).",F7,2,___,KFP,R,R,0,[],Away,Home,___,3.0,1.0,"['0-0', '0-1', '0-2']",1,Out
642040.xml,02/19/2026,MARYLAND,VA,"Olensky,Caitlin","Hylton,Jade",B1,4,"Hylton,Jade flied out to shallow right field putout by rf (1-0 B).",F9,0,___,BP,,L,0,[],Home,Away,___,1.0,1.0,"['0-0', '1-0']",1,Out
642040.xml,02/19/2026,MARYLAND,VA,"Olensky,Caitlin","Hudson,Kassidy",B1,5,"Hudson,Kassidy hit by pitch (2-0 BBB).",HBP,1,1__,BBB,,L,0,[],Home,Away,___,1.0,0.0,"['0-0', '1-0', '2-0']",1,Out
642040.xml,02/19/2026,MARYLAND,VA,"Olensky,Caitlin","Eaton,Macee",B1,6,"Eaton,Macee lined out to cf (3-1 BBKB).",L8,1,___,BBKBP,L,L,0,[],Home,Away,1__,2.0,1.0,"['0-0', '1-0', '2-0', '2-1', '3-1']",1,Out
642040.xml,02/19/2026,MARYLAND,VA,"Olensky,Caitlin","Cabral,Bella",B1,7,"Hudson,Kassidy advanced to second base on a wild pitch.",,2,___,N/A,N/A,N/A,0,[],Home,Away,___,2.0,0.0,['Unknown'],1,N/A
642040.xml,02/19/2026,MARYLAND,VA,"Olensky,Caitlin","Cabral,Bella",B1,8,"Cabral,Bella flied out to rf (3-1 BBKB).",F9,2,___,BBKBP,R,L,0,[],Home,Away,___,3.0,1.0,"['0-0', '1-0', '2-0', '2-1', '3-1']",1,Out
642040.xml,02/19/2026,VA,MARYLAND,"Smith,Taylor","McGowan,Anna",T2,9,"McGowan,Anna homered to deep center field, RBI (1-0 B).",HR,0,___,BP,R,R,1,"['Smith,Taylor']",Away,Home,___,0.0,0.0,"['0-0', '1-0']",2,Home Run
642040.xml,02/19/2026,VA,MARYLAND,"Smith,Taylor","Penta,Mariah",T2,10,"Penta,Mariah lined out to second base (0-0).",L4,0,___,P,R,R,0,[],Away,Home,___,1.0,1.0,['0-0'],2,Out
642040.xml,02/19/2026,VA,MARYLAND,"Smith,Taylor","Murphy,Bailey",T2,11,"Murphy,Bailey walked (3-2 SBBKBB).",BB,1,1__,SBBNKBB,L,R,0,[],Away,Home,___,1.0,0.0,"['0-0', '0-1', '1-1', '2-1', '2-2', '3-2']",2,Walk
642040.xml,02/19/2026,VA,MARYLAND,"Smith,Taylor",Matti Benson,T2,12,"Benson,Matti walked (3-2 BKBKFBFB); Murphy,Bailey advanced to second base.",BB,1,1__,BKBKFBFB,L,R,0,[],Away,Home,1__,1.0,0.0,"['0-0', '1-0', '1-1', '2-1', '2-2', '3-2']",2,Walk
642040.xml,02/19/2026,VA,MARYLAND,"Smith,Taylor","Fox,Caroline",T2,13,"Fox,Caroline struck out swinging (0-2 SFS).",K,1,___,SFS,L,R,0,[],Away,Home,1__,2.0,1.0,"['0-0', '0-1', '0-2']",2,Strikeout
642040.xml,02/19/2026,VA,MARYLAND,"Smith,Taylor","Borovac,Taylor",T2,14,"Borovac,Taylor struck out looking (2-2 BSBSK).",K,2,___,BSBSK,L,R,0,[],Away,Home,___,3.0,1.0,"['0-0', '1-0', '1-1', '2-1', '2-2']",2,Strikeout
642040.xml,02/19/2026,MARYLAND,VA,"Olensky,Caitlin","Hackett,Kelsey",B2,15,"Hackett,Kelsey singled to shallow right field (1-0 B).",1B,0,1__,BP,,L,0,[],Home,Away,___,0.0,0.0,"['0-0', '1-0']",2,Single
642040.xml,02/19/2026,MARYLAND,VA,"Olensky,Caitlin","Tober,Hannah",B2,16,"Hackett,Kelsey stole second base.",,0,___,N/A,N/A,N/A,0,[],Home,Away,1__,0.0,0.0,['Unknown'],2,N/A
642040.xml,02/19/2026,MARYLAND,VA,"Olensky,Caitlin","Call,Alex",B2,17,"Call,Alex singled to center field (2-2 BKKB).",1B,0,1__,BKKBP,R,L,0,[],Home,Away,___,0.0,0.0,"['0-0', '1-0', '1-1', '1-2', '2-2']",2,Single
642040.xml,02/19/2026,MARYLAND,VA,"Olensky,Caitlin","Hickey,Reagan",B2,18,"Hickey,Reagan homered to deep center field, 3RBI (2-2 BKKB); Hackett,Kelsey scored from second base; Call,Alex scored from first base.",HR,0,___,BKKBP,R,L,3,"['Olensky,Caitlin', 'Olensky,Caitlin', 'Olensky,Caitlin']",Home,Away,1__,0.0,0.0,"['0-0', '1-0', '1-1', '1-2', '2-2']",2,Home Run
642040.xml,02/19/2026,MARYLAND,VA,"Olensky,Caitlin","Weismer,Hannah",B2,19,"Weismer,Hannah singled through the left side of the infield (1-2 KBK).",1B,0,1__,KBKP,R,L,0,[],Home,Away,___,0.0,0.0,"['0-0', '0-1', '1-1', '1-2']",2,Single
642040.xml,02/19/2026,MARYLAND,VA,"Olensky,Caitlin","Griffith,Jaiden",B2,20,"Griffith,Jaiden singled to first base, bunt (2-1 FBB); Weismer,Hannah advanced to second base.",1B,0,1__,FBBP,L,L,0,[],Home,Away,1__,0.0,0.0,"['0-0', '0-1', '1-1', '2-1']",2,Single
642040.xml,02/19/2026,MARYLAND,VA,"Olensky,Caitlin","Hylton,Jade",B2,21,"Hylton,Jade fouled out in behind home plate foul territory putout by c (0-0).",FF2,0,___,P,,L,0,[],Home,Away,1__,1.0,1.0,['0-0'],2,Out
642040.xml,02/19/2026,MARYLAND,VA,"Olensky,Caitlin","Hudson,Kassidy",B2,22,"Hudson,Kassidy awarded base on catcher's interference by c, E2 (3-2 BKBFBF); Weismer,Hannah advanced to third base; Griffith,Jaiden advanced to second base.",CI2,1,1__,BKBFBFN,,L,0,[],Home,Away,___,1.0,0.0,"['0-0', '1-0', '1-1', '2-1', '2-2', '3-2']",2,Out
642040.xml,02/19/2026,MARYLAND,VA,"Olensky,Caitlin","Eaton,Macee",B2,23,"Eaton,Macee sacrifice fly to lf, RBI (1-2 KBF); Weismer,Hannah scored.",SF7,1,___,KBFP,L,L,1,"['Olensky,Caitlin']",Home,Away,1__,2.0,1.0,"['0-0', '0-1', '1-1', '1-2']",2,Sacrifice Fly
642040.xml,02/19/2026,MARYLAND,VA,"Olensky,Caitlin","Cabral,Bella",B2,24,"Cabral,Bella singled to center field, RBI (3-2 BBBKKF); Griffith,Jaiden scored from second base; Hudson,Kassidy scored from first base on play and error; Cabral,Bella advanced from to second base on play and a fielding error by Cornwell,Caitlyn (E8).",1B,2,1__,BBBKKFP,R,L,2,"['Olensky,Caitlin', 'Olensky,Caitlin']",Home,Away,___,2.0,0.0,"['0-0', '1-0', '2-0', '3-0', '3-1', '3-2']",2,Single
642040.xml,02/19/2026,MARYLAND,VA,"Wurst,Aubrey","Hackett,Kelsey",B2,26,"Hackett,Kelsey walked (3-0 BBBB); Cabral,Bella advanced to third base on a throwing error by Rocke,Zayda (E2).",BB,2,1__,BBBB,,R,0,[],Home,Away,1__,2.0,0.0,"['0-0', '1-0', '2-0', '3-0']",2,Walk
642040.xml,02/19/2026,MARYLAND,VA,"Wurst,Aubrey","Call,Alex",B2,27,"Call,Alex walked (3-0 BBBB); Hackett,Kelsey advanced to second base.",BB,2,1__,BBBB,R,R,0,[],Home,Away,1__,2.0,0.0,"['0-0', '1-0', '2-0', '3-0']",2,Walk
642040.xml,02/19/2026,MARYLAND,VA,"Wurst,Aubrey","Hickey,Reagan",B2,28,"Hickey,Reagan struck out swinging (3-2 BKBKBFS).",K,2,___,BKBKBFS,R,R,0,[],Home,Away,1__,3.0,1.0,"['0-0', '1-0', '1-1', '2-1', '2-2', '3-2']",2,Strikeout
642040.xml,02/19/2026,VA,MARYLAND,"Layne,Courtney","Cornwell,Caitlyn",T3,30,"Cornwell,Caitlyn grounded out to the left side of the infield, ss to 1b (1-1 KB).",G63,0,___,KBP,L,,0,[],Away,Home,___,1.0,1.0,"['0-0', '0-1', '1-1']",3,Out
642040.xml,02/19/2026,VA,MARYLAND,"Layne,Courtney","Woods,Sammi",T3,31,"Woods,Sammi singled to center field (2-2 BKBS).",1B,1,1__,BKBSP,R,,0,[],Away,Home,___,1.0,0.0,"['0-0', '1-0', '1-1', '2-1', '2-2']",3,Single
642040.xml,02/19/2026,VA,MARYLAND,"Layne,Courtney",Zayda Rocke,T3,32,"Rocke,Zayda struck out looking (3-2 SBBKBK).",K,1,___,SBBKBK,R,,0,[],Away,Home,1__,2.0,1.0,"['0-0', '0-1', '1-1', '2-1', '2-2', '3-2']",3,Strikeout
642040.xml,02/19/2026,VA,MARYLAND,"Layne,Courtney","McGowan,Anna",T3,33,"McGowan,Anna struck out swinging (1-2 FBSS).",K,2,___,FBSS,R,,0,[],Away,Home,___,3.0,1.0,"['0-0', '0-1', '1-1', '1-2']",3,Strikeout
642040.xml,02/19/2026,MARYLAND,VA,"Wurst,Aubrey","Weismer,Hannah",B3,34,"Weismer,Hannah walked (3-2 BKBBFFB).",BB,0,1__,BKBBFFB,R,R,0,[],Home,Away,___,0.0,0.0,"['0-0', '1-0', '1-1', '2-1', '3-1', '3-2']",3,Walk
642040.xml,02/19/2026,MARYLAND,VA,"Wurst,Aubrey","Griffith,Jaiden",B3,35,"Griffith,Jaiden reached on a fielding error fielding by p by Wurst,Aubrey (E1) (1-2 KBF); Weismer,Hannah advanced to second base.",E1,0,1__,KBFP,L,R,0,[],Home,Away,1__,0.0,0.0,"['0-0', '0-1', '1-1', '1-2']",3,Reached on Error
642040.xml,02/19/2026,MARYLAND,VA,"Wurst,Aubrey","Hylton,Jade",B3,37,"Hylton,Jade walked (3-0 BBBB); WoodyGiggetts,Kamyria advanced to third base; Griffith,Jaiden advanced to second base.",BB,0,1__,BBBB,,R,0,[],Home,Away,1__,0.0,0.0,"['0-0', '1-0', '2-0', '3-0']",3,Walk
642040.xml,02/19/2026,MARYLAND,VA,"Wurst,Aubrey","Hudson,Kassidy",B3,38,"Hudson,Kassidy walked, RBI (3-0 BBBB); WoodyGiggetts,Kamyria scored; Griffith,Jaiden advanced to third base; Hylton,Jade advanced to second base.",BB,0,1__,BBBB,,R,1,"['Wurst,Aubrey']",Home,Away,1__,0.0,0.0,"['0-0', '1-0', '2-0', '3-0']",3,Walk
642040.xml,02/19/2026,MARYLAND,VA,"McGowan,Anna","Eaton,Macee",B3,40,"Eaton,Macee reached on a fielder's choice hit to second base, RBI (0-0); Griffith,Jaiden scored; Hylton,Jade advanced to third base; Hudson,Kassidy out at second base, 2b to ss.",FC,0,1__,P,L,R,1,"['McGowan,Anna']",Home,Away,1__,1.0,1.0,['0-0'],3,Fielders Choice
642040.xml,02/19/2026,MARYLAND,VA,"McGowan,Anna","Cabral,Bella",B3,41,"Eaton,Macee stole second base.",,1,___,N/A,N/A,N/A,0,[],Home,Away,1__,1.0,0.0,['Unknown'],3,N/A
642040.xml,02/19/2026,MARYLAND,VA,"McGowan,Anna","Cabral,Bella",B3,42,"Cabral,Bella walked (3-0 BBBB); Hylton,Jade scored on a wild pitch; Eaton,Macee advanced from first base to third base on a wild pitch.",BB,1,1__,BBBB,R,R,1,"['McGowan,Anna']",Home,Away,___,1.0,0.0,"['0-0', '1-0', '2-0', '3-0']",3,Walk
642040.xml,02/19/2026,MARYLAND,VA,"McGowan,Anna","Hackett,Kelsey",B3,43,"Hackett,Kelsey reached on a fielder's choice hit to short, RBI (1-1 BK); Eaton,Macee scored; Cabral,Bella advanced to second base.",FC,1,1__,BKP,,R,1,"['McGowan,Anna']",Home,Away,1__,1.0,0.0,"['0-0', '1-0', '1-1']",3,Fielders Choice
642040.xml,02/19/2026,MARYLAND,VA,"McGowan,Anna","Call,Alex",B3,44,"Call,Alex doubled to left center, 2RBI (1-0 B); Cabral,Bella scored from second base; Hackett,Kelsey scored from first base.",2B,1,_2_,BP,R,R,2,"['McGowan,Anna', 'McGowan,Anna']",Home,Away,1__,1.0,0.0,"['0-0', '1-0']",3,Double
642040.xml,02/19/2026,MARYLAND,VA,"McGowan,Anna","Hickey,Reagan",B3,45,"Hickey,Reagan struck out swinging (2-2 KKBBFS).",K,1,___,KKBBFS,R,R,0,[],Home,Away,_2_,2.0,1.0,"['0-0', '0-1', '0-2', '1-2', '2-2']",3,Strikeout
642040.xml,02/19/2026,MARYLAND,VA,"McGowan,Anna","Weismer,Hannah",B3,47,"Weismer,Hannah flied out down the right field line putout by rf (2-2 BKBK).",F9,2,___,BKBKP,R,R,0,[],Home,Away,___,3.0,1.0,"['0-0', '1-0', '1-1', '2-1', '2-2']",3,Out
642040.xml,02/19/2026,VA,MARYLAND,"Layne,Courtney","Penta,Mariah",T4,49,"Penta,Mariah doubled to left field (1-2 FSFB).",2B,0,_2_,FSFBP,R,,0,[],Away,Home,___,0.0,0.0,"['0-0', '0-1', '0-2', '1-2']",4,Double
642040.xml,02/19/2026,VA,MARYLAND,"Layne,Courtney","Murphy,Bailey",T4,50,"Murphy,Bailey popped up to third base (0-0).",P5,0,___,P,L,,0,[],Away,Home,_2_,1.0,1.0,['0-0'],4,Out
642040.xml,02/19/2026,VA,MARYLAND,"Layne,Courtney",Matti Benson,T4,51,"Benson,Matti struck out looking (1-2 SKBK).",K,1,___,SKBK,L,,0,[],Away,Home,___,2.0,1.0,"['0-0', '0-1', '0-2', '1-2']",4,Strikeout
642040.xml,02/19/2026,VA,MARYLAND,"Layne,Courtney","Turner,Logan",T4,53,"Turner,Logan struck out looking (2-2 BKBFK).",K,2,___,BKBFK,R,,0,[],Away,Home,___,3.0,1.0,"['0-0', '1-0', '1-1', '2-1', '2-2']",4,Strikeout
642040.xml,02/19/2026,MARYLAND,VA,"McGowan,Anna","Reasor,Addison",B4,56,"Reasor,Addison doubled down the left field line (0-0).",2B,0,_2_,P,R,R,0,[],Home,Away,___,0.0,0.0,['0-0'],4,Double
642040.xml,02/19/2026,MARYLAND,VA,"McGowan,Anna","Hudson,Kassidy",B4,58,"Reasor,Addison advanced to third base on a wild pitch.",,0,___,N/A,N/A,N/A,0,[],Home,Away,_2_,0.0,0.0,['Unknown'],4,N/A
642040.xml,02/19/2026,MARYLAND,VA,"McGowan,Anna","Greene,Madison",B4,59,"Greene,Madison walked (3-1 BFBBB).",BB,0,1__,BFBBB,R,R,0,[],Home,Away,___,0.0,0.0,"['0-0', '1-0', '1-1', '2-1', '3-1']",4,Walk
642040.xml,02/19/2026,MARYLAND,VA,"McGowan,Anna","Biddle,Brie",B4,61,"Biddle,Brie struck out looking (1-2 FFFFBK).",K,0,___,FFFFBK,R,R,0,[],Home,Away,1__,1.0,1.0,"['0-0', '0-1', '0-2', '1-2']",4,Strikeout
642040.xml,02/19/2026,MARYLAND,VA,"McGowan,Anna","Cabral,Bella",B4,63,"Greene,Madison advanced to second base on a wild pitch; Reasor,Addison scored on a wild pitch.",,1,___,N/A,N/A,N/A,1,"['McGowan,Anna']",Home,Away,___,1.0,0.0,['Unknown'],4,N/A
642040.xml,02/19/2026,MARYLAND,VA,"McGowan,Anna","Thompson,Addison",B4,64,"Thompson,Addison struck out swinging (3-2 KKBBBS).",K,1,___,KKBBBS,R,R,0,[],Home,Away,___,2.0,1.0,"['0-0', '0-1', '0-2', '1-2', '2-2', '3-2']",4,Strikeout
642040.xml,02/19/2026,MARYLAND,VA,"McGowan,Anna","Kaplan,Edith",B4,66,"Kaplan,Edith singled through the right side of the infield, RBI (1-1 KB); Greene,Madison scored from second base.",1B,2,1__,KBP,R,R,1,"['McGowan,Anna']",Home,Away,___,2.0,0.0,"['0-0', '0-1', '1-1']",4,Single
642040.xml,02/19/2026,MARYLAND,VA,"McGowan,Anna","Hackett,Kelsey",B4,67,"Hackett,Kelsey grounded out to the left side of the infield, 3b to 1b (2-0 BB).",G53,2,___,BBP,,R,0,[],Home,Away,1__,3.0,1.0,"['0-0', '1-0', '2-0']",4,Out
642040.xml,02/19/2026,VA,MARYLAND,"Layne,Courtney","Williams,Jaylee",T5,74,"Williams,Jaylee lined out to the left side of the infield putout by ss (0-1 F).",L6,0,___,FP,L,,0,[],Away,Home,___,1.0,1.0,"['0-0', '0-1']",5,Out
642040.xml,02/19/2026,VA,MARYLAND,"Layne,Courtney","Cornwell,Caitlyn",T5,75,"Cornwell,Caitlyn singled down the left field line (1-2 BFS).",1B,1,1__,BFSP,L,,0,[],Away,Home,___,1.0,0.0,"['0-0', '1-0', '1-1', '1-2']",5,Single
642040.xml,02/19/2026,VA,MARYLAND,"Layne,Courtney","Woods,Sammi",T5,76,"Woods,Sammi flied out to shallow right field putout by rf (1-0 B).",F9,1,___,BP,R,,0,[],Away,Home,1__,2.0,1.0,"['0-0', '1-0']",5,Out
642040.xml,02/19/2026,VA,MARYLAND,"Layne,Courtney",Zayda Rocke,T5,77,"Rocke,Zayda grounded out to third base, 3b to 1b (2-2 KBKB).",G53,2,___,KBKBP,R,,0,[],Away,Home,___,3.0,1.0,"['0-0', '0-1', '1-1', '1-2', '2-2']",5,Out
642041.xml,02/20/2026,VA,MARYLAND,"Cuozzo,Julia","Cornwell,Caitlyn",T1,1,"Cornwell,Caitlyn grounded out to third base, 3b to 1b (2-1 BKB).",G53,0,___,BKBP,L,R,0,[],Away,Home,___,1.0,1.0,"['0-0', '1-0', '1-1', '2-1']",1,Out
642041.xml,02/20/2026,VA,MARYLAND,"Cuozzo,Julia","Woods,Sammi",T1,2,"Woods,Sammi singled to second base (3-2 KBBBF).",1B,1,1__,KBBBFP,R,R,0,[],Away,Home,___,1.0,0.0,"['0-0', '0-1', '1-1', '2-1', '3-1', '3-2']",1,Single
642041.xml,02/20/2026,VA,MARYLAND,"Cuozzo,Julia",Zayda Rocke,T1,3,"Rocke,Zayda grounded into double play, 3b to 2b to 1b (1-1 BK); Woods,Sammi out at 2B on the play, 3b to 2b.",GDP543,1,___,BKP,R,R,0,[],Away,Home,1__,3.0,2.0,"['0-0', '1-0', '1-1']",1,Out
642041.xml,02/20/2026,MARYLAND,VA,"Wiegand,Elisea","Hylton,Jade",B1,4,"Hylton,Jade singled up the middle (0-2 FKF).",1B,0,1__,FKFP,,R,0,[],Home,Away,___,0.0,0.0,"['0-0', '0-1', '0-2']",1,Single
642041.xml,02/20/2026,MARYLAND,VA,"Wiegand,Elisea","Hudson,Kassidy",B1,5,"Hudson,Kassidy struck out looking (0-2 KKFFK).",K,0,___,KKFFK,,R,0,[],Home,Away,1__,1.0,1.0,"['0-0', '0-1', '0-2']",1,Strikeout
642041.xml,02/20/2026,MARYLAND,VA,"Wiegand,Elisea","Eaton,Macee",B1,6,"Eaton,Macee doubled to left field, RBI (0-0); Hylton,Jade scored from first base.",2B,1,_2_,P,L,R,1,"['Wiegand,Elisea']",Home,Away,___,1.0,0.0,['0-0'],1,Double
642041.xml,02/20/2026,MARYLAND,VA,"Wiegand,Elisea","Cabral,Bella",B1,7,"Cabral,Bella flied out to cf (1-0 B).",F8,1,___,BP,R,R,0,[],Home,Away,_2_,2.0,1.0,"['0-0', '1-0']",1,Out
642041.xml,02/20/2026,MARYLAND,VA,"Wiegand,Elisea","Hackett,Kelsey",B1,8,"Hackett,Kelsey struck out swinging (3-2 BBBKFFFS).",K,2,___,BBBKFFFS,,R,0,[],Home,Away,___,3.0,1.0,"['0-0', '1-0', '2-0', '3-0', '3-1', '3-2']",1,Strikeout
642041.xml,02/20/2026,VA,MARYLAND,"Cuozzo,Julia","McGowan,Anna",T2,9,"McGowan,Anna struck out swinging (2-2 SSBBS).",K,0,___,SSBBS,R,R,0,[],Away,Home,___,1.0,1.0,"['0-0', '0-1', '0-2', '1-2', '2-2']",2,Strikeout
642041.xml,02/20/2026,VA,MARYLAND,"Cuozzo,Julia","Penta,Mariah",T2,10,"Penta,Mariah struck out looking (1-2 KBKK).",K,1,___,KBKK,R,R,0,[],Away,Home,___,2.0,1.0,"['0-0', '0-1', '1-1', '1-2']",2,Strikeout
642041.xml,02/20/2026,VA,MARYLAND,"Cuozzo,Julia","Turner,Logan",T2,11,"Turner,Logan struck out swinging (3-2 BKBBSS).",K,2,___,BKBBSS,R,R,0,[],Away,Home,___,3.0,1.0,"['0-0', '1-0', '1-1', '2-1', '3-1', '3-2']",2,Strikeout
642041.xml,02/20/2026,MARYLAND,VA,"Wiegand,Elisea","Call,Alex",B2,12,"Call,Alex grounded out up the middle, ss to 1b (3-2 KBBBK).",G63,0,___,KBBBKP,R,R,0,[],Home,Away,___,1.0,1.0,"['0-0', '0-1', '1-1', '2-1', '3-1', '3-2']",2,Out
642041.xml,02/20/2026,MARYLAND,VA,"Wiegand,Elisea","Weismer,Hannah",B2,13,"Weismer,Hannah flied out to lf (3-2 BFFFBBF).",F7,1,___,BFFFBBFP,R,R,0,[],Home,Away,___,2.0,1.0,"['0-0', '1-0', '1-1', '1-2', '2-2', '3-2']",2,Out
642041.xml,02/20/2026,MARYLAND,VA,"Wiegand,Elisea","Hickey,Reagan",B2,14,"Hickey,Reagan flied out to rf (1-1 SB).",F9,2,___,SBP,R,R,0,[],Home,Away,___,3.0,1.0,"['0-0', '0-1', '1-1']",2,Out
642041.xml,02/20/2026,VA,MARYLAND,"Cuozzo,Julia","Murphy,Bailey",T3,15,"Murphy,Bailey singled to third base (2-2 BSFB).",1B,0,1__,BSFBP,L,R,0,[],Away,Home,___,0.0,0.0,"['0-0', '1-0', '1-1', '1-2', '2-2']",3,Single
642041.xml,02/20/2026,VA,MARYLAND,"Cuozzo,Julia","Williams,Jaylee",T3,16,"Williams,Jaylee grounded out to the pitcher, p to 1b (1-2 SFB); Murphy,Bailey advanced to second base.",G13,0,___,SFBP,L,R,0,[],Away,Home,1__,1.0,1.0,"['0-0', '0-1', '0-2', '1-2']",3,Out
642041.xml,02/20/2026,VA,MARYLAND,"Cuozzo,Julia","Rodmyre,Sage",T3,17,"Rodmyre,Sage singled up the middle (3-2 BKSBBFF); Murphy,Bailey advanced to third base.",1B,1,1__,BKSBBFFP,R,R,0,[],Away,Home,___,1.0,0.0,"['0-0', '1-0', '1-1', '1-2', '2-2', '3-2']",3,Single
642041.xml,02/20/2026,VA,MARYLAND,"Cuozzo,Julia","Cornwell,Caitlyn",T3,19,"Cornwell,Caitlyn reached on a fielder's choice hit to third base, RBI (0-1 F); Murphy,Bailey scored; Borovac,Taylor advanced to second base.",FC,1,1__,FP,L,R,1,"['Cuozzo,Julia']",Away,Home,1__,1.0,0.0,"['0-0', '0-1']",3,Fielders Choice
642041.xml,02/20/2026,VA,MARYLAND,"Cuozzo,Julia","Woods,Sammi",T3,20,"Woods,Sammi reached on a fielder's choice hit to short (1-2 SKB); Borovac,Taylor advanced to third base; Cornwell,Caitlyn out at second base, ss to 2b.",FC,1,1__,SKBP,R,R,0,[],Away,Home,1__,2.0,1.0,"['0-0', '0-1', '0-2', '1-2']",3,Fielders Choice
642041.xml,02/20/2026,VA,MARYLAND,"Cuozzo,Julia",Zayda Rocke,T3,21,"Rocke,Zayda grounded out to short, ss to 1b (1-0 B).",G63,2,___,BP,R,R,0,[],Away,Home,1__,3.0,1.0,"['0-0', '1-0']",3,Out
642041.xml,02/20/2026,MARYLAND,VA,"Wiegand,Elisea","Griffith,Jaiden",B3,23,"Griffith,Jaiden grounded out to the pitcher, p to 1b (2-1 KBB).",G13,0,___,KBBP,L,R,0,[],Home,Away,___,1.0,1.0,"['0-0', '0-1', '1-1', '2-1']",3,Out
642041.xml,02/20/2026,MARYLAND,VA,"Wiegand,Elisea","Hylton,Jade",B3,24,"Hylton,Jade walked (3-1 BBKBB).",BB,1,1__,BBKBB,,R,0,[],Home,Away,___,1.0,0.0,"['0-0', '1-0', '2-0', '2-1', '3-1']",3,Walk
642041.xml,02/20/2026,MARYLAND,VA,"Wiegand,Elisea","Hudson,Kassidy",B3,25,"Hudson,Kassidy lined into double play to the pitcher (0-0); Hylton,Jade out at 1B on the play, p to 1b.",LDP1,1,___,P,,R,0,[],Home,Away,1__,3.0,2.0,['0-0'],3,Out
642041.xml,02/20/2026,VA,MARYLAND,"Bigham,Eden","McGowan,Anna",T4,27,"McGowan,Anna lined out to first base (0-0).",L3,0,___,P,R,,0,[],Away,Home,___,1.0,1.0,['0-0'],4,Out
642041.xml,02/20/2026,VA,MARYLAND,"Bigham,Eden","Penta,Mariah",T4,28,"Penta,Mariah lined out to second base (0-1 K).",L4,1,___,KP,R,,0,[],Away,Home,___,2.0,1.0,"['0-0', '0-1']",4,Out
642041.xml,02/20/2026,VA,MARYLAND,"Bigham,Eden","Turner,Logan",T4,29,"Turner,Logan walked (3-2 BBSBFB).",BB,2,1__,BBSBFB,R,,0,[],Away,Home,___,2.0,0.0,"['0-0', '1-0', '2-0', '2-1', '3-1', '3-2']",4,Walk
642041.xml,02/20/2026,VA,MARYLAND,"Bigham,Eden","Murphy,Bailey",T4,31,"Murphy,Bailey grounded out to the pitcher, p to 1b (1-2 SFB).",G13,2,___,SFBP,L,,0,[],Away,Home,1__,3.0,1.0,"['0-0', '0-1', '0-2', '1-2']",4,Out
642041.xml,02/20/2026,MARYLAND,VA,"Wiegand,Elisea","Eaton,Macee",B4,33,"Eaton,Macee flied out to lf (0-0).",F7,0,___,P,L,R,0,[],Home,Away,___,1.0,1.0,['0-0'],4,Out
642041.xml,02/20/2026,MARYLAND,VA,"Wiegand,Elisea","Cabral,Bella",B4,34,"Cabral,Bella flied out to left center putout by lf (3-0 BBB).",F7,1,___,BBBP,R,R,0,[],Home,Away,___,2.0,1.0,"['0-0', '1-0', '2-0', '3-0']",4,Out
642041.xml,02/20/2026,MARYLAND,VA,"Wiegand,Elisea","Hackett,Kelsey",B4,35,"Hackett,Kelsey flied out to shallow right field putout by rf (2-2 BBKK).",F9,2,___,BBKKP,,R,0,[],Home,Away,___,3.0,1.0,"['0-0', '1-0', '2-0', '2-1', '2-2']",4,Out
642041.xml,02/20/2026,VA,MARYLAND,"Bigham,Eden","Williams,Jaylee",T5,36,"Williams,Jaylee walked (3-2 BBKFBFB).",BB,0,1__,BBKFBFB,L,,0,[],Away,Home,___,0.0,0.0,"['0-0', '1-0', '2-0', '2-1', '2-2', '3-2']",5,Walk
642041.xml,02/20/2026,VA,MARYLAND,"Bigham,Eden","Rodmyre,Sage",T5,37,"Rodmyre,Sage sacrifice bunt, error throwing by 3b by Cabral,Bella (E5) hit to third base (0-1 F); Williams,Jaylee advanced to second base.",SHE5,0,1__,FP,R,,0,[],Away,Home,1__,0.0,0.0,"['0-0', '0-1']",5,Reached on Error
642041.xml,02/20/2026,VA,MARYLAND,"Bigham,Eden","Cornwell,Caitlyn",T5,38,"Williams,Jaylee stole third base.",,0,___,N/A,N/A,N/A,0,[],Away,Home,1__,0.0,0.0,['Unknown'],5,N/A
642041.xml,02/20/2026,VA,MARYLAND,"Bigham,Eden","Cornwell,Caitlyn",T5,39,"Cornwell,Caitlyn struck out looking (0-2 FFFK).",K,0,___,FFFK,L,,0,[],Away,Home,___,1.0,1.0,"['0-0', '0-1', '0-2']",5,Strikeout
642041.xml,02/20/2026,VA,MARYLAND,"Bigham,Eden","Woods,Sammi",T5,40,"Woods,Sammi singled, bunt (0-1 K); Rodmyre,Sage advanced to second base.",1B,1,1__,KP,R,,0,[],Away,Home,___,1.0,0.0,"['0-0', '0-1']",5,Single
642041.xml,02/20/2026,VA,MARYLAND,"Bigham,Eden",Zayda Rocke,T5,41,"Rocke,Zayda hit by pitch, RBI (0-0 B); Williams,Jaylee scored; Rodmyre,Sage advanced to third base; Woods,Sammi advanced to second base.",HBP,1,1__,B,R,,1,"['Bigham,Eden']",Away,Home,1__,1.0,0.0,['0-0'],5,Out
642041.xml,02/20/2026,VA,MARYLAND,"Bigham,Eden","McGowan,Anna",T5,42,"McGowan,Anna walked, RBI (3-2 BKBBSB); Rodmyre,Sage scored; Woods,Sammi advanced to third base; Rocke,Zayda advanced to second base.",BB,1,1__,BKBBSB,R,,1,"['Bigham,Eden']",Away,Home,1__,1.0,0.0,"['0-0', '1-0', '1-1', '2-1', '3-1', '3-2']",5,Walk
642041.xml,02/20/2026,VA,MARYLAND,"Bigham,Eden","Penta,Mariah",T5,44,"Penta,Mariah walked, RBI (3-1 BBBKB); Woods,Sammi scored, unearned; Rocke,Zayda advanced to third base; Caye,Lauren advanced to second base.",BB,1,1__,BBBKB,R,,1,"['Bigham,Eden']",Away,Home,1__,1.0,0.0,"['0-0', '1-0', '2-0', '3-0', '3-1']",5,Walk
642041.xml,02/20/2026,VA,MARYLAND,"Bigham,Eden","Turner,Logan",T5,46,"Turner,Logan infield fly to first base (2-2 KBKBF).",P3,1,___,KBKBFP,R,,0,[],Away,Home,1__,2.0,1.0,"['0-0', '0-1', '1-1', '1-2', '2-2']",5,Out
642041.xml,02/20/2026,VA,MARYLAND,"Bigham,Eden","Murphy,Bailey",T5,47,"Murphy,Bailey flied out to lf (2-2 FFBBF).",F7,2,___,FFBBFP,L,,0,[],Away,Home,___,3.0,1.0,"['0-0', '0-1', '0-2', '1-2', '2-2']",5,Out
642041.xml,02/20/2026,MARYLAND,VA,"Wiegand,Elisea","Call,Alex",B5,50,"Call,Alex walked (3-2 BKBSFBB).",BB,0,1__,BKBSFBB,R,R,0,[],Home,Away,___,0.0,0.0,"['0-0', '1-0', '1-1', '2-1', '2-2', '3-2']",5,Walk
642041.xml,02/20/2026,MARYLAND,VA,"Wiegand,Elisea","Weismer,Hannah",B5,51,"Weismer,Hannah reached on a fielder's choice hit to third base (0-1 K); Call,Alex out at second base, 3b to 2b.",FC,0,1__,KP,R,R,0,[],Home,Away,1__,1.0,1.0,"['0-0', '0-1']",5,Fielders Choice
642041.xml,02/20/2026,MARYLAND,VA,"Wiegand,Elisea","Hickey,Reagan",B5,52,"Hickey,Reagan walked (3-1 BSBBB); Weismer,Hannah advanced to second base.",BB,1,1__,BSBBB,R,R,0,[],Home,Away,1__,1.0,0.0,"['0-0', '1-0', '1-1', '2-1', '3-1']",5,Walk
642041.xml,02/20/2026,MARYLAND,VA,"Wiegand,Elisea","Griffith,Jaiden",B5,53,"Griffith,Jaiden infield singled to second base (1-0 B); Weismer,Hannah advanced to third base; Hickey,Reagan advanced to second base.",1B,1,1__,BP,L,R,0,[],Home,Away,1__,1.0,0.0,"['0-0', '1-0']",5,Single
642041.xml,02/20/2026,MARYLAND,VA,"Wiegand,Elisea","Hylton,Jade",B5,54,"Hylton,Jade flied out to cf (2-2 KBBK).",F8,1,___,KBBKP,,R,0,[],Home,Away,1__,2.0,1.0,"['0-0', '0-1', '1-1', '2-1', '2-2']",5,Out
642041.xml,02/20/2026,MARYLAND,VA,"Wiegand,Elisea","Hudson,Kassidy",B5,55,"Hudson,Kassidy singled to left field, RBI (0-2 KK); Weismer,Hannah scored; Hickey,Reagan advanced to third base; Griffith,Jaiden advanced to second base.",1B,2,1__,KKP,,R,1,"['Wiegand,Elisea']",Home,Away,___,2.0,0.0,"['0-0', '0-1', '0-2']",5,Single
642041.xml,02/20/2026,MARYLAND,VA,"Wiegand,Elisea","Eaton,Macee",B5,56,"Eaton,Macee singled down the right field line, 2RBI (0-0); Hickey,Reagan scored; Griffith,Jaiden scored from second base; Hudson,Kassidy advanced from first base to third base.",1B,2,1__,P,L,R,2,"['Wiegand,Elisea', 'Wiegand,Elisea']",Home,Away,1__,2.0,0.0,['0-0'],5,Single
642041.xml,02/20/2026,MARYLAND,VA,Keira Bucher,"Cabral,Bella",B5,58,"Cabral,Bella singled, RBI (0-0); Hudson,Kassidy scored; Eaton,Macee advanced from first base to third base.",1B,2,1__,P,R,R,1,"['Bucher,Keira']",Home,Away,1__,2.0,0.0,['0-0'],5,Single
642041.xml,02/20/2026,MARYLAND,VA,Keira Bucher,"Hackett,Kelsey",B5,59,"Hackett,Kelsey grounded out to the pitcher, p to 1b, bunt (2-1 FBB).",G13,2,___,FBBP,,R,0,[],Home,Away,1__,3.0,1.0,"['0-0', '0-1', '1-1', '2-1']",5,Out
642041.xml,02/20/2026,VA,MARYLAND,"Bigham,Eden","Williams,Jaylee",T6,60,"Williams,Jaylee lined out to short (0-1 K).",L6,0,___,KP,L,,0,[],Away,Home,___,1.0,1.0,"['0-0', '0-1']",6,Out
642041.xml,02/20/2026,VA,MARYLAND,"Bigham,Eden","Rodmyre,Sage",T6,61,"Rodmyre,Sage singled to short (0-0).",1B,1,1__,P,R,,0,[],Away,Home,___,1.0,0.0,['0-0'],6,Single
642041.xml,02/20/2026,VA,MARYLAND,"Bigham,Eden","Cornwell,Caitlyn",T6,62,"Cornwell,Caitlyn infield singled to second base (1-1 BF); Rodmyre,Sage advanced to second base.",1B,1,1__,BFP,L,,0,[],Away,Home,1__,1.0,0.0,"['0-0', '1-0', '1-1']",6,Single
642041.xml,02/20/2026,VA,MARYLAND,"Bigham,Eden","Woods,Sammi",T6,63,"Woods,Sammi popped up to the right side of the infield putout by 2b (3-2 BBFKBF).",P4,1,___,BBFKBFP,R,,0,[],Away,Home,1__,2.0,1.0,"['0-0', '1-0', '2-0', '2-1', '2-2', '3-2']",6,Out
642041.xml,02/20/2026,VA,MARYLAND,"Bigham,Eden",Zayda Rocke,T6,64,"Cornwell,Caitlyn advanced to second base on a passed ball; Rodmyre,Sage advanced to third base on a passed ball.",,2,___,N/A,N/A,N/A,0,[],Away,Home,___,2.0,0.0,['Unknown'],6,N/A
642041.xml,02/20/2026,VA,MARYLAND,"Bigham,Eden",Zayda Rocke,T6,65,"Rocke,Zayda popped up to first base (2-2 KSBB).",P3,2,___,KSBBP,R,,0,[],Away,Home,___,3.0,1.0,"['0-0', '0-1', '0-2', '1-2', '2-2']",6,Out
642041.xml,02/20/2026,MARYLAND,VA,Keira Bucher,"Call,Alex",B6,66,"Call,Alex struck out looking (2-2 BBKKK).",K,0,___,BBKKK,R,R,0,[],Home,Away,___,1.0,1.0,"['0-0', '1-0', '2-0', '2-1', '2-2']",6,Strikeout
642041.xml,02/20/2026,MARYLAND,VA,Keira Bucher,"Weismer,Hannah",B6,67,"Weismer,Hannah reached on a fielding error fielding by ss by Woods,Sammi (E6) (2-2 BBKK).",E6,1,1__,BBKKP,R,R,0,[],Home,Away,___,1.0,0.0,"['0-0', '1-0', '2-0', '2-1', '2-2']",6,Reached on Error
642041.xml,02/20/2026,MARYLAND,VA,Keira Bucher,"Hickey,Reagan",B6,69,"WoodyGiggetts,Kamyria advanced to second base on a wild pitch.",,1,___,N/A,N/A,N/A,0,[],Home,Away,1__,1.0,0.0,['Unknown'],6,N/A
642041.xml,02/20/2026,MARYLAND,VA,Keira Bucher,"Hickey,Reagan",B6,70,"Hickey,Reagan reached on a fielder's choice hit to short (2-2 FBBF); WoodyGiggetts,Kamyria advanced to third base.",FC,1,1__,FBBFP,R,R,0,[],Home,Away,___,1.0,0.0,"['0-0', '0-1', '1-1', '2-1', '2-2']",6,Fielders Choice
642041.xml,02/20/2026,MARYLAND,VA,Keira Bucher,"Griffith,Jaiden",B6,72,"Griffith,Jaiden flied out to lf (1-1 BF).",F7,1,___,BFP,L,R,0,[],Home,Away,1__,2.0,1.0,"['0-0', '1-0', '1-1']",6,Out
642041.xml,02/20/2026,MARYLAND,VA,Keira Bucher,"Hylton,Jade",B6,73,"Hylton,Jade flied out to cf (2-0 BB).",F8,2,___,BBP,,R,0,[],Home,Away,___,3.0,1.0,"['0-0', '1-0', '2-0']",6,Out
642041.xml,02/20/2026,VA,MARYLAND,"Bigham,Eden","McGowan,Anna",T7,76,"McGowan,Anna grounded out to third base, 3b to 1b (2-1 BKB).",G53,0,___,BKBP,R,,0,[],Away,Home,___,1.0,1.0,"['0-0', '1-0', '1-1', '2-1']",7,Out
642041.xml,02/20/2026,VA,MARYLAND,"Bigham,Eden","Penta,Mariah",T7,77,"Penta,Mariah singled to left field (1-2 SKB).",1B,1,1__,SKBP,R,,0,[],Away,Home,___,1.0,0.0,"['0-0', '0-1', '0-2', '1-2']",7,Single
642041.xml,02/20/2026,VA,MARYLAND,"Bigham,Eden","Turner,Logan",T7,79,"Turner,Logan lined out to cf (3-1 BBBK).",L8,1,___,BBBKP,R,,0,[],Away,Home,1__,2.0,1.0,"['0-0', '1-0', '2-0', '3-0', '3-1']",7,Out
642041.xml,02/20/2026,VA,MARYLAND,"Bigham,Eden","Murphy,Bailey",T7,80,"Murphy,Bailey grounded out to first base, unassisted (0-1 F).",G3,2,___,FP,L,,0,[],Away,Home,___,3.0,1.0,"['0-0', '0-1']",7,Out
652275.xml,02/20/2026,MARYLAND,DEL,"Wurst,Aubrey","Scheivert,Katie",T1,1,"Scheivert,Katie reached on a fielding error fielding by 2b by Turner,Logan (E4) (2-2 KBKB).",E4,0,1__,KBKBP,R,R,0,[],Away,Home,___,0.0,0.0,"['0-0', '0-1', '1-1', '1-2', '2-2']",1,Reached on Error
652275.xml,02/20/2026,MARYLAND,DEL,"Wurst,Aubrey",Sydney Shaffer,T1,2,"Scheivert,Katie out caught stealing at second base, c to ss.",,0,___,N/A,N/A,N/A,0,[],Away,Home,1__,1.0,1.0,['Unknown'],1,N/A
652275.xml,02/20/2026,MARYLAND,DEL,"Wurst,Aubrey",Sydney Shaffer,T1,3,"Shaffer,Sydney struck out looking (3-2 BKFBBFK).",K,1,___,BKFBBFK,R,R,0,[],Away,Home,___,2.0,1.0,"['0-0', '1-0', '1-1', '1-2', '2-2', '3-2']",1,Strikeout
652275.xml,02/20/2026,MARYLAND,DEL,"Wurst,Aubrey",Maddie Diamond,T1,4,"Diamond,Maddie flied out to rf (3-2 KBBSB).",F9,2,___,KBBSBP,R,R,0,[],Away,Home,___,3.0,1.0,"['0-0', '0-1', '1-1', '2-1', '2-2', '3-2']",1,Out
652275.xml,02/20/2026,DEL,MARYLAND,"Challburg,Karli","Cornwell,Caitlyn",B1,5,"Cornwell,Caitlyn infield singled to third base (1-2 BFS).",1B,0,1__,BFSP,L,R,0,[],Home,Away,___,0.0,0.0,"['0-0', '1-0', '1-1', '1-2']",1,Single
652275.xml,02/20/2026,DEL,MARYLAND,"Challburg,Karli","Woods,Sammi",B1,6,"Woods,Sammi singled to the pitcher's mound, bunt (0-0); Cornwell,Caitlyn advanced from first base to third base on play and a fielding error by Costaro,Gianna (E3).",1B,0,1__,P,R,R,0,[],Home,Away,1__,0.0,0.0,['0-0'],1,Single
652275.xml,02/20/2026,DEL,MARYLAND,"Challburg,Karli",Zayda Rocke,B1,7,"Woods,Sammi stole second base.",,0,___,N/A,N/A,N/A,0,[],Home,Away,1__,0.0,0.0,['Unknown'],1,N/A
652275.xml,02/20/2026,DEL,MARYLAND,"Challburg,Karli",Zayda Rocke,B1,8,"Rocke,Zayda popped up to the pitcher (3-2 BSBKB).",P1,0,___,BSBKBP,R,R,0,[],Home,Away,___,1.0,1.0,"['0-0', '1-0', '1-1', '2-1', '2-2', '3-2']",1,Out
652275.xml,02/20/2026,DEL,MARYLAND,"Challburg,Karli","McGowan,Anna",B1,9,"McGowan,Anna singled to shallow center field, RBI (2-2 KBKFB); Cornwell,Caitlyn scored; Woods,Sammi advanced to third base.",1B,1,1__,KBKFBP,R,R,1,"['Challburg,Karli']",Home,Away,___,1.0,0.0,"['0-0', '0-1', '1-1', '1-2', '2-2']",1,Single
652275.xml,02/20/2026,DEL,MARYLAND,"Challburg,Karli","Penta,Mariah",B1,10,"Penta,Mariah singled through the left side of the infield, RBI (0-0); Woods,Sammi scored; McGowan,Anna advanced to second base.",1B,1,1__,P,R,R,1,"['Challburg,Karli']",Home,Away,1__,1.0,0.0,['0-0'],1,Single
652275.xml,02/20/2026,DEL,MARYLAND,"Challburg,Karli","Turner,Logan",B1,11,"Turner,Logan flied out to rf (0-2 SK).",F9,1,___,SKP,R,R,0,[],Home,Away,1__,2.0,1.0,"['0-0', '0-1', '0-2']",1,Out
652275.xml,02/20/2026,DEL,MARYLAND,"Challburg,Karli","Murphy,Bailey",B1,12,"Murphy,Bailey singled down the left field line (3-2 BBKFB); McGowan,Anna advanced to third base; Penta,Mariah advanced to second base.",1B,2,1__,BBKFBP,L,R,0,[],Home,Away,___,2.0,0.0,"['0-0', '1-0', '2-0', '2-1', '2-2', '3-2']",1,Single
652275.xml,02/20/2026,DEL,MARYLAND,"Challburg,Karli","Williams,Jaylee",B1,13,"Williams,Jaylee struck out swinging (1-2 SBFS).",K,2,___,SBFS,L,R,0,[],Home,Away,1__,3.0,1.0,"['0-0', '0-1', '1-1', '1-2']",1,Strikeout
652275.xml,02/20/2026,MARYLAND,DEL,"Wurst,Aubrey","Chapman,Bridget",T2,14,"Chapman,Bridget fouled out to the catcher (1-1 SB).",FF2,0,___,SBP,R,R,0,[],Away,Home,___,1.0,1.0,"['0-0', '0-1', '1-1']",2,Out
652275.xml,02/20/2026,MARYLAND,DEL,"Wurst,Aubrey",Sorella Gallucci,T2,15,"Gallucci,Sorella flied out to lf (1-2 BFKF).",F7,1,___,BFKFP,R,R,0,[],Away,Home,___,2.0,1.0,"['0-0', '1-0', '1-1', '1-2']",2,Out
652275.xml,02/20/2026,MARYLAND,DEL,"Wurst,Aubrey",Gianna Costaro,T2,16,"Costaro,Gianna fouled out in first base side foul territory putout by rf (3-2 BBBKF).",FF9,2,___,BBBKFP,R,R,0,[],Away,Home,___,3.0,1.0,"['0-0', '1-0', '2-0', '3-0', '3-1', '3-2']",2,Out
652275.xml,02/20/2026,DEL,MARYLAND,"Challburg,Karli","Rodmyre,Sage",B2,17,"Rodmyre,Sage singled to left center (0-0).",1B,0,1__,P,R,R,0,[],Home,Away,___,0.0,0.0,['0-0'],2,Single
652275.xml,02/20/2026,DEL,MARYLAND,"Challburg,Karli","Cornwell,Caitlyn",B2,18,"Cornwell,Caitlyn reached on a fielder's choice hit to short (2-2 BBKK); Rodmyre,Sage out at second base, ss to 2b.",FC,0,1__,BBKKP,L,R,0,[],Home,Away,1__,1.0,1.0,"['0-0', '1-0', '2-0', '2-1', '2-2']",2,Fielders Choice
652275.xml,02/20/2026,DEL,MARYLAND,"Challburg,Karli","Woods,Sammi",B2,19,"Cornwell,Caitlyn stole second base.",,1,___,N/A,N/A,N/A,0,[],Home,Away,1__,1.0,0.0,['Unknown'],2,N/A
652275.xml,02/20/2026,DEL,MARYLAND,"Challburg,Karli","Woods,Sammi",B2,20,"Woods,Sammi grounded out to short, ss to 1b (3-2 SKBBFB); Cornwell,Caitlyn advanced to third base.",G63,1,___,SKBBFBP,R,R,0,[],Home,Away,___,2.0,1.0,"['0-0', '0-1', '0-2', '1-2', '2-2', '3-2']",2,Out
652275.xml,02/20/2026,DEL,MARYLAND,"Challburg,Karli",Zayda Rocke,B2,21,"Rocke,Zayda walked (3-2 KFBBBB).",BB,2,1__,KFBBBB,R,R,0,[],Home,Away,___,2.0,0.0,"['0-0', '0-1', '0-2', '1-2', '2-2', '3-2']",2,Walk
652275.xml,02/20/2026,DEL,MARYLAND,"Challburg,Karli","McGowan,Anna",B2,22,"McGowan,Anna flied out to cf (3-2 BKBSB).",F8,2,___,BKBSBP,R,R,0,[],Home,Away,1__,3.0,1.0,"['0-0', '1-0', '1-1', '2-1', '2-2', '3-2']",2,Out
652275.xml,02/20/2026,MARYLAND,DEL,"Wurst,Aubrey","Thomas,Ryleigh",T3,23,"Thomas,Ryleigh struck out looking (2-2 BBKFK).",K,0,___,BBKFK,R,R,0,[],Away,Home,___,1.0,1.0,"['0-0', '1-0', '2-0', '2-1', '2-2']",3,Strikeout
652275.xml,02/20/2026,MARYLAND,DEL,"Wurst,Aubrey","Jacobs,Gracie",T3,24,"Jacobs,Gracie doubled to right field (3-1 BKBB).",2B,1,_2_,BKBBP,L,R,0,[],Away,Home,___,1.0,0.0,"['0-0', '1-0', '1-1', '2-1', '3-1']",3,Double
652275.xml,02/20/2026,MARYLAND,DEL,"Wurst,Aubrey","Nankivell,Allie",T3,25,"Nankivell,Allie reached on a fielder's choice hit to short (2-2 BBKK); Jacobs,Gracie out at third base, ss to 3b.",FC,1,1__,BBKKP,L,R,0,[],Away,Home,_2_,2.0,1.0,"['0-0', '1-0', '2-0', '2-1', '2-2']",3,Fielders Choice
652275.xml,02/20/2026,MARYLAND,DEL,"Wurst,Aubrey","Scheivert,Katie",T3,26,"Scheivert,Katie infield singled to short (3-2 BBBKFF); Nankivell,Allie advanced to second base.",1B,2,1__,BBBKFFP,R,R,0,[],Away,Home,1__,2.0,0.0,"['0-0', '1-0', '2-0', '3-0', '3-1', '3-2']",3,Single
652275.xml,02/20/2026,MARYLAND,DEL,"Wurst,Aubrey",Sydney Shaffer,T3,27,"Scheivert,Katie advanced to second base; Nankivell,Allie advanced to third base.",,2,___,N/A,N/A,N/A,0,[],Away,Home,1__,2.0,0.0,['Unknown'],3,N/A
652275.xml,02/20/2026,MARYLAND,DEL,"Wurst,Aubrey",Sydney Shaffer,T3,28,"Shaffer,Sydney walked (3-1 BBBKB).",BB,2,1__,BBBKB,R,R,0,[],Away,Home,___,2.0,0.0,"['0-0', '1-0', '2-0', '3-0', '3-1']",3,Walk
652275.xml,02/20/2026,MARYLAND,DEL,"Wurst,Aubrey",Maddie Diamond,T3,29,"Diamond,Maddie singled to shallow left field, 2RBI (1-1 FB); Nankivell,Allie scored; Scheivert,Katie scored from second base; Shaffer,Sydney advanced from first base to third base.",1B,2,1__,FBP,R,R,2,"['Wurst,Aubrey', 'Wurst,Aubrey']",Away,Home,1__,2.0,0.0,"['0-0', '0-1', '1-1']",3,Single
652275.xml,02/20/2026,MARYLAND,DEL,"Wurst,Aubrey","Chapman,Bridget",T3,30,"Chapman,Bridget grounded out to second base, 2b to 1b (0-0).",G43,2,___,P,R,R,0,[],Away,Home,1__,3.0,1.0,['0-0'],3,Out
652275.xml,02/20/2026,DEL,MARYLAND,"Challburg,Karli","Penta,Mariah",B3,31,"Penta,Mariah singled through the left side of the infield (0-0).",1B,0,1__,P,R,R,0,[],Home,Away,___,0.0,0.0,['0-0'],3,Single
652275.xml,02/20/2026,DEL,MARYLAND,"Challburg,Karli","Turner,Logan",B3,33,"Turner,Logan fouled out in third base side foul territory putout by ss (2-2 FBBF).",FF6,0,___,FBBFP,R,R,0,[],Home,Away,1__,1.0,1.0,"['0-0', '0-1', '1-1', '2-1', '2-2']",3,Out
652275.xml,02/20/2026,DEL,MARYLAND,"Challburg,Karli","Murphy,Bailey",B3,34,"Solarz,Gracelyn out caught stealing at second base, c to 2b.",,1,___,N/A,N/A,N/A,0,[],Home,Away,___,2.0,1.0,['Unknown'],3,N/A
652275.xml,02/20/2026,DEL,MARYLAND,"Challburg,Karli","Murphy,Bailey",B3,35,"Murphy,Bailey singled down the left field line (1-1 BF).",1B,2,1__,BFP,L,R,0,[],Home,Away,___,2.0,0.0,"['0-0', '1-0', '1-1']",3,Single
652275.xml,02/20/2026,DEL,MARYLAND,"Challburg,Karli","Williams,Jaylee",B3,36,"Williams,Jaylee struck out swinging (1-2 BFSS).",K,2,___,BFSS,L,R,0,[],Home,Away,1__,3.0,1.0,"['0-0', '1-0', '1-1', '1-2']",3,Strikeout
652275.xml,02/20/2026,MARYLAND,DEL,"Wurst,Aubrey",Sorella Gallucci,T4,38,"Gallucci,Sorella walked (3-1 BFBBB).",BB,0,1__,BFBBB,R,R,0,[],Away,Home,___,0.0,0.0,"['0-0', '1-0', '1-1', '2-1', '3-1']",4,Walk
652275.xml,02/20/2026,MARYLAND,DEL,"Wurst,Aubrey",Gianna Costaro,T4,39,"Costaro,Gianna sacrifice bunt, error fielding by 2b by Turner,Logan (E4 A1) hit in front of the plate (0-0); Gallucci,Sorella advanced from first base to third base on play and error.",SHE4,0,1__,P,R,R,0,[],Away,Home,1__,0.0,0.0,['0-0'],4,Reached on Error
652275.xml,02/20/2026,MARYLAND,DEL,"Wurst,Aubrey","Thomas,Ryleigh",T4,40,"Costaro,Gianna stole second base.",,0,___,N/A,N/A,N/A,0,[],Away,Home,1__,0.0,0.0,['Unknown'],4,N/A
652275.xml,02/20/2026,MARYLAND,DEL,"Wurst,Aubrey","Thomas,Ryleigh",T4,41,"Costaro,Gianna advanced to third base on a wild pitch; Gallucci,Sorella scored on a wild pitch.",,0,___,N/A,N/A,N/A,1,"['Wurst,Aubrey']",Away,Home,___,0.0,0.0,['Unknown'],4,N/A
652275.xml,02/20/2026,MARYLAND,DEL,"Wurst,Aubrey","Thomas,Ryleigh",T4,42,"Thomas,Ryleigh singled to right field, RBI (3-2 SFFBBB); Costaro,Gianna scored, unearned.",1B,0,1__,SFFBBBP,R,R,1,"['Wurst,Aubrey']",Away,Home,___,0.0,0.0,"['0-0', '0-1', '0-2', '1-2', '2-2', '3-2']",4,Single
652275.xml,02/20/2026,MARYLAND,DEL,"Olensky,Caitlin","Jacobs,Gracie",T4,44,"Jacobs,Gracie grounded out to the pitcher, p to 1b (0-0); Thomas,Ryleigh advanced to second base.",G13,0,___,P,L,L,0,[],Away,Home,1__,1.0,1.0,['0-0'],4,Out
652275.xml,02/20/2026,MARYLAND,DEL,"Olensky,Caitlin","Nankivell,Allie",T4,45,"Nankivell,Allie fouled out in behind home plate foul territory putout by c (1-1 FB).",FF2,1,___,FBP,L,L,0,[],Away,Home,___,2.0,1.0,"['0-0', '0-1', '1-1']",4,Out
652275.xml,02/20/2026,MARYLAND,DEL,"Olensky,Caitlin","Scheivert,Katie",T4,46,"Scheivert,Katie walked (3-1 BBFBB).",BB,2,1__,BBFBB,R,L,0,[],Away,Home,___,2.0,0.0,"['0-0', '1-0', '2-0', '2-1', '3-1']",4,Walk
652275.xml,02/20/2026,MARYLAND,DEL,"Olensky,Caitlin",Sydney Shaffer,T4,47,"Shaffer,Sydney fouled out in first base side foul territory putout by 1b (0-2 KK).",FF3,2,___,KKP,R,L,0,[],Away,Home,1__,3.0,1.0,"['0-0', '0-1', '0-2']",4,Out
652275.xml,02/20/2026,DEL,MARYLAND,"Challburg,Karli","Rodmyre,Sage",B4,48,"Rodmyre,Sage grounded out to third base, 3b to 1b (2-2 SFBB).",G53,0,___,SFBBP,R,R,0,[],Home,Away,___,1.0,1.0,"['0-0', '0-1', '0-2', '1-2', '2-2']",4,Out
652275.xml,02/20/2026,DEL,MARYLAND,"Challburg,Karli","Cornwell,Caitlyn",B4,49,"Cornwell,Caitlyn infield singled through the right side of the infield (0-1 F).",1B,1,1__,FP,L,R,0,[],Home,Away,___,1.0,0.0,"['0-0', '0-1']",4,Single
652275.xml,02/20/2026,DEL,MARYLAND,"Challburg,Karli","Woods,Sammi",B4,50,"Woods,Sammi singled to shallow left field (0-0); Cornwell,Caitlyn advanced to second base.",1B,1,1__,P,R,R,0,[],Home,Away,1__,1.0,0.0,['0-0'],4,Single
652275.xml,02/20/2026,DEL,MARYLAND,Josie Crossman,Zayda Rocke,B4,52,"Rocke,Zayda popped up to second base (0-0).",P4,1,___,P,R,L,0,[],Home,Away,1__,2.0,1.0,['0-0'],4,Out
652275.xml,02/20/2026,DEL,MARYLAND,Josie Crossman,"McGowan,Anna",B4,53,"McGowan,Anna reached on a fielder's choice hit to third base (2-2 KBKB); Cornwell,Caitlyn out at third base, 3b unassisted.",FC,2,1__,KBKBP,R,L,0,[],Home,Away,___,3.0,1.0,"['0-0', '0-1', '1-1', '1-2', '2-2']",4,Fielders Choice
652275.xml,02/20/2026,MARYLAND,DEL,"Olensky,Caitlin",Maddie Diamond,T5,54,"Diamond,Maddie grounded out to third base, 3b to 1b (1-2 KFB).",G53,0,___,KFBP,R,L,0,[],Away,Home,___,1.0,1.0,"['0-0', '0-1', '0-2', '1-2']",5,Out
652275.xml,02/20/2026,MARYLAND,DEL,"Olensky,Caitlin","Chapman,Bridget",T5,55,"Chapman,Bridget fouled out in first base side foul territory putout by 2b (0-0).",FF4,1,___,P,R,L,0,[],Away,Home,___,2.0,1.0,['0-0'],5,Out
652275.xml,02/20/2026,MARYLAND,DEL,"Olensky,Caitlin",Sorella Gallucci,T5,56,"Gallucci,Sorella hit by pitch (0-2 KFB).",HBP,2,1__,KFB,R,L,0,[],Away,Home,___,2.0,0.0,"['0-0', '0-1', '0-2']",5,Out
652275.xml,02/20/2026,MARYLAND,DEL,"Olensky,Caitlin",Gianna Costaro,T5,57,"Costaro,Gianna singled up the middle (0-0); Gallucci,Sorella advanced from first base to third base.",1B,2,1__,P,R,L,0,[],Away,Home,1__,2.0,0.0,['0-0'],5,Single
652275.xml,02/20/2026,MARYLAND,DEL,"Olensky,Caitlin","Thomas,Ryleigh",T5,58,"Thomas,Ryleigh grounded out to third base, 3b to 1b (1-1 FB).",G53,2,___,FBP,R,L,0,[],Away,Home,1__,3.0,1.0,"['0-0', '0-1', '1-1']",5,Out
652275.xml,02/20/2026,DEL,MARYLAND,Josie Crossman,"Penta,Mariah",B5,59,"Penta,Mariah lined out to third base (0-1 K).",L5,0,___,KP,R,L,0,[],Home,Away,___,1.0,1.0,"['0-0', '0-1']",5,Out
652275.xml,02/20/2026,DEL,MARYLAND,Josie Crossman,"Turner,Logan",B5,60,"Turner,Logan lined out to lf (2-0 BB).",L7,1,___,BBP,R,L,0,[],Home,Away,___,2.0,1.0,"['0-0', '1-0', '2-0']",5,Out
652275.xml,02/20/2026,DEL,MARYLAND,Josie Crossman,"Murphy,Bailey",B5,61,"Murphy,Bailey struck out swinging (1-2 FBKS).",K,2,___,FBKS,L,L,0,[],Home,Away,___,3.0,1.0,"['0-0', '0-1', '1-1', '1-2']",5,Strikeout
652275.xml,02/20/2026,MARYLAND,DEL,"Olensky,Caitlin","Jacobs,Gracie",T6,62,"Jacobs,Gracie struck out swinging (2-2 KBBFFS).",K,0,___,KBBFFS,L,L,0,[],Away,Home,___,1.0,1.0,"['0-0', '0-1', '1-1', '2-1', '2-2']",6,Strikeout
652275.xml,02/20/2026,MARYLAND,DEL,"Olensky,Caitlin","Nankivell,Allie",T6,63,"Nankivell,Allie grounded out to third base, 3b to 1b (0-0).",G53,1,___,P,L,L,0,[],Away,Home,___,2.0,1.0,['0-0'],6,Out
652275.xml,02/20/2026,MARYLAND,DEL,"Olensky,Caitlin","Scheivert,Katie",T6,64,"Scheivert,Katie singled up the middle (0-0).",1B,2,1__,P,R,L,0,[],Away,Home,___,2.0,0.0,['0-0'],6,Single
652275.xml,02/20/2026,MARYLAND,DEL,"Olensky,Caitlin",Sydney Shaffer,T6,65,"Shaffer,Sydney grounded out to third base, 3b to 1b (0-0).",G53,2,___,P,R,L,0,[],Away,Home,1__,3.0,1.0,['0-0'],6,Out
652275.xml,02/20/2026,DEL,MARYLAND,Josie Crossman,"Ullman,Bailey",B6,67,"Ullman,Bailey walked (3-2 BBKFFBB).",BB,0,1__,BBKFFBB,L,L,0,[],Home,Away,___,0.0,0.0,"['0-0', '1-0', '2-0', '2-1', '2-2', '3-2']",6,Walk
652275.xml,02/20/2026,DEL,MARYLAND,Josie Crossman,Matti Benson,B6,70,"Benson,Matti struck out swinging (0-2 KKS).",K,0,___,KKS,L,L,0,[],Home,Away,1__,1.0,1.0,"['0-0', '0-1', '0-2']",6,Strikeout
652275.xml,02/20/2026,DEL,MARYLAND,Josie Crossman,"Cornwell,Caitlyn",B6,71,"Cornwell,Caitlyn struck out swinging (0-2 SSS).",K,1,___,SSS,L,L,0,[],Home,Away,___,2.0,1.0,"['0-0', '0-1', '0-2']",6,Strikeout
652275.xml,02/20/2026,DEL,MARYLAND,Josie Crossman,"Woods,Sammi",B6,72,"Woods,Sammi struck out swinging (1-2 BKFS).",K,2,___,BKFS,R,L,0,[],Home,Away,___,3.0,1.0,"['0-0', '1-0', '1-1', '1-2']",6,Strikeout
652275.xml,02/20/2026,MARYLAND,DEL,"Olensky,Caitlin",Maddie Diamond,T7,75,"Diamond,Maddie doubled down the left field line (1-0 B).",2B,0,_2_,BP,R,L,0,[],Away,Home,___,0.0,0.0,"['0-0', '1-0']",7,Double
652275.xml,02/20/2026,MARYLAND,DEL,"Olensky,Caitlin","Chapman,Bridget",T7,77,"Blazys,Caylin advanced to third base on a wild pitch.",,0,___,N/A,N/A,N/A,0,[],Away,Home,_2_,0.0,0.0,['Unknown'],7,N/A
652275.xml,02/20/2026,MARYLAND,DEL,"Olensky,Caitlin","Chapman,Bridget",T7,78,"Chapman,Bridget struck out swinging (2-2 FFFFBBS).",K,0,___,FFFFBBS,R,L,0,[],Away,Home,___,1.0,1.0,"['0-0', '0-1', '0-2', '1-2', '2-2']",7,Strikeout
652275.xml,02/20/2026,MARYLAND,DEL,"Olensky,Caitlin",Sorella Gallucci,T7,79,"Gallucci,Sorella grounded out to the pitcher, p to 2b, RBI (0-1 F); Blazys,Caylin scored.",G14,1,___,FP,R,L,1,"['Olensky,Caitlin']",Away,Home,___,2.0,1.0,"['0-0', '0-1']",7,Out
652275.xml,02/20/2026,MARYLAND,DEL,"Olensky,Caitlin",Gianna Costaro,T7,80,"Costaro,Gianna flied out to rf (3-1 BBBK).",F9,2,___,BBBKP,R,L,0,[],Away,Home,___,3.0,1.0,"['0-0', '1-0', '2-0', '3-0', '3-1']",7,Out
652275.xml,02/20/2026,DEL,MARYLAND,Josie Crossman,Zayda Rocke,B7,82,"Rocke,Zayda lined out to third base (0-0).",L5,0,___,P,R,L,0,[],Home,Away,___,1.0,1.0,['0-0'],7,Out
652275.xml,02/20/2026,DEL,MARYLAND,Josie Crossman,"McGowan,Anna",B7,83,"McGowan,Anna popped up to short (1-1 FB).",P6,1,___,FBP,R,L,0,[],Home,Away,___,2.0,1.0,"['0-0', '0-1', '1-1']",7,Out
652275.xml,02/20/2026,DEL,MARYLAND,Josie Crossman,"Penta,Mariah",B7,84,"Penta,Mariah popped up to second base (1-2 BKK).",P4,2,___,BKKP,R,L,0,[],Home,Away,___,3.0,1.0,"['0-0', '1-0', '1-1', '1-2']",7,Out
651295.xml,2/21/2026,TOLEDO,MARYLAND,K. Mcdonald,C. Cornwell,T1,1,"C. Cornwell singled down the lf line, out at second lf to 2b.",1B LL 74,0,___,KFFBBFBP,L,R,0,[],Away,Home,___,1.0,1.0,"['0-0', '0-1', '0-2', '1-2', '2-2', '3-2']",1,Single
651295.xml,2/21/2026,TOLEDO,MARYLAND,K. Mcdonald,S. Woods,T1,2,S. Woods singled to right field.,1B 9,1,1__,BP,R,R,0,[],Away,Home,___,1.0,0.0,"['0-0', '1-0']",1,Single
651295.xml,2/21/2026,TOLEDO,MARYLAND,K. Mcdonald,Z. Rocke,T1,3,Z. Rocke struck out swinging.,KS,1,1__,BBKKS,R,R,0,[],Away,Home,1__,2.0,1.0,"['0-0', '1-0', '2-0', '2-1', '2-2']",1,Strikeout
651295.xml,2/21/2026,TOLEDO,MARYLAND,K. Mcdonald,A. McGowan,T1,4,A. McGowan struck out swinging.,KS,2,1__,SKS,R,R,0,[],Away,Home,1__,3.0,1.0,"['0-0', '0-1', '0-2']",1,Strikeout
651295.xml,2/21/2026,MARYLAND,TOLEDO,C. Olensky,E. Enriquez,B1,5,E. Enriquez grounded out to 2b.,43,0,___,BBFFBP,L,L,0,[],Home,Away,___,1.0,1.0,"['0-0', '1-0', '2-0', '2-1', '2-2', '3-2']",1,Out
651295.xml,2/21/2026,MARYLAND,TOLEDO,C. Olensky,S. Bolding,B1,6,S. Bolding singled to center field.,1B 8,1,1__,FBP,R,L,0,[],Home,Away,___,1.0,0.0,"['0-0', '0-1', '1-1']",1,Single
651295.xml,2/21/2026,MARYLAND,TOLEDO,C. Olensky,A. Miller,B1,7,A. Miller struck out swinging.,KS,1,1__,FFBBS,R,L,0,[],Home,Away,1__,2.0,1.0,"['0-0', '0-1', '0-2', '1-2', '2-2']",1,Strikeout
651295.xml,2/21/2026,MARYLAND,TOLEDO,C. Olensky,A. Hensley,B1,8,A. Hensley flied out to rf.,F9,2,1__,P,R,L,0,[],Home,Away,1__,3.0,1.0,['0-0'],1,Out
651295.xml,2/21/2026,TOLEDO,MARYLAND,K. Mcdonald,M. Penta,T2,9,M. Penta grounded out to 2b.,43,0,___,KKFP,R,R,0,[],Away,Home,___,1.0,1.0,"['0-0', '0-1', '0-2']",2,Out
651295.xml,2/21/2026,TOLEDO,MARYLAND,K. Mcdonald,L. Turner,T2,10,L. Turner singled to right field.,1B 9,1,1__,FBFP,R,R,0,[],Away,Home,___,1.0,0.0,"['0-0', '0-1', '1-1', '1-2']",2,Single
651295.xml,2/21/2026,TOLEDO,MARYLAND,K. Mcdonald,B. Murphy,T2,11,B. Murphy singled to shortstop; L. Turner advanced to second.,1B 6,1,12_,BFBBP,L,R,0,[],Away,Home,1__,1.0,0.0,"['0-0', '1-0', '1-1', '2-1', '3-1']",2,Single
651295.xml,2/21/2026,TOLEDO,MARYLAND,K. Mcdonald,J. Williams,T2,12,J. Williams struck out swinging.,KS,1,12_,KFFFBS,L,R,0,[],Away,Home,12_,2.0,1.0,"['0-0', '0-1', '0-2', '1-2']",2,Strikeout
651295.xml,2/21/2026,TOLEDO,MARYLAND,K. Mcdonald,C. Fox,T2,13,C. Fox popped up to ss.,P6,2,12_,N/A,L,R,0,[],Away,Home,12_,3.0,1.0,['Unknown'],2,Out
651295.xml,2/21/2026,MARYLAND,TOLEDO,C. Olensky,J. Gober,B2,14,J. Gober popped up to 2b.,P4,0,___,KBFBP,R,L,0,[],Home,Away,___,1.0,1.0,"['0-0', '0-1', '1-1', '1-2', '2-2']",2,Out
651295.xml,2/21/2026,MARYLAND,TOLEDO,C. Olensky,M. Mckay,B2,15,M. Mckay singled to center field.,1B 8,1,1__,KBP,R,L,0,[],Home,Away,___,1.0,0.0,"['0-0', '0-1', '1-1']",2,Single
651295.xml,2/21/2026,MARYLAND,TOLEDO,C. Olensky,E. Maloney,B2,16,E. Maloney struck out looking.,KL,1,1__,SFBFFBFK,R,L,0,[],Home,Away,1__,2.0,1.0,"['0-0', '0-1', '0-2', '1-2', '2-2']",2,Strikeout
651295.xml,2/21/2026,MARYLAND,TOLEDO,C. Olensky,P. Abiley,B2,17,P. Abiley grounded out to 3b.,53,2,1__,BP,R,L,0,[],Home,Away,1__,3.0,1.0,"['0-0', '1-0']",2,Out
651295.xml,2/21/2026,TOLEDO,MARYLAND,K. Mcdonald,C. Cornwell,T3,18,C. Cornwell grounded out to ss.,63,0,___,N/A,L,R,0,[],Away,Home,___,1.0,1.0,['Unknown'],3,Out
651295.xml,2/21/2026,TOLEDO,MARYLAND,K. Mcdonald,S. Woods,T3,19,"S. Woods singled to pitcher, bunt.",1B 1 BU,1,1__,P,R,R,0,[],Away,Home,___,1.0,0.0,['0-0'],3,Single
651295.xml,2/21/2026,TOLEDO,MARYLAND,K. Mcdonald,Z. Rocke,T3,20,Z. Rocke walked; S. Woods advanced to second.,BB,1,12_,BBFBFFB,R,R,0,[],Away,Home,1__,1.0,0.0,"['0-0', '1-0', '2-0', '2-1', '3-1', '3-2']",3,Walk
651295.xml,2/21/2026,TOLEDO,MARYLAND,K. Mcdonald,A. McGowan,T3,21,A. McGowan struck out swinging.,KS,1,12_,KBKFFK,R,R,0,[],Away,Home,12_,2.0,1.0,"['0-0', '0-1', '1-1', '1-2']",3,Strikeout
651295.xml,2/21/2026,TOLEDO,MARYLAND,K. Mcdonald,M. Penta,T3,22,M. Penta singled to shortstop; Z. Rocke advanced to second; S. Woods advanced to third.,1B 6,2,123,P,R,R,0,[],Away,Home,12_,2.0,0.0,['0-0'],3,Single
651295.xml,2/21/2026,TOLEDO,MARYLAND,K. Mcdonald,L. Turner,T3,23,L. Turner grounded out to 2b.,43,2,123,KFFBBP,R,R,0,[],Away,Home,123,3.0,1.0,"['0-0', '0-1', '0-2', '1-2', '2-2']",3,Out
651295.xml,2/21/2026,MARYLAND,TOLEDO,C. Olensky,A. Shepherd,B3,24,A. Shepherd lined out to p.,L1,0,___,FBFFBBP,R,L,0,[],Home,Away,___,1.0,1.0,"['0-0', '0-1', '1-1', '1-2', '2-2', '3-2']",3,Out
651295.xml,2/21/2026,MARYLAND,TOLEDO,C. Olensky,E. Enriquez,B3,25,E. Enriquez singled to left field.,1B 7,1,1__,BKBFFFFBP,L,L,0,[],Home,Away,___,1.0,0.0,"['0-0', '1-0', '1-1', '2-1', '2-2', '3-2']",3,Single
651295.xml,2/21/2026,MARYLAND,TOLEDO,C. Olensky,S. Bolding,B3,26,S. Bolding popped out to c.,PF2,1,1__,FBBP,R,L,0,[],Home,Away,1__,2.0,1.0,"['0-0', '0-1', '1-1', '2-1']",3,Out
651295.xml,2/21/2026,MARYLAND,TOLEDO,C. Olensky,A. Miller,B3,27,A. Miller grounded out to ss.,63,2,1__,KFBBP,R,L,0,[],Home,Away,1__,3.0,1.0,"['0-0', '0-1', '0-2', '1-2', '2-2']",3,Out
651295.xml,2/21/2026,TOLEDO,MARYLAND,K. Mcdonald,B. Murphy,T4,28,B. Murphy singled to shortstop.,1B 6,0,1__,BFFP,L,R,0,[],Away,Home,___,0.0,0.0,"['0-0', '1-0', '1-1', '1-2']",4,Single
651295.xml,2/21/2026,TOLEDO,MARYLAND,K. Mcdonald,J. Williams,T4,29,J. Williams flied out to lf.,F7,0,1__,BP,L,R,0,[],Away,Home,1__,1.0,1.0,"['0-0', '1-0']",4,Out
651295.xml,2/21/2026,TOLEDO,MARYLAND,K. Mcdonald,C. Fox,T4,30,C. Fox flied out to cf.,F8,1,1__,BBFFBFFP,L,R,0,[],Away,Home,1__,2.0,1.0,"['0-0', '1-0', '2-0', '2-1', '2-2', '3-2']",4,Out
651295.xml,2/21/2026,TOLEDO,MARYLAND,K. Mcdonald,C. Cornwell,T4,31,C. Cornwell struck out swinging.,KS,2,1__,SSFFS,L,R,0,[],Away,Home,1__,3.0,1.0,"['0-0', '0-1', '0-2']",4,Strikeout
651295.xml,2/21/2026,MARYLAND,TOLEDO,C. Olensky,A. Hensley,B4,32,A. Hensley lined out to cf.,L8,0,___,BFBBP,R,L,0,[],Home,Away,___,1.0,1.0,"['0-0', '1-0', '1-1', '2-1', '3-1']",4,Out
651295.xml,2/21/2026,MARYLAND,TOLEDO,C. Olensky,J. Gober,B4,33,J. Gober lined out to ss.,L6,1,___,BBKKBFP,R,L,0,[],Home,Away,___,2.0,1.0,"['0-0', '1-0', '2-0', '2-1', '2-2', '3-2']",4,Out
651295.xml,2/21/2026,MARYLAND,TOLEDO,C. Olensky,M. Mckay,B4,34,M. Mckay struck out swinging.,KS,2,___,BBFBFS,R,L,0,[],Home,Away,___,3.0,1.0,"['0-0', '1-0', '2-0', '2-1', '3-1', '3-2']",4,Strikeout
651295.xml,2/21/2026,TOLEDO,MARYLAND,K. Mcdonald,S. Woods,T5,35,S. Woods singled through the left side.,1B LS,0,1__,FBBP,R,R,0,[],Away,Home,___,0.0,0.0,"['0-0', '0-1', '1-1', '2-1']",5,Single
651295.xml,2/21/2026,TOLEDO,MARYLAND,K. Mcdonald,Z. Rocke,T5,36,Z. Rocke popped into double play c to second base; S. Woods out on the play.,PF2 4 DP,0,___,BPP,R,R,0,[],Away,Home,1__,2.0,2.0,"['0-0', '1-0', '2-0']",5,Out
651295.xml,2/21/2026,TOLEDO,MARYLAND,K. Mcdonald,A. McGowan,T5,37,A. McGowan grounded out to p.,13,2,___,KP,R,R,0,[],Away,Home,___,3.0,1.0,"['0-0', '0-1']",5,Out
651295.xml,2/21/2026,MARYLAND,TOLEDO,K. Bucher,E. Maloney,B5,39,E. Maloney singled to left field.,1B 7,0,1__,FKP,R,R,0,[],Home,Away,___,0.0,0.0,"['0-0', '0-1', '0-2']",5,Single
651295.xml,2/21/2026,MARYLAND,TOLEDO,K. Bucher,P. Abiley,B5,40,P. Abiley grounded out to 1b unassisted; E. Maloney advanced to second.,3U,0,_2_,FSBFFP,R,R,0,[],Home,Away,1__,1.0,1.0,"['0-0', '0-1', '0-2', '1-2']",5,Out
651295.xml,2/21/2026,MARYLAND,TOLEDO,K. Bucher,A. Shepherd,B5,41,A. Shepherd grounded out to 3b.,53,1,_2_,BP,R,R,0,[],Home,Away,_2_,2.0,1.0,"['0-0', '1-0']",5,Out
651295.xml,2/21/2026,MARYLAND,TOLEDO,K. Bucher,E. Enriquez,B5,42,E. Enriquez walked.,BB,2,12_,BKBBB,L,R,0,[],Home,Away,_2_,2.0,0.0,"['0-0', '1-0', '1-1', '2-1', '3-1']",5,Walk
651295.xml,2/21/2026,MARYLAND,TOLEDO,K. Bucher,S. Bolding,B5,43,S. Bolding flied out to lf.,F7,2,12_,KFP,R,R,0,[],Home,Away,12_,3.0,1.0,"['0-0', '0-1', '0-2']",5,Out
651295.xml,2/21/2026,TOLEDO,MARYLAND,K. Mcdonald,M. Penta,T6,44,M. Penta doubled to center field.,2B 8,0,_2_,SP,R,R,0,[],Away,Home,___,0.0,0.0,"['0-0', '0-1']",6,Double
651295.xml,2/21/2026,TOLEDO,MARYLAND,K. Mcdonald,L. Turner,T6,46,L. Turner singled to center field; G. Wilson advanced to third.,1B 8,0,1_3,FBFP,R,R,0,[],Away,Home,_2_,0.0,0.0,"['0-0', '0-1', '1-1', '1-2']",6,Single
651295.xml,2/21/2026,TOLEDO,MARYLAND,K. Mcdonald,B. Murphy,T6,49,"B. Murphy doubled to left field, 2 RBI; L. Caye scored; G. Wilson scored.",2B 7 RBI2,0,12_,FBP,L,R,2,"['K. Mcdonald', 'K. Mcdonald']",Away,Home,1_3,0.0,0.0,"['0-0', '0-1', '1-1']",6,Double
651295.xml,2/21/2026,TOLEDO,MARYLAND,K. Mcdonald,J. Williams,T6,50,J. Williams popped up to ss.,P6,0,12_,BP,L,R,0,[],Away,Home,12_,1.0,1.0,"['0-0', '1-0']",6,Out
651295.xml,2/21/2026,TOLEDO,MARYLAND,K. Mcdonald,C. Fox,T6,51,"C. Fox singled down the rf line, RBI, advanced to second on the throw; B. Murphy scored.",1B RL RBI +T,1,12_,BFKP,L,R,1,['K. Mcdonald'],Away,Home,12_,1.0,0.0,"['0-0', '1-0', '1-1', '1-2']",6,Single
651295.xml,2/21/2026,TOLEDO,MARYLAND,K. Mcdonald,C. Cornwell,T6,52,C. Cornwell lined out to ss.,L6,1,12_,KFFFBBP,L,R,0,[],Away,Home,12_,2.0,1.0,"['0-0', '0-1', '0-2', '1-2', '2-2']",6,Out
651295.xml,2/21/2026,TOLEDO,MARYLAND,K. Mcdonald,S. Woods,T6,53,S. Woods flied out to lf.,F7,2,12_,P,R,R,0,[],Away,Home,12_,3.0,1.0,['0-0'],6,Out
651295.xml,2/21/2026,MARYLAND,TOLEDO,K. Bucher,A. Miller,B6,56,A. Miller singled through the right side.,1B RS,0,1__,KBBP,R,R,0,[],Home,Away,___,0.0,0.0,"['0-0', '0-1', '1-1', '2-1']",6,Single
651295.xml,2/21/2026,MARYLAND,TOLEDO,K. Bucher,A. Hensley,B6,58,A. Hensley flied out to lf.,F7,0,1__,BBKKP,R,R,0,[],Home,Away,1__,1.0,1.0,"['0-0', '1-0', '2-0', '2-1', '2-2']",6,Out
651295.xml,2/21/2026,MARYLAND,TOLEDO,K. Bucher,J. Gober,B6,59,J. Gober struck out looking.,KL,1,1__,KFK,R,R,0,[],Home,Away,1__,2.0,1.0,"['0-0', '0-1', '0-2']",6,Strikeout
651295.xml,2/21/2026,MARYLAND,TOLEDO,K. Bucher,M. Mckay,B6,60,M. Mckay grounded out to 3b.,53,2,1__,KKFP,R,R,0,[],Home,Away,1__,3.0,1.0,"['0-0', '0-1', '0-2']",6,Out
651295.xml,2/21/2026,TOLEDO,MARYLAND,K. Mcdonald,Z. Rocke,T7,64,Z. Rocke doubled to right center.,2B RC,0,_2_,BFBBFP,R,R,0,[],Away,Home,___,0.0,0.0,"['0-0', '1-0', '1-1', '2-1', '3-1', '3-2']",7,Double
651295.xml,2/21/2026,TOLEDO,MARYLAND,K. Mcdonald,A. McGowan,T7,66,A. McGowan struck out looking.,KL,0,_2_,FBSK,R,R,0,[],Away,Home,_2_,1.0,1.0,"['0-0', '0-1', '1-1', '1-2']",7,Strikeout
651295.xml,2/21/2026,TOLEDO,MARYLAND,M. Yackee,M. Penta,T7,68,M. Penta popped up to ss.,P6,1,_2_,BBBKP,R,L,0,[],Away,Home,_2_,2.0,1.0,"['0-0', '1-0', '2-0', '3-0', '3-1']",7,Out
651295.xml,2/21/2026,TOLEDO,MARYLAND,M. Yackee,L. Turner,T7,69,"L. Turner singled to center field, advanced to second on the throw, RBI; T. Borovac scored.",1B 8 +T RBI1,2,_2_,BSFBP,R,L,1,['K. Mcdonald'],Away,Home,_2_,2.0,0.0,"['0-0', '1-0', '1-1', '1-2', '2-2']",7,Single
651295.xml,2/21/2026,TOLEDO,MARYLAND,M. Yackee,B. Murphy,T7,70,B. Murphy popped up to 2b.,P4,2,_2_,BP,L,L,0,[],Away,Home,_2_,3.0,1.0,"['0-0', '1-0']",7,Out
651295.xml,2/21/2026,MARYLAND,TOLEDO,K. Bucher,E. Maloney,B7,72,E. Maloney grounded out to p.,13,0,___,FBBFP,R,R,0,[],Home,Away,___,1.0,1.0,"['0-0', '0-1', '1-1', '2-1', '2-2']",7,Out
651295.xml,2/21/2026,MARYLAND,TOLEDO,K. Bucher,J. Bloomfiel,B7,74,J. Bloomfiel singled to right field.,1B 9,1,1__,KKFP,R,R,0,[],Home,Away,___,1.0,0.0,"['0-0', '0-1', '0-2']",7,Single
651295.xml,2/21/2026,MARYLAND,TOLEDO,K. Bucher,A. Shepherd,B7,77,A. Shepherd grounded out to 3b; R. Sjoholm advanced to third.,53,1,1_3,BKSFFP,R,R,0,[],Home,Away,1__,2.0,1.0,"['0-0', '1-0', '1-1', '1-2']",7,Out
651295.xml,2/21/2026,MARYLAND,TOLEDO,K. Bucher,E. Enriquez,B7,78,E. Enriquez flied out to rf.,F9,2,1_3,FBP,L,R,0,[],Home,Away,1_3,3.0,1.0,"['0-0', '0-1', '1-1']",7,Out
638992.xml,2/21/2026,LIBERTY,MARYLAND,C. Anders,C. Cornwell,T1,1,C. Cornwell walked.,BB,0,1__,BBKBB,L,L,0,[],Away,Home,___,0.0,0.0,"['0-0', '1-0', '2-0', '2-1', '3-1']",1,Walk
638992.xml,2/21/2026,LIBERTY,MARYLAND,C. Anders,S. Woods,T1,2,"S. Woods singled to third base, bunt; C. Cornwell advanced to second.",1B 5 BU,0,12_,P,R,L,0,[],Away,Home,1__,0.0,0.0,['0-0'],1,Single
638992.xml,2/21/2026,LIBERTY,MARYLAND,C. Anders,Z. Rocke,T1,3,Z. Rocke hit by pitch; S. Woods advanced to second; C. Cornwell advanced to third.,HP,0,123,BBKBFH,R,L,0,[],Away,Home,12_,0.0,0.0,"['0-0', '1-0', '2-0', '2-1', '3-1', '3-2']",1,Hit By Pitch
638992.xml,2/21/2026,LIBERTY,MARYLAND,C. Anders,A. McGowan,T1,4,A. McGowan reached on a fielder's choice; Z. Rocke advanced to second; S. Woods advanced to third; C. Cornwell out at home 3b to c.,FC,0,123,KSP,R,L,0,[],Away,Home,123,1.0,1.0,"['0-0', '0-1', '0-2']",1,Fielders Choice
638992.xml,2/21/2026,LIBERTY,MARYLAND,C. Anders,M. Penta,T1,5,M. Penta fouled out to 1b.,FF3,1,123,BSFP,R,L,0,[],Away,Home,123,2.0,1.0,"['0-0', '1-0', '1-1', '1-2']",1,Out
638992.xml,2/21/2026,LIBERTY,MARYLAND,C. Anders,L. Turner,T1,6,L. Turner struck out swinging.,KS,2,123,KBSFBBFS,R,L,0,[],Away,Home,123,3.0,1.0,"['0-0', '0-1', '1-1', '1-2', '2-2', '3-2']",1,Strikeout
638992.xml,2/21/2026,MARYLAND,LIBERTY,E. Wiegand,E. Fox,B1,7,E. Fox tripled to right center.,3B RC,0,__3,BBKSBP,L,R,0,[],Home,Away,___,0.0,0.0,"['0-0', '1-0', '2-0', '2-1', '2-2', '3-2']",1,Triple
638992.xml,2/21/2026,MARYLAND,LIBERTY,E. Wiegand,S. Jessee,B1,8,"S. Jessee doubled to right center, RBI; E. Fox scored.",2B RC RBI1,0,_2_,KKP,R,R,1,['E. Wiegand'],Home,Away,__3,0.0,0.0,"['0-0', '0-1', '0-2']",1,Double
638992.xml,2/21/2026,MARYLAND,LIBERTY,E. Wiegand,B. McManus,B1,9,B. McManus flied out to rf; S. Jessee advanced to third.,F9,0,__3,BFBBFP,R,R,0,[],Home,Away,_2_,1.0,1.0,"['0-0', '1-0', '1-1', '2-1', '3-1', '3-2']",1,Out
638992.xml,2/21/2026,MARYLAND,LIBERTY,E. Wiegand,A. Carrasqui,B1,10,"A. Carrasqui homered to center field, 2 RBI; S. Jessee scored.",HR 8 RBI2,1,___,FBP,R,R,2,"['E. Wiegand', 'E. Wiegand']",Home,Away,__3,1.0,0.0,"['0-0', '0-1', '1-1']",1,Home Run
638992.xml,2/21/2026,MARYLAND,LIBERTY,A. Wurst,P. Doerr,B1,12,P. Doerr singled to left field.,1B 7,1,1__,FFBP,L,R,0,[],Home,Away,___,1.0,0.0,"['0-0', '0-1', '0-2', '1-2']",1,Single
638992.xml,2/21/2026,MARYLAND,LIBERTY,A. Wurst,M. Stricklan,B1,13,M. Stricklan reached on a fielder's choice; P. Doerr out at second ss unassisted.,FC,1,1__,BBP,R,R,0,[],Home,Away,1__,2.0,1.0,"['0-0', '1-0', '2-0']",1,Fielders Choice
638992.xml,2/21/2026,MARYLAND,LIBERTY,A. Wurst,B. Roberts,B1,14,B. Roberts singled down the lf line; M. Stricklan advanced to second.,1B LL,2,12_,BBSKFFP,L,R,0,[],Home,Away,1__,2.0,0.0,"['0-0', '1-0', '2-0', '2-1', '2-2']",1,Single
638992.xml,2/21/2026,MARYLAND,LIBERTY,A. Wurst,A. Fulcher,B1,15,A. Fulcher grounded out to ss.,63,2,12_,BP,R,R,0,[],Home,Away,12_,3.0,1.0,"['0-0', '1-0']",1,Out
638992.xml,2/21/2026,LIBERTY,MARYLAND,C. Anders,B. Murphy,T2,16,B. Murphy singled to shortstop.,1B 6,0,1__,P,L,L,0,[],Away,Home,___,0.0,0.0,['0-0'],2,Single
638992.xml,2/21/2026,LIBERTY,MARYLAND,C. Anders,C. Fox,T2,17,"C. Fox out at first 3b to 2b, SAC, bunt; B. Murphy advanced to second.",54 SAC BU,0,_2_,P,L,L,0,[],Away,Home,1__,1.0,1.0,['0-0'],2,Out
638992.xml,2/21/2026,LIBERTY,MARYLAND,C. Anders,T. Borovac,T2,18,T. Borovac popped up to 2b.,P4,1,_2_,BSBFFP,L,L,0,[],Away,Home,_2_,2.0,1.0,"['0-0', '1-0', '1-1', '2-1', '2-2']",2,Out
638992.xml,2/21/2026,LIBERTY,MARYLAND,C. Anders,C. Cornwell,T2,19,C. Cornwell grounded out to 2b.,43,2,_2_,P,L,L,0,[],Away,Home,_2_,3.0,1.0,['0-0'],2,Out
638992.xml,2/21/2026,MARYLAND,LIBERTY,A. Wurst,S. Whatley,B2,20,S. Whatley walked.,BB,0,1__,FBBBB,L,R,0,[],Home,Away,___,0.0,0.0,"['0-0', '0-1', '1-1', '2-1', '3-1']",2,Walk
638992.xml,2/21/2026,MARYLAND,LIBERTY,A. Wurst,E. Fox,B2,21,E. Fox fouled out to lf.,FF7,0,1__,BBBKFP,L,R,0,[],Home,Away,1__,1.0,1.0,"['0-0', '1-0', '2-0', '3-0', '3-1', '3-2']",2,Out
638992.xml,2/21/2026,MARYLAND,LIBERTY,A. Wurst,S. Jessee,B2,22,S. Jessee popped up to 3b.,P5,1,1__,P,R,R,0,[],Home,Away,1__,2.0,1.0,['0-0'],2,Out
638992.xml,2/21/2026,MARYLAND,LIBERTY,A. Wurst,B. McManus,B2,24,B. McManus walked.,BB,2,1__,BBFBB,R,R,0,[],Home,Away,1__,2.0,0.0,"['0-0', '1-0', '2-0', '2-1', '3-1']",2,Walk
638992.xml,2/21/2026,MARYLAND,LIBERTY,A. Wurst,A. Carrasqui,B2,26,A. Carrasqui grounded out to 2b.,43,2,1__,BSBFFBFP,R,R,0,[],Home,Away,1__,3.0,1.0,"['0-0', '1-0', '1-1', '2-1', '2-2', '3-2']",2,Out
638992.xml,2/21/2026,LIBERTY,MARYLAND,C. Anders,S. Woods,T3,27,S. Woods singled to left center.,1B LC,0,1__,BFKFBP,R,L,0,[],Away,Home,___,0.0,0.0,"['0-0', '1-0', '1-1', '1-2', '2-2']",3,Single
638992.xml,2/21/2026,LIBERTY,MARYLAND,C. Anders,Z. Rocke,T3,28,Z. Rocke popped up to 2b.,P4,0,1__,P,R,L,0,[],Away,Home,1__,1.0,1.0,['0-0'],3,Out
638992.xml,2/21/2026,LIBERTY,MARYLAND,C. Anders,A. McGowan,T3,29,A. McGowan flied out to rf.,F9,1,1__,KP,R,L,0,[],Away,Home,1__,2.0,1.0,"['0-0', '0-1']",3,Out
638992.xml,2/21/2026,LIBERTY,MARYLAND,C. Anders,M. Penta,T3,30,M. Penta hit by pitch; S. Woods advanced to second.,HP,2,12_,H,R,L,0,[],Away,Home,1__,2.0,0.0,['0-0'],3,Hit By Pitch
638992.xml,2/21/2026,LIBERTY,MARYLAND,C. Anders,L. Turner,T3,31,L. Turner flied out to cf.,F8,2,12_,KKBBBFP,R,L,0,[],Away,Home,12_,3.0,1.0,"['0-0', '0-1', '0-2', '1-2', '2-2', '3-2']",3,Out
638992.xml,2/21/2026,MARYLAND,LIBERTY,A. Wurst,P. Doerr,B3,32,P. Doerr singled up the middle.,1B MI,0,1__,FFBBBP,L,R,0,[],Home,Away,___,0.0,0.0,"['0-0', '0-1', '0-2', '1-2', '2-2', '3-2']",3,Single
638992.xml,2/21/2026,MARYLAND,LIBERTY,A. Wurst,M. Stricklan,B3,33,M. Stricklan reached on a fielder's choice; P. Doerr out at second ss to 2b.,FC,0,1__,KBBFFFP,R,R,0,[],Home,Away,1__,1.0,1.0,"['0-0', '0-1', '1-1', '2-1', '2-2']",3,Fielders Choice
638992.xml,2/21/2026,MARYLAND,LIBERTY,A. Wurst,B. Roberts,B3,34,B. Roberts singled to left center; M. Stricklan advanced to second.,1B LC,1,12_,BFFFP,L,R,0,[],Home,Away,1__,1.0,0.0,"['0-0', '1-0', '1-1', '1-2']",3,Single
638992.xml,2/21/2026,MARYLAND,LIBERTY,A. Wurst,A. Fulcher,B3,35,A. Fulcher walked; B. Roberts advanced to second; M. Stricklan advanced to third.,BB,1,123,BBBKB,R,R,0,[],Home,Away,12_,1.0,0.0,"['0-0', '1-0', '2-0', '3-0', '3-1']",3,Walk
638992.xml,2/21/2026,MARYLAND,LIBERTY,A. Wurst,S. Whatley,B3,36,S. Whatley infield fly to 3b.,I5,1,123,BKBKBFP,L,R,0,[],Home,Away,123,2.0,1.0,"['0-0', '1-0', '1-1', '2-1', '2-2', '3-2']",3,Out
638992.xml,2/21/2026,MARYLAND,LIBERTY,A. Wurst,E. Fox,B3,37,E. Fox flied out to cf to left center.,F8 LC,2,123,P,L,R,0,[],Home,Away,123,3.0,1.0,['0-0'],3,Out
638992.xml,2/21/2026,LIBERTY,MARYLAND,C. Anders,B. Murphy,T4,38,B. Murphy doubled to left field.,2B 7,0,_2_,BBP,L,L,0,[],Away,Home,___,0.0,0.0,"['0-0', '1-0', '2-0']",4,Double
638992.xml,2/21/2026,LIBERTY,MARYLAND,C. Anders,C. Fox,T4,39,C. Fox flied out to rf; B. Murphy advanced to third.,F9,0,__3,FBKBP,L,L,0,[],Away,Home,_2_,1.0,1.0,"['0-0', '0-1', '1-1', '1-2', '2-2']",4,Out
638992.xml,2/21/2026,LIBERTY,MARYLAND,C. Anders,T. Borovac,T4,40,"T. Borovac flied out to rf, sacrifice fly, RBI; B. Murphy scored.",F9 SF RBI1,1,___,P,L,L,1,['C. Anders'],Away,Home,__3,2.0,1.0,['0-0'],4,Sacrifice Fly
638992.xml,2/21/2026,LIBERTY,MARYLAND,C. Anders,C. Cornwell,T4,41,C. Cornwell grounded out to p.,13,2,___,BKP,L,L,0,[],Away,Home,___,3.0,1.0,"['0-0', '1-0', '1-1']",4,Out
638992.xml,2/21/2026,MARYLAND,LIBERTY,A. Wurst,S. Jessee,B4,43,S. Jessee popped up to 2b.,P4,0,___,BBP,R,R,0,[],Home,Away,___,1.0,1.0,"['0-0', '1-0', '2-0']",4,Out
638992.xml,2/21/2026,MARYLAND,LIBERTY,A. Wurst,B. McManus,B4,44,B. McManus fouled out to lf.,FF7,1,___,P,R,R,0,[],Home,Away,___,2.0,1.0,['0-0'],4,Out
638992.xml,2/21/2026,MARYLAND,LIBERTY,A. Wurst,A. Carrasqui,B4,45,A. Carrasqui singled to right center.,1B RC,2,1__,BKBFP,R,R,0,[],Home,Away,___,2.0,0.0,"['0-0', '1-0', '1-1', '2-1', '2-2']",4,Single
638992.xml,2/21/2026,MARYLAND,LIBERTY,A. Wurst,P. Doerr,B4,46,P. Doerr flied out to lf to left center.,F7 LC,2,1__,P,L,R,0,[],Home,Away,1__,3.0,1.0,['0-0'],4,Out
638992.xml,2/21/2026,LIBERTY,MARYLAND,C. Anders,S. Woods,T5,47,"S. Woods out at first 1b to 2b, bunt.",34 BU,0,___,KP,R,L,0,[],Away,Home,___,1.0,1.0,"['0-0', '0-1']",5,Out
638992.xml,2/21/2026,LIBERTY,MARYLAND,C. Anders,Z. Rocke,T5,48,Z. Rocke popped up to ss.,P6,1,___,FBP,R,L,0,[],Away,Home,___,2.0,1.0,"['0-0', '0-1', '1-1']",5,Out
638992.xml,2/21/2026,LIBERTY,MARYLAND,C. Anders,A. McGowan,T5,49,A. McGowan lined out to ss.,L6,2,___,KKBBP,R,L,0,[],Away,Home,___,3.0,1.0,"['0-0', '0-1', '0-2', '1-2', '2-2']",5,Out
638992.xml,2/21/2026,MARYLAND,LIBERTY,A. Wurst,M. Stricklan,B5,50,M. Stricklan lined out to lf.,L7,0,___,P,R,R,0,[],Home,Away,___,1.0,1.0,['0-0'],5,Out
638992.xml,2/21/2026,MARYLAND,LIBERTY,A. Wurst,B. Roberts,B5,51,B. Roberts popped up to 3b.,P5,1,___,BKP,L,R,0,[],Home,Away,___,2.0,1.0,"['0-0', '1-0', '1-1']",5,Out
638992.xml,2/21/2026,MARYLAND,LIBERTY,A. Wurst,A. Fulcher,B5,52,A. Fulcher flied out to lf to left center.,F7 LC,2,___,FP,R,R,0,[],Home,Away,___,3.0,1.0,"['0-0', '0-1']",5,Out
638992.xml,2/21/2026,LIBERTY,MARYLAND,C. Anders,M. Penta,T6,53,M. Penta flied out to lf.,F7,0,___,P,R,L,0,[],Away,Home,___,1.0,1.0,['0-0'],6,Out
638992.xml,2/21/2026,LIBERTY,MARYLAND,C. Anders,L. Turner,T6,54,L. Turner hit by pitch.,HP,1,1__,BH,R,L,0,[],Away,Home,___,1.0,0.0,"['0-0', '1-0']",6,Hit By Pitch
638992.xml,2/21/2026,LIBERTY,MARYLAND,C. Anders,B. Murphy,T6,56,B. Murphy reached on a fielder's choice; G. Solarz out at second ss to 2b.,FC,1,1__,FBFBP,L,L,0,[],Away,Home,1__,2.0,1.0,"['0-0', '0-1', '1-1', '1-2', '2-2']",6,Fielders Choice
638992.xml,2/21/2026,LIBERTY,MARYLAND,C. Anders,C. Fox,T6,57,C. Fox walked; B. Murphy advanced to second.,BB,2,12_,SSBBFBFB,L,L,0,[],Away,Home,1__,2.0,0.0,"['0-0', '0-1', '0-2', '1-2', '2-2', '3-2']",6,Walk
638992.xml,2/21/2026,LIBERTY,MARYLAND,C. Anders,T. Borovac,T6,59,T. Borovac grounded out to c.,23,2,12_,BBFFFFP,L,L,0,[],Away,Home,12_,3.0,1.0,"['0-0', '1-0', '2-0', '2-1', '2-2']",6,Out
638992.xml,2/21/2026,MARYLAND,LIBERTY,A. Wurst,S. Whatley,B6,62,S. Whatley struck out swinging.,KS,0,___,BBFKBFS,L,R,0,[],Home,Away,___,1.0,1.0,"['0-0', '1-0', '2-0', '2-1', '2-2', '3-2']",6,Strikeout
638992.xml,2/21/2026,MARYLAND,LIBERTY,A. Wurst,E. Fox,B6,63,E. Fox singled down the rf line.,1B RL,1,1__,FP,L,R,0,[],Home,Away,___,1.0,0.0,"['0-0', '0-1']",6,Single
638992.xml,2/21/2026,MARYLAND,LIBERTY,A. Wurst,S. Jessee,B6,64,S. Jessee flied out to cf.,F8,1,1__,KBP,R,R,0,[],Home,Away,1__,2.0,1.0,"['0-0', '0-1', '1-1']",6,Out
638992.xml,2/21/2026,MARYLAND,LIBERTY,A. Wurst,B. McManus,B6,65,B. McManus walked; E. Fox advanced to second.,BB,2,12_,BBKBB,R,R,0,[],Home,Away,1__,2.0,0.0,"['0-0', '1-0', '2-0', '2-1', '3-1']",6,Walk
638992.xml,2/21/2026,MARYLAND,LIBERTY,A. Wurst,A. Carrasqui,B6,66,A. Carrasqui grounded out to ss.,63,2,12_,BP,R,R,0,[],Home,Away,12_,3.0,1.0,"['0-0', '1-0']",6,Out
638992.xml,2/21/2026,LIBERTY,MARYLAND,C. Anders,C. Cornwell,T7,67,C. Cornwell singled to left field.,1B 7,0,1__,FBP,L,L,0,[],Away,Home,___,0.0,0.0,"['0-0', '0-1', '1-1']",7,Single
638992.xml,2/21/2026,LIBERTY,MARYLAND,C. Anders,S. Woods,T7,69,S. Woods flied out to rf.,F9,0,1__,BBBKP,R,L,0,[],Away,Home,1__,1.0,1.0,"['0-0', '1-0', '2-0', '3-0', '3-1']",7,Out
638992.xml,2/21/2026,LIBERTY,MARYLAND,C. Anders,S. Rodmyre,T7,71,S. Rodmyre singled to right field; C. Cornwell advanced to third.,1B 9,1,1_3,P,R,L,0,[],Away,Home,1__,1.0,0.0,['0-0'],7,Single
638992.xml,2/21/2026,LIBERTY,MARYLAND,C. Anders,A. McGowan,T7,73,"A. McGowan flied out to lf, sacrifice fly, RBI; C. Cornwell scored, unearned.",F7 SF RBI1,1,1__,KFFBP,R,L,1,['C. Anders'],Away,Home,1_3,2.0,1.0,"['0-0', '0-1', '0-2', '1-2']",7,Sacrifice Fly
638992.xml,2/21/2026,LIBERTY,MARYLAND,C. Anders,M. Penta,T7,74,M. Penta popped up to 2b.,P4,2,1__,BBBKP,R,L,0,[],Away,Home,1__,3.0,1.0,"['0-0', '1-0', '2-0', '3-0', '3-1']",7,Out
639290.xml,2/28/2026,MARYLAND,FAIRFIEL,C. Olensky,S. Bielski,T1,1,S. Bielski grounded out to 2b.,43,0,___,KBKBP,R,L,0,[],Away,Home,___,1.0,1.0,"['0-0', '0-1', '1-1', '1-2', '2-2']",1,Out
639290.xml,2/28/2026,MARYLAND,FAIRFIEL,C. Olensky,D. Whieldon,T1,2,D. Whieldon popped up to 2b.,P4,1,___,BKP,R,L,0,[],Away,Home,___,2.0,1.0,"['0-0', '1-0', '1-1']",1,Out
639290.xml,2/28/2026,MARYLAND,FAIRFIEL,C. Olensky,A. Paravati,T1,3,A. Paravati singled up the middle.,1B MI,2,1__,BSFFBP,R,L,0,[],Away,Home,___,2.0,0.0,"['0-0', '1-0', '1-1', '1-2', '2-2']",1,Single
639290.xml,2/28/2026,MARYLAND,FAIRFIEL,C. Olensky,A. Armuth,T1,4,A. Armuth struck out swinging.,KS,2,1__,BBFSS,L,L,0,[],Away,Home,1__,3.0,1.0,"['0-0', '1-0', '2-0', '2-1', '2-2']",1,Strikeout
639290.xml,2/28/2026,FAIRFIEL,MARYLAND,P. Shields,C. Cornwell,B1,5,C. Cornwell grounded out to 2b.,43,0,___,P,L,R,0,[],Home,Away,___,1.0,1.0,['0-0'],1,Out
639290.xml,2/28/2026,FAIRFIEL,MARYLAND,P. Shields,S. Woods,B1,6,S. Woods walked.,BB,1,1__,BBBB,R,R,0,[],Home,Away,___,1.0,0.0,"['0-0', '1-0', '2-0', '3-0']",1,Walk
639290.xml,2/28/2026,FAIRFIEL,MARYLAND,P. Shields,A. McGowan,B1,7,A. McGowan struck out looking.,KL,1,1__,KFBFK,R,R,0,[],Home,Away,1__,2.0,1.0,"['0-0', '0-1', '0-2', '1-2']",1,Strikeout
639290.xml,2/28/2026,MARYLAND,FAIRFIEL,C. Olensky,S. Mull,T2,9,S. Mull grounded out to ss.,63,0,___,BKFP,L,L,0,[],Away,Home,___,1.0,1.0,"['0-0', '1-0', '1-1', '1-2']",2,Out
639290.xml,2/28/2026,MARYLAND,FAIRFIEL,C. Olensky,S. Dougherty,T2,10,"S. Dougherty homered to left field, RBI.",HR LF RBI1,1,___,BSBBP,R,L,1,['C. Olensky'],Away,Home,___,1.0,0.0,"['0-0', '1-0', '1-1', '2-1', '3-1']",2,Home Run
639290.xml,2/28/2026,MARYLAND,FAIRFIEL,C. Olensky,M. Gutierrez,T2,11,M. Gutierrez struck out swinging.,KS,1,___,BBKKS,R,L,0,[],Away,Home,___,2.0,1.0,"['0-0', '1-0', '2-0', '2-1', '2-2']",2,Strikeout
639290.xml,2/28/2026,MARYLAND,FAIRFIEL,C. Olensky,C. Kochakian,T2,12,C. Kochakian struck out swinging.,KS,2,___,SBKS,R,L,0,[],Away,Home,___,3.0,1.0,"['0-0', '0-1', '1-1', '1-2']",2,Strikeout
639290.xml,2/28/2026,FAIRFIEL,MARYLAND,P. Shields,M. Penta,B2,13,M. Penta walked.,BB,0,1__,FBBBKB,R,R,0,[],Home,Away,___,0.0,0.0,"['0-0', '0-1', '1-1', '2-1', '3-1', '3-2']",2,Walk
639290.xml,2/28/2026,FAIRFIEL,MARYLAND,P. Shields,Z. Rocke,B2,14,Z. Rocke popped up to 3b.,P5,0,1__,P,R,R,0,[],Home,Away,1__,1.0,1.0,['0-0'],2,Out
639290.xml,2/28/2026,FAIRFIEL,MARYLAND,P. Shields,B. Murphy,B2,15,B. Murphy reached on a fielder's choice; M. Penta out at second 2b to ss.,FC,1,1__,P,L,R,0,[],Home,Away,1__,2.0,1.0,['0-0'],2,Fielders Choice
639290.xml,2/28/2026,FAIRFIEL,MARYLAND,P. Shields,M. Benson,B2,16,M. Benson flied out to lf.,F7,2,1__,N/A,L,R,0,[],Home,Away,1__,3.0,1.0,['Unknown'],2,Out
639290.xml,2/28/2026,MARYLAND,FAIRFIEL,C. Olensky,D. Silvestri,T3,17,D. Silvestri struck out swinging.,KS,0,___,BBKFS,R,L,0,[],Away,Home,___,1.0,1.0,"['0-0', '1-0', '2-0', '2-1', '2-2']",3,Strikeout
639290.xml,2/28/2026,MARYLAND,FAIRFIEL,C. Olensky,S. Bielski,T3,18,S. Bielski singled to left field.,1B 7,1,1__,BBFBFFP,R,L,0,[],Away,Home,___,1.0,0.0,"['0-0', '1-0', '2-0', '2-1', '3-1', '3-2']",3,Single
639290.xml,2/28/2026,MARYLAND,FAIRFIEL,C. Olensky,D. Whieldon,T3,19,D. Whieldon singled to right field; S. Bielski advanced to second.,1B 9,1,12_,FP,R,L,0,[],Away,Home,1__,1.0,0.0,"['0-0', '0-1']",3,Single
639290.xml,2/28/2026,MARYLAND,FAIRFIEL,C. Olensky,A. Paravati,T3,20,A. Paravati popped up to 2b.,P4,1,12_,FFP,R,L,0,[],Away,Home,12_,2.0,1.0,"['0-0', '0-1', '0-2']",3,Out
639290.xml,2/28/2026,MARYLAND,FAIRFIEL,C. Olensky,A. Armuth,T3,21,A. Armuth struck out swinging.,KS,2,12_,BSBFS,L,L,0,[],Away,Home,12_,3.0,1.0,"['0-0', '1-0', '1-1', '2-1', '2-2']",3,Strikeout
639290.xml,2/28/2026,FAIRFIEL,MARYLAND,P. Shields,G. Wilson,B3,22,G. Wilson grounded out to ss.,63,0,___,BBP,R,R,0,[],Home,Away,___,1.0,1.0,"['0-0', '1-0', '2-0']",3,Out
639290.xml,2/28/2026,FAIRFIEL,MARYLAND,P. Shields,C. Fox,B3,23,C. Fox singled to center field.,1B 8,1,1__,FBBFFP,L,R,0,[],Home,Away,___,1.0,0.0,"['0-0', '0-1', '1-1', '2-1', '2-2']",3,Single
639290.xml,2/28/2026,FAIRFIEL,MARYLAND,P. Shields,C. Cornwell,B3,25,"C. Cornwell singled, advanced to second on the throw; C. Fox advanced to third.",1B +T,1,123,BKBBP,L,R,0,[],Home,Away,1__,1.0,0.0,"['0-0', '1-0', '1-1', '2-1', '3-1']",3,Single
639290.xml,2/28/2026,FAIRFIEL,MARYLAND,P. Shields,S. Woods,B3,26,"S. Woods singled to shortstop, RBI; C. Cornwell advanced to third; C. Fox scored.",1B SS RBI1,1,1_3,FBBP,R,R,1,['P. Shields'],Home,Away,123,2.0,1.0,"['0-0', '0-1', '1-1', '2-1']",3,Single
639290.xml,2/28/2026,FAIRFIEL,MARYLAND,P. Shields,A. McGowan,B3,28,A. McGowan walked.,BB,2,1_3,BBKBB,R,R,0,[],Home,Away,1_3,2.0,0.0,"['0-0', '1-0', '2-0', '2-1', '3-1']",3,Walk
639290.xml,2/28/2026,FAIRFIEL,MARYLAND,P. Shields,M. Penta,B3,29,M. Penta hit by pitch; A. McGowan advanced to second.,HP,2,123,BBKSBH,R,R,0,[],Home,Away,1_3,2.0,0.0,"['0-0', '1-0', '2-0', '2-1', '2-2', '3-2']",3,Hit By Pitch
639290.xml,2/28/2026,FAIRFIEL,MARYLAND,P. Shields,Z. Rocke,B3,30,"Z. Rocke singled to shortstop, RBI; M. Penta advanced to second; A. McGowan advanced to third; S. Woods scored.",1B 6 RBI1,2,123,FP,R,R,1,['P. Shields'],Home,Away,123,2.0,0.0,"['0-0', '0-1']",3,Single
639290.xml,2/28/2026,FAIRFIEL,MARYLAND,P. Shields,B. Murphy,B3,31,B. Murphy reached on a fielder's choice; Z. Rocke advanced to second; M. Penta out at third ss to 3b.,FC,2,123,P,L,R,0,[],Home,Away,123,3.0,1.0,['0-0'],3,Fielders Choice
639290.xml,2/28/2026,MARYLAND,FAIRFIEL,C. Olensky,S. Mull,T4,32,S. Mull singled up the middle.,1B MI,0,1__,FSP,L,L,0,[],Away,Home,___,0.0,0.0,"['0-0', '0-1', '0-2']",4,Single
639290.xml,2/28/2026,MARYLAND,FAIRFIEL,C. Olensky,S. Dougherty,T4,33,S. Dougherty flied out to cf.,F8,0,1__,KBP,R,L,0,[],Away,Home,1__,2.0,2.0,"['0-0', '0-1', '1-1']",4,Out
639290.xml,2/28/2026,MARYLAND,FAIRFIEL,C. Olensky,M. Gutierrez,T4,35,M. Gutierrez struck out looking.,KL,2,1__,BFSBK,R,L,0,[],Away,Home,1__,3.0,1.0,"['0-0', '1-0', '1-1', '1-2', '2-2']",4,Strikeout
639290.xml,2/28/2026,FAIRFIEL,MARYLAND,P. Shields,M. Benson,B4,36,"M. Benson homered to right center, RBI.",HR RC RBI1,0,___,H,L,R,1,['P. Shields'],Home,Away,___,0.0,0.0,['0-0'],4,Home Run
639290.xml,2/28/2026,FAIRFIEL,MARYLAND,P. Shields,G. Wilson,B4,37,G. Wilson flied out to cf.,F8,0,___,BBBKP,R,R,0,[],Home,Away,___,1.0,1.0,"['0-0', '1-0', '2-0', '3-0', '3-1']",4,Out
639290.xml,2/28/2026,FAIRFIEL,MARYLAND,P. Shields,C. Fox,B4,38,C. Fox flied out to lf.,F7,1,___,N/A,L,R,0,[],Home,Away,___,2.0,1.0,['Unknown'],4,Out
639290.xml,2/28/2026,FAIRFIEL,MARYLAND,P. Shields,C. Cornwell,B4,39,C. Cornwell grounded out to ss.,63,2,___,N/A,L,R,0,[],Home,Away,___,3.0,1.0,['Unknown'],4,Out
639290.xml,2/28/2026,MARYLAND,FAIRFIEL,C. Olensky,C. Kochakian,T5,40,C. Kochakian grounded out to ss.,63,0,___,BKFBFP,R,L,0,[],Away,Home,___,1.0,1.0,"['0-0', '1-0', '1-1', '1-2', '2-2']",5,Out
639290.xml,2/28/2026,MARYLAND,FAIRFIEL,C. Olensky,D. Silvestri,T5,41,D. Silvestri reached first on a fielding error by c.,E2F,1,1__,P,R,L,0,[],Away,Home,___,1.0,0.0,['0-0'],5,Reached on Error
639290.xml,2/28/2026,MARYLAND,FAIRFIEL,C. Olensky,S. Bielski,T5,43,S. Bielski struck out looking.,KL,1,1__,BBBKKK,R,L,0,[],Away,Home,1__,2.0,1.0,"['0-0', '1-0', '2-0', '3-0', '3-1', '3-2']",5,Strikeout
639290.xml,2/28/2026,MARYLAND,FAIRFIEL,C. Olensky,D. Whieldon,T5,44,D. Whieldon popped up to 1b.,P3,2,1__,KSBBP,R,L,0,[],Away,Home,1__,3.0,1.0,"['0-0', '0-1', '0-2', '1-2', '2-2']",5,Out
639290.xml,2/28/2026,FAIRFIEL,MARYLAND,P. Shields,S. Woods,B5,45,S. Woods walked.,BB,0,1__,BBBB,R,R,0,[],Home,Away,___,0.0,0.0,"['0-0', '1-0', '2-0', '3-0']",5,Walk
639290.xml,2/28/2026,FAIRFIEL,MARYLAND,P. Shields,A. McGowan,B5,46,A. McGowan lined out to 2b.,L4,0,1__,N/A,R,R,0,[],Home,Away,1__,1.0,1.0,['Unknown'],5,Out
639290.xml,2/28/2026,FAIRFIEL,MARYLAND,P. Shields,M. Penta,B5,47,"M. Penta homered, 2 RBI; S. Woods scored.",HR RBI2,1,___,BKBBP,R,R,2,"['P. Shields', 'P. Shields']",Home,Away,1__,1.0,0.0,"['0-0', '1-0', '1-1', '2-1', '3-1']",5,Home Run
639290.xml,2/28/2026,FAIRFIEL,MARYLAND,G. Conrad,Z. Rocke,B5,49,"Z. Rocke homered to left center, RBI.",HR LC RBI1,1,___,P,R,R,1,['G. Conrad'],Home,Away,___,1.0,0.0,['0-0'],5,Home Run
639290.xml,2/28/2026,FAIRFIEL,MARYLAND,G. Conrad,B. Murphy,B5,50,B. Murphy singled to left field.,1B LF,1,1__,KBFBBP,L,R,0,[],Home,Away,___,2.0,1.0,"['0-0', '0-1', '1-1', '1-2', '2-2', '3-2']",5,Single
639290.xml,2/28/2026,FAIRFIEL,MARYLAND,G. Conrad,M. Benson,B5,52,M. Benson walked.,BB,2,1__,BBBB,L,R,0,[],Home,Away,1__,2.0,0.0,"['0-0', '1-0', '2-0', '3-0']",5,Walk
639290.xml,2/28/2026,FAIRFIEL,MARYLAND,G. Conrad,G. Wilson,B5,53,G. Wilson walked; M. Benson advanced to second.,BB,2,12_,KBBBB,R,R,0,[],Home,Away,1__,2.0,0.0,"['0-0', '0-1', '1-1', '2-1', '3-1']",5,Walk
639290.xml,2/28/2026,FAIRFIEL,MARYLAND,G. Conrad,C. Fox,B5,54,"C. Fox singled up the middle, RBI; G. Wilson advanced to third; M. Benson scored.",1B MI RBI1,2,1_3,P,L,R,1,['G. Conrad'],Home,Away,12_,2.0,0.0,['0-0'],5,Single
639290.xml,2/28/2026,FAIRFIEL,MARYLAND,G. Conrad,C. Cornwell,B5,55,C. Cornwell grounded out to p.,13,2,1_3,BKBP,L,R,0,[],Home,Away,1_3,3.0,1.0,"['0-0', '1-0', '1-1', '2-1']",5,Out
639290.xml,2/28/2026,MARYLAND,FAIRFIEL,C. Olensky,A. Paravati,T6,56,A. Paravati walked.,BB,0,1__,BBBB,R,L,0,[],Away,Home,___,0.0,0.0,"['0-0', '1-0', '2-0', '3-0']",6,Walk
639290.xml,2/28/2026,MARYLAND,FAIRFIEL,C. Olensky,A. Armuth,T6,58,A. Armuth popped up to 2b.,P4,0,1__,SBSFP,L,L,0,[],Away,Home,1__,2.0,2.0,"['0-0', '0-1', '1-1', '1-2']",6,Out
639290.xml,2/28/2026,MARYLAND,FAIRFIEL,C. Olensky,S. Mull,T6,60,S. Mull lined out to 3b.,L5,2,1__,BBKP,L,L,0,[],Away,Home,1__,3.0,1.0,"['0-0', '1-0', '2-0', '2-1']",6,Out
639290.xml,2/28/2026,FAIRFIEL,MARYLAND,C. Kovar,S. Woods,B6,63,S. Woods flied out to cf.,F8,0,___,BP,R,R,0,[],Home,Away,___,1.0,1.0,"['0-0', '1-0']",6,Out
639290.xml,2/28/2026,FAIRFIEL,MARYLAND,C. Kovar,A. McGowan,B6,64,"A. McGowan homered to right center, RBI.",HR RC RBI1,1,___,BBSBP,R,R,1,['C. Kovar'],Home,Away,___,1.0,0.0,"['0-0', '1-0', '2-0', '2-1', '3-1']",6,Home Run
639290.xml,2/28/2026,FAIRFIEL,MARYLAND,C. Kovar,M. Penta,B6,65,M. Penta walked.,BB,1,1__,BFBBB,R,R,0,[],Home,Away,___,1.0,0.0,"['0-0', '1-0', '1-1', '2-1', '3-1']",6,Walk
639290.xml,2/28/2026,FAIRFIEL,MARYLAND,C. Kovar,Z. Rocke,B6,68,Z. Rocke fouled out to lf.,FF7,1,1__,BKP,R,R,0,[],Home,Away,1__,2.0,1.0,"['0-0', '1-0', '1-1']",6,Out
639290.xml,2/28/2026,FAIRFIEL,MARYLAND,C. Kovar,B. Murphy,B6,69,B. Murphy struck out looking.,KL,2,1__,KKBK,L,R,0,[],Home,Away,1__,3.0,1.0,"['0-0', '0-1', '0-2', '1-2']",6,Strikeout
639290.xml,2/28/2026,MARYLAND,FAIRFIEL,C. Olensky,S. Dougherty,T7,71,S. Dougherty struck out swinging.,KS,0,___,BKFBS,R,L,0,[],Away,Home,___,1.0,1.0,"['0-0', '1-0', '1-1', '1-2', '2-2']",7,Strikeout
639290.xml,2/28/2026,MARYLAND,FAIRFIEL,C. Olensky,E. Wozniak,T7,73,E. Wozniak grounded out to p.,13,1,___,BP,R,L,0,[],Away,Home,___,2.0,1.0,"['0-0', '1-0']",7,Out
639290.xml,2/28/2026,MARYLAND,FAIRFIEL,C. Olensky,E. Marchese,T7,75,E. Marchese lined out to 3b.,L5,2,___,BSBKP,R,L,0,[],Away,Home,___,3.0,1.0,"['0-0', '1-0', '1-1', '2-1', '2-2']",7,Out
639296.xml,3/1/2026,MARYLAND,UMBC,E. Wiegand,K. Nicholson,T1,1,K. Nicholson popped up to ss.,P6,0,___,BFFFFFBBP,R,R,0,[],Away,Home,___,1.0,1.0,"['0-0', '1-0', '1-1', '1-2', '2-2', '3-2']",1,Out
639296.xml,3/1/2026,MARYLAND,UMBC,E. Wiegand,A. Lundy,T1,2,A. Lundy flied out to lf.,F7,1,___,BBFSFFP,R,R,0,[],Away,Home,___,2.0,1.0,"['0-0', '1-0', '2-0', '2-1', '2-2']",1,Out
639296.xml,3/1/2026,MARYLAND,UMBC,E. Wiegand,A. Frisvold,T1,3,A. Frisvold grounded out to ss.,63,2,___,KP,R,R,0,[],Away,Home,___,3.0,1.0,"['0-0', '0-1']",1,Out
639296.xml,3/1/2026,UMBC,MARYLAND,J. Koontz,C. Cornwell,B1,4,C. Cornwell grounded out to ss.,63,0,___,BFFP,L,L,0,[],Home,Away,___,1.0,1.0,"['0-0', '1-0', '1-1', '1-2']",1,Out
639296.xml,3/1/2026,UMBC,MARYLAND,J. Koontz,S. Woods,B1,5,S. Woods grounded out to 3b.,53,1,___,BBKP,R,L,0,[],Home,Away,___,2.0,1.0,"['0-0', '1-0', '2-0', '2-1']",1,Out
639296.xml,3/1/2026,UMBC,MARYLAND,J. Koontz,A. McGowan,B1,6,A. McGowan grounded out to 3b.,53,2,___,KBBP,R,L,0,[],Home,Away,___,3.0,1.0,"['0-0', '0-1', '1-1', '2-1']",1,Out
639296.xml,3/1/2026,MARYLAND,UMBC,E. Wiegand,E. Riggs,T2,7,E. Riggs walked.,BB,0,1__,KBSBBB,R,R,0,[],Away,Home,___,0.0,0.0,"['0-0', '0-1', '1-1', '1-2', '2-2', '3-2']",2,Walk
639296.xml,3/1/2026,MARYLAND,UMBC,E. Wiegand,A. Carroll,T2,8,A. Carroll popped up to rf.,P9,0,1__,P,R,R,0,[],Away,Home,1__,1.0,1.0,['0-0'],2,Out
639296.xml,3/1/2026,MARYLAND,UMBC,E. Wiegand,M. Frisvold,T2,10,M. Frisvold grounded out p to 2b to 1b; E. Riggs advanced to third.,143,1,1_3,BBKFFFFP,R,R,0,[],Away,Home,1__,2.0,1.0,"['0-0', '1-0', '2-0', '2-1', '2-2']",2,Out
639296.xml,3/1/2026,MARYLAND,UMBC,E. Wiegand,E. Squaires,T2,11,E. Squaires grounded out to 3b.,53,2,1_3,BP,L,R,0,[],Away,Home,1_3,3.0,1.0,"['0-0', '1-0']",2,Out
639296.xml,3/1/2026,UMBC,MARYLAND,J. Koontz,M. Penta,B2,12,M. Penta struck out swinging.,KS,0,___,KKBS,R,L,0,[],Home,Away,___,1.0,1.0,"['0-0', '0-1', '0-2', '1-2']",2,Strikeout
639296.xml,3/1/2026,UMBC,MARYLAND,J. Koontz,Z. Rocke,B2,13,Z. Rocke grounded out to 2b.,43,1,___,P,R,L,0,[],Home,Away,___,2.0,1.0,['0-0'],2,Out
639296.xml,3/1/2026,UMBC,MARYLAND,J. Koontz,M. Benson,B2,14,M. Benson walked.,BB,2,1__,KBBBFB,L,L,0,[],Home,Away,___,2.0,0.0,"['0-0', '0-1', '1-1', '2-1', '3-1', '3-2']",2,Walk
639296.xml,3/1/2026,UMBC,MARYLAND,J. Koontz,B. Murphy,B2,15,B. Murphy singled to second base; M. Benson advanced to third.,1B 4,2,1_3,P,L,L,0,[],Home,Away,1__,2.0,0.0,['0-0'],2,Single
639296.xml,3/1/2026,UMBC,MARYLAND,J. Koontz,G. Wilson,B2,17,G. Wilson struck out looking.,KL,2,1_3,KSFBK,R,L,0,[],Home,Away,1_3,3.0,1.0,"['0-0', '0-1', '0-2', '1-2']",2,Strikeout
639296.xml,3/1/2026,MARYLAND,UMBC,E. Wiegand,S. Anderson,T3,18,S. Anderson struck out swinging.,KS,0,___,SKFS,R,R,0,[],Away,Home,___,1.0,1.0,"['0-0', '0-1', '0-2']",3,Strikeout
639296.xml,3/1/2026,MARYLAND,UMBC,E. Wiegand,C. Thrush,T3,19,C. Thrush struck out swinging.,KS,1,___,FKS,L,R,0,[],Away,Home,___,2.0,1.0,"['0-0', '0-1', '0-2']",3,Strikeout
639296.xml,3/1/2026,MARYLAND,UMBC,E. Wiegand,K. Nicholson,T3,20,K. Nicholson popped up to 2b.,P4,2,___,KFFP,R,R,0,[],Away,Home,___,3.0,1.0,"['0-0', '0-1', '0-2']",3,Out
639296.xml,3/1/2026,UMBC,MARYLAND,J. Koontz,C. Fox,B3,21,C. Fox reached first on a throwing error by ss.,E6T,0,1__,KFBP,L,L,0,[],Home,Away,___,0.0,0.0,"['0-0', '0-1', '0-2', '1-2']",3,Reached on Error
639296.xml,3/1/2026,UMBC,MARYLAND,J. Koontz,C. Cornwell,B3,22,C. Cornwell struck out swinging.,KS,0,1__,SFS,L,L,0,[],Home,Away,1__,2.0,2.0,"['0-0', '0-1', '0-2']",3,Strikeout
639296.xml,3/1/2026,UMBC,MARYLAND,J. Koontz,S. Woods,B3,24,S. Woods grounded out to p.,13,2,1__,KFBFP,R,L,0,[],Home,Away,1__,3.0,1.0,"['0-0', '0-1', '0-2', '1-2']",3,Out
639296.xml,3/1/2026,MARYLAND,UMBC,E. Wiegand,A. Lundy,T4,25,A. Lundy grounded out to 3b.,53,0,___,BBFFP,R,R,0,[],Away,Home,___,1.0,1.0,"['0-0', '1-0', '2-0', '2-1', '2-2']",4,Out
639296.xml,3/1/2026,MARYLAND,UMBC,E. Wiegand,A. Frisvold,T4,26,A. Frisvold popped up to ss.,P6,1,___,BFP,R,R,0,[],Away,Home,___,2.0,1.0,"['0-0', '1-0', '1-1']",4,Out
639296.xml,3/1/2026,MARYLAND,UMBC,E. Wiegand,E. Riggs,T4,27,E. Riggs lined out to rf.,L9,2,___,KP,R,R,0,[],Away,Home,___,3.0,1.0,"['0-0', '0-1']",4,Out
639296.xml,3/1/2026,UMBC,MARYLAND,J. Koontz,A. McGowan,B4,28,"A. McGowan homered to center field, RBI.",HR 8 RBI1,0,___,KSBBFBFP,R,L,1,['J. Koontz'],Home,Away,___,0.0,0.0,"['0-0', '0-1', '0-2', '1-2', '2-2', '3-2']",4,Home Run
639296.xml,3/1/2026,UMBC,MARYLAND,J. Koontz,M. Penta,B4,29,M. Penta singled up the middle.,1B MI,0,1__,FBP,R,L,0,[],Home,Away,___,0.0,0.0,"['0-0', '0-1', '1-1']",4,Single
639296.xml,3/1/2026,UMBC,MARYLAND,J. Koontz,Z. Rocke,B4,31,"Z. Rocke grounded out to p, SAC, bunt; G. Solarz advanced to second.",13 SAC BU,0,_2_,BP,R,L,0,[],Home,Away,1__,1.0,1.0,"['0-0', '1-0']",4,Out
639296.xml,3/1/2026,UMBC,MARYLAND,J. Koontz,M. Benson,B4,34,M. Benson walked.,BB,1,12_,FBBBB,L,L,0,[],Home,Away,_2_,1.0,0.0,"['0-0', '0-1', '1-1', '2-1', '3-1']",4,Walk
639296.xml,3/1/2026,UMBC,MARYLAND,J. Koontz,B. Murphy,B4,35,B. Murphy lined out to ss.,L6,1,12_,BBKP,L,L,0,[],Home,Away,12_,2.0,1.0,"['0-0', '1-0', '2-0', '2-1']",4,Out
639296.xml,3/1/2026,UMBC,MARYLAND,J. Koontz,G. Wilson,B4,36,"G. Wilson tripled down the rf line, RBI; M. Benson scored.",3B RL RBI1,2,_23,BKP,R,L,1,['J. Koontz'],Home,Away,12_,2.0,0.0,"['0-0', '1-0', '1-1']",4,Triple
639296.xml,3/1/2026,UMBC,MARYLAND,J. Koontz,C. Fox,B4,37,C. Fox grounded out to ss.,63,2,_23,FP,L,L,0,[],Home,Away,_23,3.0,1.0,"['0-0', '0-1']",4,Out
639296.xml,3/1/2026,MARYLAND,UMBC,E. Wiegand,A. Carroll,T5,39,A. Carroll singled to shortstop.,1B 6,0,1__,BKP,R,R,0,[],Away,Home,___,0.0,0.0,"['0-0', '1-0', '1-1']",5,Single
639296.xml,3/1/2026,MARYLAND,UMBC,E. Wiegand,M. Frisvold,T5,40,M. Frisvold grounded out to p; A. Carroll advanced to second.,13,0,_2_,BKP,R,R,0,[],Away,Home,1__,1.0,1.0,"['0-0', '1-0', '1-1']",5,Out
639296.xml,3/1/2026,MARYLAND,UMBC,E. Wiegand,E. Squaires,T5,41,E. Squaires lined out to 3b.,L5,1,_2_,KFP,L,R,0,[],Away,Home,_2_,2.0,1.0,"['0-0', '0-1', '0-2']",5,Out
639296.xml,3/1/2026,MARYLAND,UMBC,E. Wiegand,S. Anderson,T5,42,S. Anderson popped up to ss.,P6,2,_2_,KP,R,R,0,[],Away,Home,_2_,3.0,1.0,"['0-0', '0-1']",5,Out
639296.xml,3/1/2026,UMBC,MARYLAND,J. Koontz,C. Cornwell,B5,43,C. Cornwell out on batter's interference.,BI,0,___,FFBP,L,L,0,[],Home,Away,___,1.0,1.0,"['0-0', '0-1', '0-2', '1-2']",5,Out
639296.xml,3/1/2026,UMBC,MARYLAND,J. Koontz,S. Woods,B5,44,S. Woods singled to left field.,1B 7,1,1__,KBBKFBP,R,L,0,[],Home,Away,___,1.0,0.0,"['0-0', '0-1', '1-1', '2-1', '2-2', '3-2']",5,Single
639296.xml,3/1/2026,UMBC,MARYLAND,J. Koontz,A. McGowan,B5,45,A. McGowan walked; S. Woods advanced to second.,BB,1,12_,BBKBB,R,L,0,[],Home,Away,1__,1.0,0.0,"['0-0', '1-0', '2-0', '2-1', '3-1']",5,Walk
639296.xml,3/1/2026,UMBC,MARYLAND,J. Koontz,M. Penta,B5,47,M. Penta reached on a fielder's choice; J. Williams out at second ss to 2b; S. Woods advanced to third.,FC,1,1_3,SSP,R,L,0,[],Home,Away,12_,2.0,1.0,"['0-0', '0-1', '0-2']",5,Fielders Choice
639296.xml,3/1/2026,UMBC,MARYLAND,J. Koontz,Z. Rocke,B5,48,Z. Rocke grounded out to 2b.,43,2,1_3,SKFFP,R,L,0,[],Home,Away,1_3,3.0,1.0,"['0-0', '0-1', '0-2']",5,Out
639296.xml,3/1/2026,MARYLAND,UMBC,E. Wiegand,C. Thrush,T6,49,C. Thrush grounded out to 3b.,53,0,___,P,L,R,0,[],Away,Home,___,1.0,1.0,['0-0'],6,Out
639296.xml,3/1/2026,MARYLAND,UMBC,E. Wiegand,K. Nicholson,T6,50,K. Nicholson lined out to lf.,L7,1,___,SKP,R,R,0,[],Away,Home,___,2.0,1.0,"['0-0', '0-1', '0-2']",6,Out
639296.xml,3/1/2026,MARYLAND,UMBC,E. Wiegand,A. Lundy,T6,51,A. Lundy struck out looking.,KL,2,___,SBFK,R,R,0,[],Away,Home,___,3.0,1.0,"['0-0', '0-1', '1-1', '1-2']",6,Strikeout
639296.xml,3/1/2026,UMBC,MARYLAND,J. Koontz,M. Benson,B6,52,M. Benson singled through the right side.,1B RS,0,1__,KP,L,L,0,[],Home,Away,___,0.0,0.0,"['0-0', '0-1']",6,Single
639296.xml,3/1/2026,UMBC,MARYLAND,J. Koontz,B. Murphy,B6,54,"B. Murphy grounded out to 3b, SAC, bunt; M. Benson advanced to third.",53 SAC BU,0,1_3,SP,L,L,0,[],Home,Away,1__,1.0,1.0,"['0-0', '0-1']",6,Out
639296.xml,3/1/2026,UMBC,MARYLAND,J. Koontz,G. Wilson,B6,55,"G. Wilson singled to third base, RBI; M. Benson scored.",1B 5 RBI1,1,1__,P,R,L,1,['J. Koontz'],Home,Away,1_3,1.0,0.0,['0-0'],6,Single
639296.xml,3/1/2026,UMBC,MARYLAND,J. Koontz,C. Fox,B6,56,C. Fox walked; G. Wilson advanced to second.,BB,1,12_,BBFBB,L,L,0,[],Home,Away,1__,1.0,0.0,"['0-0', '1-0', '2-0', '2-1', '3-1']",6,Walk
639296.xml,3/1/2026,UMBC,MARYLAND,J. Koontz,C. Cornwell,B6,57,"C. Cornwell singled to left field, advanced to second on a fielding error by lf; C. Fox advanced to third; G. Wilson scored.",1B 7 E7F,1,_23,FP,L,L,1,['J. Koontz'],Home,Away,12_,1.0,0.0,"['0-0', '0-1']",6,Single
639296.xml,3/1/2026,UMBC,MARYLAND,J. Koontz,S. Woods,B6,58,S. Woods hit by pitch.,HP,1,123,BH,R,L,0,[],Home,Away,_23,1.0,0.0,"['0-0', '1-0']",6,Hit By Pitch
639296.xml,3/1/2026,UMBC,MARYLAND,B. Nunn,A. McGowan,B6,61,"A. McGowan hit by pitch, RBI; S. Woods advanced to second; C. Cornwell advanced to third; C. Fox scored.",HP RBI1,1,123,KH,R,R,1,['J. Koontz'],Home,Away,123,1.0,0.0,"['0-0', '0-1']",6,Hit By Pitch
639296.xml,3/1/2026,UMBC,MARYLAND,B. Nunn,M. Penta,B6,63,"M. Penta singled to left field, 2 RBI; L. Caye advanced to second; S. Woods scored; C. Cornwell scored.",1B 7 RBI2,1,12_,BKKP,R,R,2,"['J. Koontz', 'J. Koontz']",Home,Away,123,1.0,0.0,"['0-0', '1-0', '1-1', '1-2']",6,Single
639279.xml,3/6/2026,MARYLAND,RUTGERS,Elisea Wiegand,"Rohwer, S",T1,1,"Rohwer, S flied out to cf (3-2 BBBKF).",F8,0,___,BBBKFP,R,R,0,[],Away,Home,___,1.0,1.0,"['0-0', '1-0', '2-0', '3-0', '3-1', '3-2']",1,Out
639279.xml,3/6/2026,MARYLAND,RUTGERS,Elisea Wiegand,"Hwang, R",T1,2,"Hwang, R struck out swinging (3-2 BKBBFS).",KS,1,___,BKBBFS,R,R,0,[],Away,Home,___,2.0,1.0,"['0-0', '1-0', '1-1', '2-1', '3-1', '3-2']",1,Strikeout
639279.xml,3/6/2026,MARYLAND,RUTGERS,Elisea Wiegand,"Hoekstra, K",T1,3,"Hoekstra, K struck out looking (2-2 KBBFK).",KL,2,___,KBBFK,R,R,0,[],Away,Home,___,3.0,1.0,"['0-0', '0-1', '1-1', '2-1', '2-2']",1,Strikeout
639279.xml,3/6/2026,RUTGERS,MARYLAND,"Shifflett, B",Caitlyn Cornwell,B1,4,Caitlyn Cornwell grounded out to p (0-1 K).,13,0,___,KP,L,R,0,[],Home,Away,___,1.0,1.0,"['0-0', '0-1']",1,Out
639279.xml,3/6/2026,RUTGERS,MARYLAND,"Shifflett, B",Sammi Woods,B1,5,Sammi Woods grounded out to p (3-2 KBBFBFFF).,13,1,___,KBBFBFFFP,R,R,0,[],Home,Away,___,2.0,1.0,"['0-0', '0-1', '1-1', '2-1', '2-2', '3-2']",1,Out
639279.xml,3/6/2026,RUTGERS,MARYLAND,"Shifflett, B",Anna McGowan,B1,6,Anna McGowan grounded out to ss (1-0 B).,63,2,___,BP,R,R,0,[],Home,Away,___,3.0,1.0,"['0-0', '1-0']",1,Out
639279.xml,3/6/2026,MARYLAND,RUTGERS,Elisea Wiegand,"Mitchell, M",T2,7,"Mitchell, M singled up the middle (3-2 BKBBF).",1B MI,0,1__,BKBBFP,R,R,0,[],Away,Home,___,0.0,0.0,"['0-0', '1-0', '1-1', '2-1', '3-1', '3-2']",2,Single
639279.xml,3/6/2026,MARYLAND,RUTGERS,Elisea Wiegand,"Hoekstra, K",T2,8,"Hoekstra, S lined out to 3b, bunt (0-0).",L5 BU,0,1__,P,L,R,0,[],Away,Home,1__,1.0,1.0,['0-0'],2,Out
639279.xml,3/6/2026,MARYLAND,RUTGERS,Elisea Wiegand,"Burtis, B",T2,9,"Burtis, B flied out to rf (1-2 KKBFFF).",F9,1,1__,KKBFFFP,R,R,0,[],Away,Home,1__,2.0,1.0,"['0-0', '0-1', '0-2', '1-2']",2,Out
639279.xml,3/6/2026,MARYLAND,RUTGERS,Elisea Wiegand,"Coleman, M",T2,10,"Coleman, M lined out to lf (2-2 SKFBFFB).",L7,2,1__,SKFBFFBP,R,R,0,[],Away,Home,1__,3.0,1.0,"['0-0', '0-1', '0-2', '1-2', '2-2']",2,Out
639279.xml,3/6/2026,RUTGERS,MARYLAND,"Shifflett, B",Mariah Penta,B2,11,Mariah Penta struck out swinging (1-2 BKFS).,KS,0,___,BKFS,R,R,0,[],Home,Away,___,1.0,1.0,"['0-0', '1-0', '1-1', '1-2']",2,Strikeout
639279.xml,3/6/2026,RUTGERS,MARYLAND,"Shifflett, B",Zayda Rocke,B2,12,Zayda Rocke lined out to cf (2-2 BBKS).,L8,1,___,BBKSP,R,R,0,[],Home,Away,___,2.0,1.0,"['0-0', '1-0', '2-0', '2-1', '2-2']",2,Out
639279.xml,3/6/2026,RUTGERS,MARYLAND,"Shifflett, B",Matti Benson,B2,13,Matti Benson grounded out to 2b (1-2 KKB).,43,2,___,KKBP,L,R,0,[],Home,Away,___,3.0,1.0,"['0-0', '0-1', '0-2', '1-2']",2,Out
639279.xml,3/6/2026,MARYLAND,RUTGERS,Elisea Wiegand,"Osborne, A",T3,14,"Osborne, A walked (3-2 BBFKBB).",BB,0,1__,BBFKBB,R,R,0,[],Away,Home,___,0.0,0.0,"['0-0', '1-0', '2-0', '2-1', '2-2', '3-2']",3,Walk
639279.xml,3/6/2026,MARYLAND,RUTGERS,Elisea Wiegand,Schuettler,T3,15,Schuettler flied out to cf (1-0 B).,F8,0,1__,BP,R,R,0,[],Away,Home,1__,1.0,1.0,"['0-0', '1-0']",3,Out
639279.xml,3/6/2026,MARYLAND,RUTGERS,Elisea Wiegand,"Rohwer, S",T3,16,"Rohwer, S grounded into double play ss to 2b to 1b (0-0); Osborne, A out on the play.",643 GDP,1,___,P,R,R,0,[],Away,Home,1__,3.0,2.0,['0-0'],3,Out
639279.xml,3/6/2026,RUTGERS,MARYLAND,"Shifflett, B",Bailey Murphy,B3,17,Bailey Murphy walked (3-0 BBBB).,BB,0,1__,BBBB,L,R,0,[],Home,Away,___,0.0,0.0,"['0-0', '1-0', '2-0', '3-0']",3,Walk
639279.xml,3/6/2026,RUTGERS,MARYLAND,"Shifflett, B",Gracie Wilson,B3,18,Gracie Wilson hit by pitch (1-1 SH); Bailey Murphy advanced to second.,HP,0,12_,SH,R,R,0,[],Home,Away,1__,0.0,0.0,"['0-0', '0-1']",3,Hit By Pitch
639279.xml,3/6/2026,RUTGERS,MARYLAND,"Shifflett, B",Caroline Fox,B3,19,Caroline Fox reached on a fielder's choice (1-0 B); Gracie Wilson advanced to second; Bailey Murphy out at third 3b to ss.,FC,0,12_,BP,L,R,0,[],Home,Away,12_,1.0,1.0,"['0-0', '1-0']",3,Fielders Choice
639279.xml,3/6/2026,RUTGERS,MARYLAND,"Shifflett, B",Caitlyn Cornwell,B3,20,Caitlyn Cornwell struck out swinging (1-2 SFBS).,KS,1,12_,SFBS,L,R,0,[],Home,Away,12_,2.0,1.0,"['0-0', '0-1', '0-2', '1-2']",3,Strikeout
639279.xml,3/6/2026,RUTGERS,MARYLAND,"Shifflett, B",Sammi Woods,B3,21,"Sammi Woods singled to right field, RBI, advanced to second on the throw (1-2 BKK); Caroline Fox advanced to third; Gracie Wilson scored.",1B 9 RBI1 +T,2,_23,BKKP,R,R,1,"['Shifflett, B']",Home,Away,12_,2.0,0.0,"['0-0', '1-0', '1-1', '1-2']",3,Single
639279.xml,3/6/2026,RUTGERS,MARYLAND,"Shifflett, B",Anna McGowan,B3,22,Anna McGowan was intentionally walked (3-0 BBBB).,IBB,2,123,BBBB,R,R,0,[],Home,Away,_23,2.0,0.0,"['0-0', '1-0', '2-0', '3-0']",3,Intentional Walk
639279.xml,3/6/2026,RUTGERS,MARYLAND,"Shifflett, B",Mariah Penta,B3,23,Mariah Penta struck out swinging (0-2 KFS).,KS,2,123,KFS,R,R,0,[],Home,Away,123,3.0,1.0,"['0-0', '0-1', '0-2']",3,Strikeout
639279.xml,3/6/2026,MARYLAND,RUTGERS,Elisea Wiegand,"Hwang, R",T4,24,"Hwang, R hit by pitch (1-1 KH).",HP,0,1__,KH,R,R,0,[],Away,Home,___,0.0,0.0,"['0-0', '0-1']",4,Hit By Pitch
639279.xml,3/6/2026,MARYLAND,RUTGERS,Elisea Wiegand,"Hoekstra, K",T4,25,"Hoekstra, K grounded out to 3b, SAC, bunt (1-0 B); Hwang, R advanced to second.",53 SAC BU,0,_2_,BP,R,R,0,[],Away,Home,1__,1.0,1.0,"['0-0', '1-0']",4,Out
639279.xml,3/6/2026,MARYLAND,RUTGERS,Elisea Wiegand,"Mitchell, M",T4,27,"Mitchell, M tripled down the rf line, RBI (1-1 BF); Hwang, R scored.",3B RL RBI1,1,_23,BFP,R,R,1,['Elisea Wiegand'],Away,Home,_2_,1.0,0.0,"['0-0', '1-0', '1-1']",4,Triple
639279.xml,3/6/2026,MARYLAND,RUTGERS,Elisea Wiegand,"Hoekstra, K",T4,28,"Hoekstra, S hit by pitch (3-2 KBKBH).",HP,1,123,KBKBH,L,R,0,[],Away,Home,_23,1.0,0.0,"['0-0', '0-1', '1-1', '1-2', '2-2']",4,Hit By Pitch
639279.xml,3/6/2026,MARYLAND,RUTGERS,Elisea Wiegand,"Burtis, B",T4,29,"Burtis, B singled to right center, out at second rf to 3b to ss, RBI (2-2 BBFF); Hoekstra, S advanced to third; Mitchell, M scored.",1B RC 956 RBI1,1,_23,BBFFP,R,R,1,['Elisea Wiegand'],Away,Home,123,2.0,1.0,"['0-0', '1-0', '2-0', '2-1', '2-2']",4,Single
639279.xml,3/6/2026,MARYLAND,RUTGERS,Elisea Wiegand,"Coleman, M",T4,30,"Coleman, M struck out swinging (1-2 KBFF).",KS,2,_23,KBFF,R,R,0,[],Away,Home,_23,3.0,1.0,"['0-0', '0-1', '1-1', '1-2']",4,Strikeout
639279.xml,3/6/2026,RUTGERS,MARYLAND,"Shifflett, B",Zayda Rocke,B4,31,Zayda Rocke struck out swinging (1-2 KFBF).,KS,0,___,KFBF,R,R,0,[],Home,Away,___,1.0,1.0,"['0-0', '0-1', '0-2', '1-2']",4,Strikeout
639279.xml,3/6/2026,RUTGERS,MARYLAND,"Shifflett, B",Matti Benson,B4,32,Matti Benson struck out swinging (1-2 SKBF).,KS,1,___,SKBF,L,R,0,[],Home,Away,___,2.0,1.0,"['0-0', '0-1', '0-2', '1-2']",4,Strikeout
639279.xml,3/6/2026,RUTGERS,MARYLAND,"Shifflett, B",Bailey Murphy,B4,33,Bailey Murphy singled to shortstop (1-2 SKBF).,1B 6,2,1__,SKBFP,L,R,0,[],Home,Away,___,2.0,0.0,"['0-0', '0-1', '0-2', '1-2']",4,Single
639279.xml,3/6/2026,RUTGERS,MARYLAND,"Shifflett, B",Gracie Wilson,B4,34,Gracie Wilson reached first on an error by ss (0-0); Bailey Murphy advanced to second.,E6,2,12_,N/A,R,R,0,[],Home,Away,1__,2.0,0.0,['Unknown'],4,Reached on Error
639279.xml,3/6/2026,RUTGERS,MARYLAND,"Shifflett, B",Caroline Fox,B4,35,Caroline Fox popped up to ss (0-0).,P6,2,12_,N/A,L,R,0,[],Home,Away,12_,3.0,1.0,['Unknown'],4,Out
639279.xml,3/6/2026,MARYLAND,RUTGERS,Elisea Wiegand,"Osborne, A",T5,36,"Osborne, A walked (3-2 BFFBFBFB).",BB,0,1__,BFFBFBFB,R,R,0,[],Away,Home,___,1.0,1.0,"['0-0', '1-0', '1-1', '1-2', '2-2', '3-2']",5,Walk
639279.xml,3/6/2026,MARYLAND,RUTGERS,Elisea Wiegand,Schuettler,T5,38,Schuettler fouled out to 1b (3-1 FBBB).,FF3,1,1__,FBBBP,R,R,0,[],Away,Home,1__,2.0,1.0,"['0-0', '0-1', '1-1', '2-1', '3-1']",5,Out
639279.xml,3/6/2026,MARYLAND,RUTGERS,Elisea Wiegand,"Rohwer, S",T5,39,"Rohwer, S doubled to center field (3-2 BBFBK).",2B 8,2,12_,BBFBKP,R,R,0,[],Away,Home,1__,2.0,0.0,"['0-0', '1-0', '2-0', '2-1', '3-1', '3-2']",5,Double
639279.xml,3/6/2026,MARYLAND,RUTGERS,Keira Bucher,"Hwang, R",T5,41,"Hwang, R grounded out to ss (0-0).",63,2,12_,P,R,R,0,[],Away,Home,12_,3.0,1.0,['0-0'],5,Out
639279.xml,3/6/2026,RUTGERS,MARYLAND,"Shifflett, B",Caitlyn Cornwell,B5,42,Caitlyn Cornwell singled to pitcher (2-2 KBFBFF).,1B 1,0,1__,KBFBFFP,L,R,0,[],Home,Away,___,0.0,0.0,"['0-0', '0-1', '1-1', '1-2', '2-2']",5,Single
639279.xml,3/6/2026,RUTGERS,MARYLAND,"Shifflett, B",Sammi Woods,B5,43,"Sammi Woods singled, bunt (1-1 BK); Caitlyn Cornwell advanced to second.",1B BU,0,12_,BKP,R,R,0,[],Home,Away,1__,0.0,0.0,"['0-0', '1-0', '1-1']",5,Single
639279.xml,3/6/2026,RUTGERS,MARYLAND,"Shifflett, B",Anna McGowan,B5,44,Anna McGowan grounded out to 2b (0-0); Sammi Woods advanced to second; Caitlyn Cornwell advanced to third.,43,0,_23,P,R,R,0,[],Home,Away,12_,1.0,1.0,['0-0'],5,Out
639279.xml,3/6/2026,RUTGERS,MARYLAND,"Shifflett, B",Mariah Penta,B5,45,"Mariah Penta reached first on a throwing error by p, RBI (0-0); Sammi Woods advanced to third; Caitlyn Cornwell scored.",E1T RBI1,1,1_3,P,R,R,1,"['Shifflett, B']",Home,Away,_23,1.0,0.0,['0-0'],5,Reached on Error
639279.xml,3/6/2026,RUTGERS,MARYLAND,"Shifflett, B",Zayda Rocke,B5,46,"Zayda Rocke doubled to left field, 2 RBI (0-0); Mariah Penta scored, unearned; Sammi Woods scored.",2B 7 RBI2,1,_2_,P,R,R,2,"['Shifflett, B', 'Shifflett, B']",Home,Away,1_3,1.0,0.0,['0-0'],5,Double
639279.xml,3/6/2026,RUTGERS,MARYLAND,"Hoekstra, K",Matti Benson,B5,52,Matti Benson struck out looking (1-2 BKKK).,KL,1,_2_,BKKK,L,R,0,[],Home,Away,_2_,2.0,1.0,"['0-0', '1-0', '1-1', '1-2']",5,Strikeout
639279.xml,3/6/2026,RUTGERS,MARYLAND,"Hoekstra, K",Bailey Murphy,B5,53,Bailey Murphy fouled out to 3b (0-0).,FF5,2,_2_,P,L,R,0,[],Home,Away,_2_,3.0,1.0,['0-0'],5,Out
639279.xml,3/6/2026,MARYLAND,RUTGERS,Keira Bucher,"Hoekstra, K",T6,55,"Hoekstra, K grounded out to 3b (3-2 BBBKF).",53,0,___,BBBKFP,R,R,0,[],Away,Home,___,1.0,1.0,"['0-0', '1-0', '2-0', '3-0', '3-1', '3-2']",6,Out
639279.xml,3/6/2026,MARYLAND,RUTGERS,Keira Bucher,"Mitchell, M",T6,56,"Mitchell, M struck out looking (0-2 KFK).",KL,1,___,KFK,R,R,0,[],Away,Home,___,2.0,1.0,"['0-0', '0-1', '0-2']",6,Strikeout
639279.xml,3/6/2026,MARYLAND,RUTGERS,Keira Bucher,"Hoekstra, K",T6,57,"Hoekstra, S walked (3-2 BKBBFB).",BB,2,1__,BKBBFB,L,R,0,[],Away,Home,___,2.0,0.0,"['0-0', '1-0', '1-1', '2-1', '3-1', '3-2']",6,Walk
639279.xml,3/6/2026,MARYLAND,RUTGERS,Keira Bucher,"Burtis, B",T6,58,"Burtis, B grounded out to ss (0-2 KKFF).",63,2,1__,KKFFP,R,R,0,[],Away,Home,1__,3.0,1.0,"['0-0', '0-1', '0-2']",6,Out
639279.xml,3/6/2026,RUTGERS,MARYLAND,"Hoekstra, K",Gracie Wilson,B6,59,Gracie Wilson struck out swinging (1-2 BFKS).,KS,0,___,BFKS,R,R,0,[],Home,Away,___,1.0,1.0,"['0-0', '1-0', '1-1', '1-2']",6,Strikeout
639279.xml,3/6/2026,RUTGERS,MARYLAND,"Hoekstra, K",Caroline Fox,B6,60,Caroline Fox struck out looking (2-2 BFBKK).,KL,1,___,BFBKK,L,R,0,[],Home,Away,___,2.0,1.0,"['0-0', '1-0', '1-1', '2-1', '2-2']",6,Strikeout
639279.xml,3/6/2026,RUTGERS,MARYLAND,"Hoekstra, K",Caitlyn Cornwell,B6,61,Caitlyn Cornwell struck out swinging (0-2 SKS).,KS,2,___,SKS,L,R,0,[],Home,Away,___,3.0,1.0,"['0-0', '0-1', '0-2']",6,Strikeout
639279.xml,3/6/2026,MARYLAND,RUTGERS,Keira Bucher,"Stripling, H",T7,72,"Stripling, H singled to right center (0-2 KK).",1B RC,0,1__,KKP,L,R,0,[],Away,Home,___,0.0,0.0,"['0-0', '0-1', '0-2']",7,Single
639279.xml,3/6/2026,MARYLAND,RUTGERS,Keira Bucher,"Delhoyo, S",T7,75,"Delhoyo, S singled through the left side (2-2 KSBFBF); Stripling, H advanced to third.",1B LS,0,1_3,KSBFBFP,L,R,0,[],Away,Home,1__,0.0,0.0,"['0-0', '0-1', '0-2', '1-2', '2-2']",7,Single
639279.xml,3/6/2026,MARYLAND,RUTGERS,Keira Bucher,"Briggs, B",T7,77,"Briggs, B grounded out to p, RBI, SAC, bunt (0-1 F); Delhoyo, S advanced to second; Stripling, H scored.",13 RBI1 SAC BU,0,_2_,FP,R,R,1,['Keira Bucher'],Away,Home,1_3,1.0,1.0,"['0-0', '0-1']",7,Out
639279.xml,3/6/2026,MARYLAND,RUTGERS,Keira Bucher,"Rohwer, S",T7,78,"Rohwer, S doubled to left center, RBI (3-2 BKBSFFFFB); Delhoyo, S scored.",2B LC RBI1,1,_2_,BKBSFFFFBP,R,R,1,['Keira Bucher'],Away,Home,_2_,1.0,0.0,"['0-0', '1-0', '1-1', '2-1', '2-2', '3-2']",7,Double
639279.xml,3/6/2026,MARYLAND,RUTGERS,Keira Bucher,"Hwang, R",T7,79,"Hwang, R singled to right center (1-0 B); Rohwer, S advanced to third.",1B RC,1,1_3,BP,R,R,0,[],Away,Home,_2_,1.0,0.0,"['0-0', '1-0']",7,Single
639279.xml,3/6/2026,MARYLAND,RUTGERS,Keira Bucher,"Fuller, J",T7,80,"Fuller, J singled to second base, advanced to second, RBI (2-2 KBSFFB); Hwang, R advanced to second, advanced to third on a throwing error by 2b; Rohwer, S scored.",1B 4 + RBI1,1,_23,KBSFFBP,R,R,1,['Keira Bucher'],Away,Home,1_3,1.0,0.0,"['0-0', '0-1', '1-1', '1-2', '2-2']",7,Single
639279.xml,3/6/2026,MARYLAND,RUTGERS,Keira Bucher,"Mitchell, M",T7,81,"Mitchell, M popped up to p (1-2 BKK).",P1,1,_23,BKKP,R,R,0,[],Away,Home,_23,2.0,1.0,"['0-0', '1-0', '1-1', '1-2']",7,Out
639279.xml,3/6/2026,MARYLAND,RUTGERS,Keira Bucher,"Fuller, J",T7,86,"Fuller, J flied out to cf (0-1 K).",F8,2,_23,KP,R,R,0,[],Away,Home,_23,3.0,1.0,"['0-0', '0-1']",7,Out
639279.xml,3/6/2026,RUTGERS,MARYLAND,"Hoekstra, K",Sammi Woods,B7,92,Sammi Woods struck out swinging (1-2 KBKF).,KS,0,___,KBKF,R,R,0,[],Home,Away,___,1.0,1.0,"['0-0', '0-1', '1-1', '1-2']",7,Strikeout
639279.xml,3/6/2026,RUTGERS,MARYLAND,"Hoekstra, K",Anna McGowan,B7,93,"Anna McGowan homered to center field, RBI (1-0 B).",HR 8 RBI1,1,___,BP,R,R,1,"['Hoekstra, K']",Home,Away,___,1.0,0.0,"['0-0', '1-0']",7,Home Run
639279.xml,3/6/2026,RUTGERS,MARYLAND,"Hoekstra, K",Mariah Penta,B7,94,Mariah Penta popped up to 1b (2-2 BBKK).,P3,1,___,BBKKP,R,R,0,[],Home,Away,___,2.0,1.0,"['0-0', '1-0', '2-0', '2-1', '2-2']",7,Out
639279.xml,3/6/2026,RUTGERS,MARYLAND,"Hoekstra, K",Zayda Rocke,B7,95,Zayda Rocke struck out swinging (1-2 BFKF).,KS,2,___,BFKF,R,R,0,[],Home,Away,___,3.0,1.0,"['0-0', '1-0', '1-1', '1-2']",7,Strikeout
639279.xml,3/6/2026,MARYLAND,RUTGERS,Keira Bucher,"Burtis, B",T8,96,"Burtis, B flied out to cf (1-1 BK).",F8,0,___,BKP,R,R,0,[],Away,Home,___,1.0,1.0,"['0-0', '1-0', '1-1']",8,Out
639279.xml,3/6/2026,MARYLAND,RUTGERS,Keira Bucher,"Coleman, M",T8,97,"Coleman, M struck out swinging (3-2 BKBSBF).",KS,1,___,BKBSBF,R,R,0,[],Away,Home,___,2.0,1.0,"['0-0', '1-0', '1-1', '2-1', '2-2', '3-2']",8,Strikeout
639279.xml,3/6/2026,MARYLAND,RUTGERS,Keira Bucher,"Osborne, A",T8,98,"Osborne, A struck out swinging (2-2 KKBBS).",KS,2,___,KKBBS,R,R,0,[],Away,Home,___,3.0,1.0,"['0-0', '0-1', '0-2', '1-2', '2-2']",8,Strikeout
639279.xml,3/6/2026,RUTGERS,MARYLAND,"Hoekstra, K",Matti Benson,B8,99,Matti Benson walked (3-2 SBSFBBB).,BB,0,1__,SBSFBBB,L,R,0,[],Home,Away,___,0.0,0.0,"['0-0', '0-1', '1-1', '1-2', '2-2', '3-2']",8,Walk
639279.xml,3/6/2026,RUTGERS,MARYLAND,"Hoekstra, K",Bailey Murphy,B8,100,Bailey Murphy singled to third base (0-1 K); Matti Benson advanced to second.,1B 5,0,12_,KP,L,R,0,[],Home,Away,1__,0.0,0.0,"['0-0', '0-1']",8,Single
639279.xml,3/6/2026,RUTGERS,MARYLAND,"Hoekstra, K",Logan Turner,B8,102,Logan Turner struck out swinging (2-2 FBSBS).,KS,0,12_,FBSBS,R,R,0,[],Home,Away,12_,1.0,1.0,"['0-0', '0-1', '1-1', '1-2', '2-2']",8,Strikeout
639279.xml,3/6/2026,RUTGERS,MARYLAND,"Hoekstra, K",Lauren Caye,B8,104,Lauren Caye struck out swinging (3-2 BSBKBF).,KS,1,12_,BSBKBF,R,R,0,[],Home,Away,12_,2.0,1.0,"['0-0', '1-0', '1-1', '2-1', '2-2', '3-2']",8,Strikeout
639279.xml,3/6/2026,RUTGERS,MARYLAND,"Hoekstra, K",Caitlyn Cornwell,B8,105,Caitlyn Cornwell struck out swinging (3-2 BBBKKFF).,KS,2,12_,BBBKKFF,L,R,0,[],Home,Away,12_,3.0,1.0,"['0-0', '1-0', '2-0', '3-0', '3-1', '3-2']",8,Strikeout
639279.xml,3/6/2026,MARYLAND,RUTGERS,Keira Bucher,Schuettler,T9,108,Schuettler struck out swinging (0-2 SKS).,KS,0,___,SKS,R,R,0,[],Away,Home,___,1.0,1.0,"['0-0', '0-1', '0-2']",9,Strikeout
639279.xml,3/6/2026,MARYLAND,RUTGERS,Keira Bucher,"Rohwer, S",T9,109,"Rohwer, S flied out to rf (2-2 KBKBF).",F9,1,___,KBKBFP,R,R,0,[],Away,Home,___,2.0,1.0,"['0-0', '0-1', '1-1', '1-2', '2-2']",9,Out
639279.xml,3/6/2026,MARYLAND,RUTGERS,Keira Bucher,"Hwang, R",T9,110,"Hwang, R flied out to rf (3-1 BBKB).",F9,2,___,BBKBP,R,R,0,[],Away,Home,___,3.0,1.0,"['0-0', '1-0', '2-0', '2-1', '3-1']",9,Out
639279.xml,3/6/2026,RUTGERS,MARYLAND,"Hoekstra, K",Sammi Woods,B9,111,"Sammi Woods singled, bunt (1-1 BK).",1B BU,0,1__,BKP,R,R,0,[],Home,Away,___,0.0,0.0,"['0-0', '1-0', '1-1']",9,Single
639279.xml,3/6/2026,RUTGERS,MARYLAND,"Hoekstra, K",Anna McGowan,B9,112,Anna McGowan struck out swinging (3-2 BBSBSS).,KS,0,1__,BBSBSS,R,R,0,[],Home,Away,1__,1.0,1.0,"['0-0', '1-0', '2-0', '2-1', '3-1', '3-2']",9,Strikeout
639279.xml,3/6/2026,RUTGERS,MARYLAND,"Hoekstra, K",Mariah Penta,B9,113,Mariah Penta flied out to cf (1-0 B).,F8,1,1__,BP,R,R,0,[],Home,Away,1__,2.0,1.0,"['0-0', '1-0']",9,Out
639279.xml,3/6/2026,RUTGERS,MARYLAND,"Hoekstra, K",Zayda Rocke,B9,114,Zayda Rocke struck out looking (3-2 BBBKFK).,KL,2,1__,BBBKFK,R,R,0,[],Home,Away,1__,3.0,1.0,"['0-0', '1-0', '2-0', '3-0', '3-1', '3-2']",9,Strikeout
639279.xml,3/6/2026,MARYLAND,RUTGERS,Keira Bucher,"Fuller, J",T10,115,"Fuller, J lined out to rf (1-0 B).",L9,0,___,BP,R,R,0,[],Away,Home,___,1.0,1.0,"['0-0', '1-0']",10,Out
639279.xml,3/6/2026,MARYLAND,RUTGERS,Keira Bucher,"Kraska, S",T10,117,"Kraska, S grounded out to 3b (2-2 SBFB).",53,1,___,SBFBP,R,R,0,[],Away,Home,___,2.0,1.0,"['0-0', '0-1', '1-1', '1-2', '2-2']",10,Out
639279.xml,3/6/2026,MARYLAND,RUTGERS,Keira Bucher,"Hoekstra, K",T10,118,"Hoekstra, S walked (3-1 BBBKB).",BB,2,1__,BBBKB,L,R,0,[],Away,Home,___,2.0,0.0,"['0-0', '1-0', '2-0', '3-0', '3-1']",10,Walk
639279.xml,3/6/2026,MARYLAND,RUTGERS,Keira Bucher,"Burtis, B",T10,119,"Burtis, B reached on a fielder's choice (3-2 BKBKB); Hoekstra, S advanced to second.",FC,2,12_,BKBKBP,R,R,0,[],Away,Home,1__,2.0,0.0,"['0-0', '1-0', '1-1', '2-1', '2-2', '3-2']",10,Fielders Choice
639279.xml,3/6/2026,MARYLAND,RUTGERS,Keira Bucher,"Garofalo, Et",T10,121,"Garofalo, Et grounded out to 1b unassisted (0-0).",3UA,2,12_,P,L,R,0,[],Away,Home,12_,3.0,1.0,['0-0'],10,Out
639279.xml,3/6/2026,RUTGERS,MARYLAND,"Hoekstra, K",Matti Benson,B10,124,Matti Benson struck out looking (3-2 BBBKSK).,KL,0,___,BBBKSK,L,R,0,[],Home,Away,___,1.0,1.0,"['0-0', '1-0', '2-0', '3-0', '3-1', '3-2']",10,Strikeout
639279.xml,3/6/2026,RUTGERS,MARYLAND,"Hoekstra, K",Bailey Murphy,B10,125,Bailey Murphy singled to second base (2-2 BFKH).,1B 4,1,1__,BFKHP,L,R,0,[],Home,Away,___,1.0,0.0,"['0-0', '1-0', '1-1', '1-2']",10,Single
639279.xml,3/6/2026,RUTGERS,MARYLAND,"Hoekstra, K",Gracie Wilson,B10,126,Gracie Wilson struck out swinging (1-2 FFBS).,KS,1,1__,FFBS,R,R,0,[],Home,Away,1__,2.0,1.0,"['0-0', '0-1', '0-2', '1-2']",10,Strikeout
639279.xml,3/6/2026,RUTGERS,MARYLAND,"Hoekstra, K",Caroline Fox,B10,127,Caroline Fox struck out swinging (2-2 FBBSF).,KS,2,1__,FBBSF,L,R,0,[],Home,Away,1__,3.0,1.0,"['0-0', '0-1', '1-1', '2-1', '2-2']",10,Strikeout
639279.xml,3/6/2026,MARYLAND,RUTGERS,Keira Bucher,"Osborne, A",T11,128,"Osborne, A flied out to rf (0-2 KK).",F9,0,___,KKP,R,R,0,[],Away,Home,___,1.0,1.0,"['0-0', '0-1', '0-2']",11,Out
639279.xml,3/6/2026,MARYLAND,RUTGERS,Keira Bucher,Schuettler,T11,129,Schuettler struck out swinging (1-2 SSFB).,KS,1,___,SSFB,R,R,0,[],Away,Home,___,2.0,1.0,"['0-0', '0-1', '0-2']",11,Strikeout
639279.xml,3/6/2026,MARYLAND,RUTGERS,Keira Bucher,"Rohwer, S",T11,130,"Rohwer, S lined out to 3b (1-0 B).",L5,2,___,BP,R,R,0,[],Away,Home,___,3.0,1.0,"['0-0', '1-0']",11,Out
639279.xml,3/6/2026,RUTGERS,MARYLAND,"Hoekstra, K",Caitlyn Cornwell,B11,131,Caitlyn Cornwell struck out swinging (1-2 SKFFB).,KS,0,___,SKFFB,L,R,0,[],Home,Away,___,1.0,1.0,"['0-0', '0-1', '0-2']",11,Strikeout
639279.xml,3/6/2026,RUTGERS,MARYLAND,"Hoekstra, K",Sammi Woods,B11,132,Sammi Woods flied out to lf (1-2 FBF).,F7,1,___,FBFP,R,R,0,[],Home,Away,___,2.0,1.0,"['0-0', '0-1', '1-1', '1-2']",11,Out
639279.xml,3/6/2026,RUTGERS,MARYLAND,"Hoekstra, K",Anna McGowan,B11,133,Anna McGowan flied out to lf (2-2 BBSKF).,F7,2,___,BBSKFP,R,R,0,[],Home,Away,___,3.0,1.0,"['0-0', '1-0', '2-0', '2-1', '2-2']",11,Out
639279.xml,3/6/2026,MARYLAND,RUTGERS,Keira Bucher,"Hwang, R",T12,134,"Hwang, R walked (3-2 FBBFBB).",BB,0,1__,FBBFBB,R,R,0,[],Away,Home,___,0.0,0.0,"['0-0', '0-1', '1-1', '2-1', '2-2', '3-2']",12,Walk
639279.xml,3/6/2026,MARYLAND,RUTGERS,Keira Bucher,"Fuller, J",T12,135,"Fuller, J grounded out to 3b, SAC, bunt (0-1 F); Hwang, R advanced to second.",53 SAC BU,0,_2_,FP,R,R,0,[],Away,Home,1__,1.0,1.0,"['0-0', '0-1']",12,Out
639279.xml,3/6/2026,MARYLAND,RUTGERS,Keira Bucher,"Mitchell, M",T12,136,"Mitchell, M struck out looking (2-2 BKBFK).",KL,1,_2_,BKBFK,R,R,0,[],Away,Home,_2_,2.0,1.0,"['0-0', '1-0', '1-1', '2-1', '2-2']",12,Strikeout
639279.xml,3/6/2026,MARYLAND,RUTGERS,Keira Bucher,"Hoekstra, K",T12,137,"Hoekstra, S singled to left field, RBI (1-0 B); Hwang, R scored.",1B 7 RBI1,2,1__,BP,L,R,1,['Keira Bucher'],Away,Home,_2_,2.0,0.0,"['0-0', '1-0']",12,Single
639279.xml,3/6/2026,MARYLAND,RUTGERS,Keira Bucher,"Burtis, B",T12,138,"Burtis, B reached first on a throwing error by ss (1-2 FFB); Hoekstra, S advanced to third.",E6T,2,1_3,FFBPP,R,R,0,[],Away,Home,1__,2.0,0.0,"['0-0', '0-1', '0-2', '1-2', '2-2']",12,Reached on Error
639279.xml,3/6/2026,MARYLAND,RUTGERS,Keira Bucher,"Coleman, M",T12,139,"Coleman, M out at first ss to 2b (1-0 B).",64,2,1_3,BP,R,R,0,[],Away,Home,1_3,3.0,1.0,"['0-0', '1-0']",12,Out
639279.xml,3/6/2026,RUTGERS,MARYLAND,"Hoekstra, K",Mariah Penta,B12,140,Mariah Penta singled to left field (2-1 KBB).,1B 7,0,1__,KBBP,R,R,0,[],Home,Away,___,1.0,1.0,"['0-0', '0-1', '1-1', '2-1']",12,Single
639279.xml,3/6/2026,RUTGERS,MARYLAND,"Hoekstra, K",Zayda Rocke,B12,143,Zayda Rocke struck out swinging (2-2 KBKBS).,KS,1,1__,KBKBS,R,R,0,[],Home,Away,1__,2.0,1.0,"['0-0', '0-1', '1-1', '1-2', '2-2']",12,Strikeout
639279.xml,3/6/2026,RUTGERS,MARYLAND,"Hoekstra, K",Matti Benson,B12,144,Matti Benson struck out swinging (0-2 KKS).,KS,2,1__,KKS,L,R,0,[],Home,Away,1__,3.0,1.0,"['0-0', '0-1', '0-2']",12,Strikeout
639281.xml,3/8/2026,MARYLAND,RUTGERS,Elisea Wiegand,"Rohwer, S",T1,1,"Rohwer, S homered to left center, RBI (1-2 KKFB).",HR LC RBI1,0,___,KKFBP,R,R,1,['Elisea Wiegand'],Away,Home,___,0.0,0.0,"['0-0', '0-1', '0-2', '1-2']",1,Home Run
639281.xml,3/8/2026,MARYLAND,RUTGERS,Elisea Wiegand,"Hoekstra, K",T1,2,"Hoekstra, S singled to second base (2-1 BKB).",1B 4,0,1__,BKBP,L,R,0,[],Away,Home,___,0.0,0.0,"['0-0', '1-0', '1-1', '2-1']",1,Single
639281.xml,3/8/2026,MARYLAND,RUTGERS,Elisea Wiegand,"Hwang, R",T1,4,"Hwang, R walked (3-2 SFBBFBB); Hoekstra, S advanced to third on a wild pitch.",BB,0,1_3,SFBBFBB,R,R,0,[],Away,Home,1__,0.0,0.0,"['0-0', '0-1', '0-2', '1-2', '2-2', '3-2']",1,Walk
639281.xml,3/8/2026,MARYLAND,RUTGERS,Elisea Wiegand,"Mitchell, M",T1,5,"Mitchell, M singled to right center, RBI (3-1 BBKB); Hwang, R out at second rf to 2b to 3b to ss; Hoekstra, S scored.",1B RC RBI1,0,1__,BBKBP,R,R,1,['Elisea Wiegand'],Away,Home,1_3,1.0,1.0,"['0-0', '1-0', '2-0', '2-1', '3-1']",1,Single
639281.xml,3/8/2026,MARYLAND,RUTGERS,Aubrey Wurst,"Hoekstra, K",T1,7,"Hoekstra, K hit by pitch (3-0 BBH); Mitchell, M advanced to second.",HP,1,12_,BBH,R,R,0,[],Away,Home,1__,1.0,0.0,"['0-0', '1-0', '2-0']",1,Hit By Pitch
639281.xml,3/8/2026,MARYLAND,RUTGERS,Aubrey Wurst,"Delhoyo, S",T1,8,"Delhoyo, S struck out swinging (0-2 SFS).",KS,1,12_,SFS,L,R,0,[],Away,Home,12_,2.0,1.0,"['0-0', '0-1', '0-2']",1,Strikeout
639281.xml,3/8/2026,MARYLAND,RUTGERS,Aubrey Wurst,"Burtis, B",T1,9,"Burtis, B popped up to 3b (2-1 BKB).",P5,2,12_,BKBP,R,R,0,[],Away,Home,12_,3.0,1.0,"['0-0', '1-0', '1-1', '2-1']",1,Out
639281.xml,3/8/2026,RUTGERS,MARYLAND,"Hoekstra, K",Caitlyn Cornwell,B1,10,"Caitlyn Cornwell singled to catcher, bunt (1-1 SB).",1B 2 BU,0,1__,SBP,L,R,0,[],Home,Away,___,0.0,0.0,"['0-0', '0-1', '1-1']",1,Single
639281.xml,3/8/2026,RUTGERS,MARYLAND,"Hoekstra, K",Sammi Woods,B1,11,"Sammi Woods grounded out to c, bunt, SAC (0-0); Caitlyn Cornwell advanced to second.",23 BU SAC,0,_2_,P,R,R,0,[],Home,Away,1__,1.0,1.0,['0-0'],1,Out
639281.xml,3/8/2026,RUTGERS,MARYLAND,"Hoekstra, K",Anna McGowan,B1,12,Anna McGowan flied out to rf (3-2 SSBBB).,F9,1,_2_,SSBBBP,R,R,0,[],Home,Away,_2_,2.0,1.0,"['0-0', '0-1', '0-2', '1-2', '2-2', '3-2']",1,Out
639281.xml,3/8/2026,RUTGERS,MARYLAND,"Hoekstra, K",Mariah Penta,B1,13,Mariah Penta flied out to cf (2-1 FBB).,F8,2,_2_,FBBP,R,R,0,[],Home,Away,_2_,3.0,1.0,"['0-0', '0-1', '1-1', '2-1']",1,Out
639281.xml,3/8/2026,MARYLAND,RUTGERS,Aubrey Wurst,"Osborne, A",T2,14,"Osborne, A struck out looking (3-2 SSBBFBK).",KL,0,___,SSBBFBK,R,R,0,[],Away,Home,___,1.0,1.0,"['0-0', '0-1', '0-2', '1-2', '2-2', '3-2']",2,Strikeout
639281.xml,3/8/2026,MARYLAND,RUTGERS,Aubrey Wurst,"Stripling, H",T2,15,"Stripling, H singled to shortstop (2-2 KBBFF).",1B SS,1,1__,KBBFFP,L,R,0,[],Away,Home,___,1.0,0.0,"['0-0', '0-1', '1-1', '2-1', '2-2']",2,Single
639281.xml,3/8/2026,MARYLAND,RUTGERS,Aubrey Wurst,"Rohwer, S",T2,16,"Rohwer, S popped up to 1b (3-2 KBFBB).",P3,1,1__,KBFBBP,R,R,0,[],Away,Home,1__,2.0,1.0,"['0-0', '0-1', '1-1', '1-2', '2-2', '3-2']",2,Out
639281.xml,3/8/2026,MARYLAND,RUTGERS,Aubrey Wurst,"Hoekstra, K",T2,17,"Hoekstra, S struck out swinging (2-2 KBKBS).",KS,2,1__,KBKBS,L,R,0,[],Away,Home,1__,3.0,1.0,"['0-0', '0-1', '1-1', '1-2', '2-2']",2,Strikeout
639281.xml,3/8/2026,RUTGERS,MARYLAND,"Hoekstra, K",Zayda Rocke,B2,18,Zayda Rocke grounded out to 2b (2-2 FBFB).,43,0,___,FBFBP,R,R,0,[],Home,Away,___,1.0,1.0,"['0-0', '0-1', '1-1', '1-2', '2-2']",2,Out
639281.xml,3/8/2026,RUTGERS,MARYLAND,"Hoekstra, K",Bailey Murphy,B2,19,Bailey Murphy grounded out to ss (0-2 FF).,63,1,___,FFP,L,R,0,[],Home,Away,___,2.0,1.0,"['0-0', '0-1', '0-2']",2,Out
639281.xml,3/8/2026,RUTGERS,MARYLAND,"Hoekstra, K",Matti Benson,B2,20,Matti Benson struck out swinging (1-2 KKBS).,KS,2,___,KKBS,L,R,0,[],Home,Away,___,3.0,1.0,"['0-0', '0-1', '0-2', '1-2']",2,Strikeout
639281.xml,3/8/2026,MARYLAND,RUTGERS,Aubrey Wurst,"Hwang, R",T3,21,"Hwang, R hit by pitch (3-2 BBFFFH).",HP,0,1__,BBFFFH,R,R,0,[],Away,Home,___,0.0,0.0,"['0-0', '1-0', '2-0', '2-1', '2-2']",3,Hit By Pitch
639281.xml,3/8/2026,MARYLAND,RUTGERS,Aubrey Wurst,"Mitchell, M",T3,22,"Mitchell, M flied out to cf (0-0).",F8,0,1__,P,R,R,0,[],Away,Home,1__,1.0,1.0,['0-0'],3,Out
639281.xml,3/8/2026,MARYLAND,RUTGERS,Aubrey Wurst,"Hoekstra, K",T3,23,"Hoekstra, K lined out to lf (2-2 BKKB).",L7,1,1__,BKKBP,R,R,0,[],Away,Home,1__,2.0,1.0,"['0-0', '1-0', '1-1', '1-2', '2-2']",3,Out
639281.xml,3/8/2026,MARYLAND,RUTGERS,Aubrey Wurst,"Delhoyo, S",T3,24,"Delhoyo, S walked (3-2 BBKFBFB); Hwang, R advanced to second.",BB,2,12_,BBKFBFB,L,R,0,[],Away,Home,1__,2.0,0.0,"['0-0', '1-0', '2-0', '2-1', '2-2', '3-2']",3,Walk
639281.xml,3/8/2026,MARYLAND,RUTGERS,Aubrey Wurst,"Burtis, B",T3,25,"Burtis, B flied out to lf (3-2 FBFBFFBF).",F7,2,12_,FBFBFFBFP,R,R,0,[],Away,Home,12_,3.0,1.0,"['0-0', '0-1', '1-1', '1-2', '2-2', '3-2']",3,Out
639281.xml,3/8/2026,RUTGERS,MARYLAND,"Hoekstra, K",Lauren Caye,B3,28,Lauren Caye walked (3-2 BFBKFBFB).,BB,0,1__,BFBKFBFB,R,R,0,[],Home,Away,___,0.0,0.0,"['0-0', '1-0', '1-1', '2-1', '2-2', '3-2']",3,Walk
639281.xml,3/8/2026,RUTGERS,MARYLAND,"Hoekstra, K",Caroline Fox,B3,29,Caroline Fox lined out to lf (0-2 KF).,L7,0,1__,KFP,L,R,0,[],Home,Away,1__,1.0,1.0,"['0-0', '0-1', '0-2']",3,Out
639281.xml,3/8/2026,RUTGERS,MARYLAND,"Hoekstra, K",Caitlyn Cornwell,B3,30,Caitlyn Cornwell singled through the left side (0-1 F); Lauren Caye advanced to second.,1B LS,1,12_,FP,L,R,0,[],Home,Away,1__,1.0,0.0,"['0-0', '0-1']",3,Single
639281.xml,3/8/2026,RUTGERS,MARYLAND,"Gewecke, K",Sammi Woods,B3,36,Sammi Woods fouled out to 1b (1-2 BFF).,FF3,1,12_,BFFP,R,R,0,[],Home,Away,12_,2.0,1.0,"['0-0', '1-0', '1-1', '1-2']",3,Out
639281.xml,3/8/2026,RUTGERS,MARYLAND,"Gewecke, K",Anna McGowan,B3,37,Anna McGowan struck out swinging (1-2 KSBFS).,KS,2,12_,KSBFS,R,R,0,[],Home,Away,12_,3.0,1.0,"['0-0', '0-1', '0-2', '1-2']",3,Strikeout
639281.xml,3/8/2026,MARYLAND,RUTGERS,Aubrey Wurst,"Osborne, A",T4,38,"Osborne, A walked (3-1 BBBKB).",BB,0,1__,BBBKB,R,R,0,[],Away,Home,___,0.0,0.0,"['0-0', '1-0', '2-0', '3-0', '3-1']",4,Walk
639281.xml,3/8/2026,MARYLAND,RUTGERS,Aubrey Wurst,"Stripling, H",T4,39,"Stripling, H popped up to 1b, bunt (0-1 F).",P3 BU,0,1__,FP,L,R,0,[],Away,Home,1__,1.0,1.0,"['0-0', '0-1']",4,Out
639281.xml,3/8/2026,MARYLAND,RUTGERS,Aubrey Wurst,"Rohwer, S",T4,40,"Rohwer, S walked (3-1 BFBBB); Osborne, A advanced to second.",BB,1,12_,BFBBB,R,R,0,[],Away,Home,1__,1.0,0.0,"['0-0', '1-0', '1-1', '2-1', '3-1']",4,Walk
639281.xml,3/8/2026,MARYLAND,RUTGERS,Aubrey Wurst,"Hoekstra, K",T4,41,"Hoekstra, S reached on a fielder's choice (1-2 BFK); Rohwer, S out at second 2b to ss; Osborne, A advanced to third.",FC,1,1_3,BFKP,L,R,0,[],Away,Home,12_,2.0,1.0,"['0-0', '1-0', '1-1', '1-2']",4,Fielders Choice
639281.xml,3/8/2026,MARYLAND,RUTGERS,Aubrey Wurst,"Hwang, R",T4,43,"Hwang, R flied out to rf (2-2 BBKK).",F9,2,1_3,BBKKP,R,R,0,[],Away,Home,1_3,3.0,1.0,"['0-0', '1-0', '2-0', '2-1', '2-2']",4,Out
639281.xml,3/8/2026,RUTGERS,MARYLAND,"Gewecke, K",Mariah Penta,B4,44,Mariah Penta hit by pitch (2-2 FBFH).,HP,0,1__,FBFH,R,R,0,[],Home,Away,___,0.0,0.0,"['0-0', '0-1', '1-1', '1-2']",4,Hit By Pitch
639281.xml,3/8/2026,RUTGERS,MARYLAND,"Gewecke, K",Zayda Rocke,B4,45,Zayda Rocke grounded out to p (1-2 FFB); Mariah Penta advanced to second.,13,0,_2_,FFBP,R,R,0,[],Home,Away,1__,1.0,1.0,"['0-0', '0-1', '0-2', '1-2']",4,Out
639281.xml,3/8/2026,RUTGERS,MARYLAND,"Gewecke, K",Bailey Murphy,B4,46,Bailey Murphy lined out to 3b (1-0 B).,L5,1,_2_,BP,L,R,0,[],Home,Away,_2_,2.0,1.0,"['0-0', '1-0']",4,Out
639281.xml,3/8/2026,RUTGERS,MARYLAND,"Gewecke, K",Matti Benson,B4,48,"Matti Benson singled, advanced to second on a fielding error by lf, advanced to third (3-2 BKBBF); Gracelyn Solarz scored, unearned.",1B E7F +,2,__3,BKBBFP,L,R,1,"['Gewecke, K']",Home,Away,_2_,2.0,0.0,"['0-0', '1-0', '1-1', '2-1', '3-1', '3-2']",4,Single
639281.xml,3/8/2026,RUTGERS,MARYLAND,"Gewecke, K",Lauren Caye,B4,49,Lauren Caye flied out to lf (3-2 BBKKB).,F7,2,__3,BBKKBP,R,R,0,[],Home,Away,__3,3.0,1.0,"['0-0', '1-0', '2-0', '2-1', '2-2', '3-2']",4,Out
639281.xml,3/8/2026,MARYLAND,RUTGERS,Aubrey Wurst,"Mitchell, M",T5,51,"Mitchell, M walked (3-0 BBBB).",BB,0,1__,BBBB,R,R,0,[],Away,Home,___,0.0,0.0,"['0-0', '1-0', '2-0', '3-0']",5,Walk
639281.xml,3/8/2026,MARYLAND,RUTGERS,Aubrey Wurst,"Hoekstra, K",T5,52,"Hoekstra, K singled to right field (1-1 BK); Mitchell, M advanced to third.",1B 9,0,1_3,BKP,R,R,0,[],Away,Home,1__,0.0,0.0,"['0-0', '1-0', '1-1']",5,Single
639281.xml,3/8/2026,MARYLAND,RUTGERS,Aubrey Wurst,"Delhoyo, S",T5,57,"Delhoyo, S reached first on a fielding error by ss, RBI (1-2 KFFFFBF); Mitchell, M scored.",E6F RBI1,0,1__,KFFFFBFP,L,R,1,['Aubrey Wurst'],Away,Home,1_3,0.0,0.0,"['0-0', '0-1', '0-2', '1-2']",5,Reached on Error
639281.xml,3/8/2026,MARYLAND,RUTGERS,Keira Bucher,"Burtis, B",T5,60,"Burtis, B singled to third base, RBI (1-0 B); Delhoyo, S advanced to third; Schuettler scored.",1B 5 RBI1,0,1_3,BP,R,R,1,['Keira Bucher'],Away,Home,1__,0.0,0.0,"['0-0', '1-0']",5,Single
639281.xml,3/8/2026,MARYLAND,RUTGERS,Keira Bucher,"Osborne, A",T5,61,"Osborne, A reached on a fielder's choice, bunt (0-0); Burtis, B advanced to second; Delhoyo, S out at home p to c.",FC BU,0,12_,N/A,R,R,0,[],Away,Home,1_3,1.0,1.0,['Unknown'],5,Fielders Choice
639281.xml,3/8/2026,MARYLAND,RUTGERS,Keira Bucher,"Stripling, H",T5,63,"Stripling, H walked (3-1 BKBBB).",BB,1,12_,BKBBB,L,R,0,[],Away,Home,12_,1.0,0.0,"['0-0', '1-0', '1-1', '2-1', '3-1']",5,Walk
639281.xml,3/8/2026,MARYLAND,RUTGERS,Keira Bucher,"Rohwer, S",T5,64,"Rohwer, S walked, RBI (3-1 BBBKB); Stripling, H advanced to second; Osborne, A advanced to third; Burtis, B scored.",BB RBI1,1,123,BBBKB,R,R,1,['Keira Bucher'],Away,Home,12_,1.0,0.0,"['0-0', '1-0', '2-0', '3-0', '3-1']",5,Walk
639281.xml,3/8/2026,MARYLAND,RUTGERS,Keira Bucher,"Hoekstra, K",T5,65,"Hoekstra, S walked, RBI (3-1 KBBBB); Rohwer, S advanced to second; Stripling, H advanced to third; Osborne, A scored.",BB RBI1,1,123,KBBBB,L,R,1,['Keira Bucher'],Away,Home,123,1.0,0.0,"['0-0', '0-1', '1-1', '2-1', '3-1']",5,Walk
639281.xml,3/8/2026,MARYLAND,RUTGERS,Keira Bucher,"Hwang, R",T5,66,"Hwang, R singled to right field, RBI (0-2 KK); Hoekstra, S out at second rf to 1b to ss to 3b; Rohwer, S advanced to third; Stripling, H scored.",1B 9 RBI1,1,1_3,KKP,R,R,1,['Keira Bucher'],Away,Home,123,2.0,1.0,"['0-0', '0-1', '0-2']",5,Single
639281.xml,3/8/2026,MARYLAND,RUTGERS,Keira Bucher,"Johnson, D",T5,68,"Johnson, D popped up to 1b (0-2 SS).",P3,2,1_3,SSP,R,R,0,[],Away,Home,1_3,3.0,1.0,"['0-0', '0-1', '0-2']",5,Out
639281.xml,3/8/2026,RUTGERS,MARYLAND,"Caldwell, M",Caroline Fox,B5,77,Caroline Fox struck out looking (3-2 FBSBBK).,KL,0,___,FBSBBK,L,R,0,[],Home,Away,___,1.0,1.0,"['0-0', '0-1', '1-1', '1-2', '2-2', '3-2']",5,Strikeout
639281.xml,3/8/2026,RUTGERS,MARYLAND,"Caldwell, M",Caitlyn Cornwell,B5,78,Caitlyn Cornwell struck out swinging (3-2 BFBFBS).,KS,1,___,BFBFBS,L,R,0,[],Home,Away,___,2.0,1.0,"['0-0', '1-0', '1-1', '2-1', '2-2', '3-2']",5,Strikeout
639281.xml,3/8/2026,RUTGERS,MARYLAND,"Caldwell, M",Sammi Woods,B5,79,Sammi Woods walked (3-2 SBBBFB).,BB,2,1__,SBBBFB,R,R,0,[],Home,Away,___,2.0,0.0,"['0-0', '0-1', '1-1', '2-1', '3-1', '3-2']",5,Walk
639281.xml,3/8/2026,RUTGERS,MARYLAND,"Caldwell, M",Anna McGowan,B5,80,Anna McGowan singled to right field (2-2 BFKB); Sammi Woods advanced to third.,1B 9,2,1_3,BFKBP,R,R,0,[],Home,Away,1__,2.0,0.0,"['0-0', '1-0', '1-1', '1-2', '2-2']",5,Single
639281.xml,3/8/2026,RUTGERS,MARYLAND,"Caldwell, M",Mariah Penta,B5,82,"Mariah Penta doubled to left center, 2 RBI (0-2 SKFFFF); Gracie Wilson scored; Sammi Woods scored.",2B LC RBI2,2,_2_,SKFFFFP,R,R,2,"['Caldwell, M', 'Caldwell, M']",Home,Away,1_3,2.0,0.0,"['0-0', '0-1', '0-2']",5,Double
639281.xml,3/8/2026,RUTGERS,MARYLAND,"Caldwell, M",Zayda Rocke,B5,83,Zayda Rocke popped up to 1b (1-0 B).,P3,2,_2_,BP,R,R,0,[],Home,Away,_2_,3.0,1.0,"['0-0', '1-0']",5,Out
639281.xml,3/8/2026,MARYLAND,RUTGERS,Keira Bucher,"Hoekstra, K",T6,85,"Hoekstra, K flied out to lf (1-1 FB).",F7,0,___,FBP,R,R,0,[],Away,Home,___,1.0,1.0,"['0-0', '0-1', '1-1']",6,Out
639281.xml,3/8/2026,MARYLAND,RUTGERS,Keira Bucher,"Fuller, J",T6,86,"Fuller, J struck out swinging (3-2 BBSBSS).",KS,1,___,BBSBSS,R,R,0,[],Away,Home,___,2.0,1.0,"['0-0', '1-0', '2-0', '2-1', '3-1', '3-2']",6,Strikeout
639281.xml,3/8/2026,MARYLAND,RUTGERS,Keira Bucher,"Burtis, B",T6,87,"Burtis, B grounded out to ss (1-0 B).",63,2,___,BP,R,R,0,[],Away,Home,___,3.0,1.0,"['0-0', '1-0']",6,Out
639281.xml,3/8/2026,RUTGERS,MARYLAND,"Caldwell, M",Bailey Murphy,B6,88,Bailey Murphy flied out to ss (1-1 FB).,F6,0,___,FBP,L,R,0,[],Home,Away,___,1.0,1.0,"['0-0', '0-1', '1-1']",6,Out
639281.xml,3/8/2026,RUTGERS,MARYLAND,"Caldwell, M",Matti Benson,B6,89,Matti Benson lined out to cf (0-0).,L8,1,___,P,L,R,0,[],Home,Away,___,2.0,1.0,['0-0'],6,Out
639281.xml,3/8/2026,RUTGERS,MARYLAND,"Caldwell, M",Lauren Caye,B6,90,Lauren Caye struck out looking (2-2 KSBBK).,KL,2,___,KSBBK,R,R,0,[],Home,Away,___,3.0,1.0,"['0-0', '0-1', '0-2', '1-2', '2-2']",6,Strikeout
639281.xml,3/8/2026,MARYLAND,RUTGERS,Keira Bucher,"Osborne, A",T7,91,"Osborne, A singled to center field (2-2 FKBB).",1B 8,0,1__,FKBBP,R,R,0,[],Away,Home,___,0.0,0.0,"['0-0', '0-1', '0-2', '1-2', '2-2']",7,Single
639281.xml,3/8/2026,MARYLAND,RUTGERS,Keira Bucher,"Caldwell, M",T7,92,"Caldwell, M struck out looking (1-2 KFBK).",KL,0,1__,KFBK,R,R,0,[],Away,Home,1__,1.0,1.0,"['0-0', '0-1', '0-2', '1-2']",7,Strikeout
639281.xml,3/8/2026,MARYLAND,RUTGERS,Keira Bucher,"Rohwer, S",T7,93,"Rohwer, S doubled to right center (2-2 KKFBBF); Osborne, A advanced to third.",2B RC,1,_23,KKFBBFP,R,R,0,[],Away,Home,1__,1.0,0.0,"['0-0', '0-1', '0-2', '1-2', '2-2']",7,Double
639281.xml,3/8/2026,MARYLAND,RUTGERS,Keira Bucher,"Hoekstra, K",T7,94,"Hoekstra, S flied out to lf (3-2 KBKBB); Rohwer, S advanced to third; Osborne, A scored on a throwing error by lf, unearned.",F7,1,__3,KBKBBP,L,R,1,['Keira Bucher'],Away,Home,_23,2.0,1.0,"['0-0', '0-1', '1-1', '1-2', '2-2', '3-2']",7,Out
639281.xml,3/8/2026,MARYLAND,RUTGERS,Keira Bucher,"Hwang, R",T7,95,"Hwang, R flied out to 2b (2-2 KBFB).",F4,2,__3,KBFBP,R,R,0,[],Away,Home,__3,3.0,1.0,"['0-0', '0-1', '1-1', '1-2', '2-2']",7,Out
639281.xml,3/8/2026,RUTGERS,MARYLAND,"Caldwell, M",Logan Turner,B7,97,Logan Turner singled to third base (2-2 BBKK).,1B 5,0,1__,BBKKP,R,R,0,[],Home,Away,___,0.0,0.0,"['0-0', '1-0', '2-0', '2-1', '2-2']",7,Single
639281.xml,3/8/2026,RUTGERS,MARYLAND,"Caldwell, M",Caitlyn Cornwell,B7,99,Caitlyn Cornwell singled to left field (2-2 SBFB); Caroline Fox advanced to second.,1B 7,0,12_,SBFBP,L,R,0,[],Home,Away,1__,0.0,0.0,"['0-0', '0-1', '1-1', '1-2', '2-2']",7,Single
639281.xml,3/8/2026,RUTGERS,MARYLAND,"Caldwell, M",Sammi Woods,B7,100,Sammi Woods flied out to ss (0-0).,F6,0,12_,P,R,R,0,[],Home,Away,12_,1.0,1.0,['0-0'],7,Out
639281.xml,3/8/2026,RUTGERS,MARYLAND,"Caldwell, M",Anna McGowan,B7,103,Anna McGowan struck out swinging (2-2 KBBFFS).,KS,1,12_,KBBFFS,R,R,0,[],Home,Away,12_,2.0,1.0,"['0-0', '0-1', '1-1', '2-1', '2-2']",7,Strikeout
639281.xml,3/8/2026,RUTGERS,MARYLAND,"Caldwell, M",Mariah Penta,B7,104,Mariah Penta struck out swinging (1-2 KBSFFS).,KS,2,12_,KBSFFS,R,R,0,[],Home,Away,12_,3.0,1.0,"['0-0', '0-1', '1-1', '1-2']",7,Strikeout
655272.xml,3/10/2026,MARYLAND,DELAWARE,Caitlin Olensky,Katie Scheivert,T1,1,Katie Scheivert flied out to lf (1-2 BKF).,F7,0,___,BKFP,R,L,0,[],Away,Home,___,1.0,1.0,"['0-0', '1-0', '1-1', '1-2']",1,Out
655272.xml,3/10/2026,MARYLAND,DELAWARE,Caitlin Olensky,Sydney Shaffer,T1,2,Sydney Shaffer walked (3-2 BBBKFB).,BB,1,1__,BBBKFB,R,L,0,[],Away,Home,___,1.0,0.0,"['0-0', '1-0', '2-0', '3-0', '3-1', '3-2']",1,Walk
655272.xml,3/10/2026,MARYLAND,DELAWARE,Caitlin Olensky,Maddie Diamond,T1,3,Maddie Diamond struck out swinging (3-2 BBFKBS).,KS,1,1__,BBFKBS,R,L,0,[],Away,Home,1__,2.0,1.0,"['0-0', '1-0', '2-0', '2-1', '2-2', '3-2']",1,Strikeout
655272.xml,3/10/2026,MARYLAND,DELAWARE,Caitlin Olensky,Gianna Costaro,T1,5,Gianna Costaro hit by pitch (2-0 BH).,HP,2,1__,BH,R,L,0,[],Away,Home,1__,2.0,0.0,"['0-0', '1-0']",1,Hit By Pitch
655272.xml,3/10/2026,MARYLAND,DELAWARE,Caitlin Olensky,Sorella Gallucci,T1,6,Sorella Gallucci walked (3-2 BBFKFFBB); Gianna Costaro advanced to second; Sydney Shaffer advanced to third.,BB,2,123,BBFKFFBB,R,L,0,[],Away,Home,1__,2.0,0.0,"['0-0', '1-0', '2-0', '2-1', '2-2', '3-2']",1,Walk
655272.xml,3/10/2026,MARYLAND,DELAWARE,Caitlin Olensky,Bridget Chapman,T1,7,Bridget Chapman struck out swinging (3-2 BBKSFFBS).,KS,2,123,BBKSFFBS,R,L,0,[],Away,Home,123,3.0,1.0,"['0-0', '1-0', '2-0', '2-1', '2-2', '3-2']",1,Strikeout
655272.xml,3/10/2026,DELAWARE,MARYLAND,Josie Crossman,Caitlyn Cornwell,B1,8,Caitlyn Cornwell fouled out to 3b (0-1 K).,FF5,0,___,KP,L,L,0,[],Home,Away,___,1.0,1.0,"['0-0', '0-1']",1,Out
655272.xml,3/10/2026,DELAWARE,MARYLAND,Josie Crossman,Sammi Woods,B1,9,Sammi Woods popped up to ss (2-2 BKFB).,P6,1,___,BKFBP,R,L,0,[],Home,Away,___,2.0,1.0,"['0-0', '1-0', '1-1', '1-2', '2-2']",1,Out
655272.xml,3/10/2026,DELAWARE,MARYLAND,Josie Crossman,Anna McGowan,B1,10,Anna McGowan struck out looking (2-2 KBFBFK).,KL,2,___,KBFBFK,R,L,0,[],Home,Away,___,3.0,1.0,"['0-0', '0-1', '1-1', '1-2', '2-2']",1,Strikeout
655272.xml,3/10/2026,MARYLAND,DELAWARE,Caitlin Olensky,Jamie Chandler,T2,11,Jamie Chandler singled to left field (3-2 BFFBB).,1B 7,0,1__,BFFBBP,R,L,0,[],Away,Home,___,0.0,0.0,"['0-0', '1-0', '1-1', '1-2', '2-2', '3-2']",2,Single
655272.xml,3/10/2026,MARYLAND,DELAWARE,Caitlin Olensky,Gracie Jacobs,T2,12,Gracie Jacobs struck out swinging (0-2 KFS).,KS,0,1__,KFS,L,L,0,[],Away,Home,1__,1.0,1.0,"['0-0', '0-1', '0-2']",2,Strikeout
655272.xml,3/10/2026,MARYLAND,DELAWARE,Caitlin Olensky,Grace Hausamann,T2,13,Grace Hausamann reached on a fielder's choice (0-2 FK); Jamie Chandler out at second ss unassisted.,FC,1,1__,FKP,L,L,0,[],Away,Home,1__,2.0,1.0,"['0-0', '0-1', '0-2']",2,Fielders Choice
655272.xml,3/10/2026,MARYLAND,DELAWARE,Caitlin Olensky,Katie Scheivert,T2,14,Katie Scheivert flied out to cf (2-1 KBB).,F8,2,1__,KBBP,R,L,0,[],Away,Home,1__,3.0,1.0,"['0-0', '0-1', '1-1', '2-1']",2,Out
655272.xml,3/10/2026,DELAWARE,MARYLAND,Josie Crossman,Mariah Penta,B2,15,"Mariah Penta homered to center field, RBI (3-1 BBBK).",HR CF RBI1,0,___,BBBKP,R,L,1,['Josie Crossman'],Home,Away,___,0.0,0.0,"['0-0', '1-0', '2-0', '3-0', '3-1']",2,Home Run
655272.xml,3/10/2026,DELAWARE,MARYLAND,Josie Crossman,Logan Turner,B2,16,Logan Turner flied out to rf (1-2 FFB).,F9,0,___,FFBP,R,L,0,[],Home,Away,___,1.0,1.0,"['0-0', '0-1', '0-2', '1-2']",2,Out
655272.xml,3/10/2026,DELAWARE,MARYLAND,Josie Crossman,Bailey Murphy,B2,17,Bailey Murphy doubled to right center (0-0).,2B RC,1,_2_,P,L,L,0,[],Home,Away,___,1.0,0.0,['0-0'],2,Double
655272.xml,3/10/2026,DELAWARE,MARYLAND,Josie Crossman,Matti Benson,B2,18,"Matti Benson doubled to left field, RBI (3-2 FBBKBFF); Bailey Murphy scored.",2B LF RBI1,1,_2_,FBBKBFFP,L,L,1,['Josie Crossman'],Home,Away,_2_,1.0,0.0,"['0-0', '0-1', '1-1', '2-1', '2-2', '3-2']",2,Double
655272.xml,3/10/2026,DELAWARE,MARYLAND,Josie Crossman,Zayda Rocke,B2,19,Zayda Rocke reached on a fielder's choice (2-0 BB).,FC,1,12_,BBP,R,L,0,[],Home,Away,_2_,1.0,0.0,"['0-0', '1-0', '2-0']",2,Fielders Choice
655272.xml,3/10/2026,DELAWARE,MARYLAND,Josie Crossman,Caroline Fox,B2,20,Caroline Fox struck out swinging (1-2 SKBS).,KS,1,12_,SKBS,L,L,0,[],Home,Away,12_,2.0,1.0,"['0-0', '0-1', '0-2', '1-2']",2,Strikeout
655272.xml,3/10/2026,DELAWARE,MARYLAND,Josie Crossman,Caitlyn Cornwell,B2,22,Caitlyn Cornwell struck out swinging (2-2 BKSFBS).,KS,2,12_,BKSFBS,L,L,0,[],Home,Away,12_,3.0,1.0,"['0-0', '1-0', '1-1', '1-2', '2-2']",2,Strikeout
655272.xml,3/10/2026,MARYLAND,DELAWARE,Caitlin Olensky,Sydney Shaffer,T3,23,Sydney Shaffer walked (3-1 BBBKB).,BB,0,1__,BBBKB,R,L,0,[],Away,Home,___,0.0,0.0,"['0-0', '1-0', '2-0', '3-0', '3-1']",3,Walk
655272.xml,3/10/2026,MARYLAND,DELAWARE,Caitlin Olensky,Maddie Diamond,T3,24,"Maddie Diamond homered to left field, 2 RBI (0-0); Sydney Shaffer scored.",HR LF RBI2,0,___,P,R,L,2,"['Caitlin Olensky', 'Caitlin Olensky']",Away,Home,1__,0.0,0.0,['0-0'],3,Home Run
655272.xml,3/10/2026,MARYLAND,DELAWARE,Caitlin Olensky,Gianna Costaro,T3,25,Gianna Costaro struck out swinging (2-2 BFFBS).,KS,0,___,BFFBS,R,L,0,[],Away,Home,___,1.0,1.0,"['0-0', '1-0', '1-1', '1-2', '2-2']",3,Strikeout
655272.xml,3/10/2026,MARYLAND,DELAWARE,Caitlin Olensky,Sorella Gallucci,T3,26,Sorella Gallucci struck out swinging (2-2 BFKFBFFS).,KS,1,___,BFKFBFFS,R,L,0,[],Away,Home,___,2.0,1.0,"['0-0', '1-0', '1-1', '1-2', '2-2']",3,Strikeout
655272.xml,3/10/2026,MARYLAND,DELAWARE,Caitlin Olensky,Bridget Chapman,T3,27,Bridget Chapman lined out to lf (1-1 KB).,L7,2,___,KBP,R,L,0,[],Away,Home,___,3.0,1.0,"['0-0', '0-1', '1-1']",3,Out
655272.xml,3/10/2026,DELAWARE,MARYLAND,Josie Crossman,Sammi Woods,B3,28,Sammi Woods tripled to right center (3-2 BBBKK).,3B RC,0,__3,BBBKKP,R,L,0,[],Home,Away,___,0.0,0.0,"['0-0', '1-0', '2-0', '3-0', '3-1', '3-2']",3,Triple
655272.xml,3/10/2026,DELAWARE,MARYLAND,Josie Crossman,Anna McGowan,B3,29,"Anna McGowan reached on a fielder's choice, RBI (0-0); Sammi Woods scored.",FC RBI1,0,1__,P,R,L,1,['Josie Crossman'],Home,Away,__3,0.0,0.0,['0-0'],3,Fielders Choice
655272.xml,3/10/2026,DELAWARE,MARYLAND,Josie Crossman,Mariah Penta,B3,31,Mariah Penta lined into double play 3b to 1b (0-0); Gracelyn Solarz out on the play.,L53 DP,0,___,P,R,L,0,[],Home,Away,1__,2.0,2.0,['0-0'],3,Out
655272.xml,3/10/2026,DELAWARE,MARYLAND,Josie Crossman,Logan Turner,B3,32,Logan Turner singled to right field (1-2 KFBF).,1B 9,2,1__,KFBFP,R,L,0,[],Home,Away,___,2.0,0.0,"['0-0', '0-1', '0-2', '1-2']",3,Single
655272.xml,3/10/2026,DELAWARE,MARYLAND,Josie Crossman,Bailey Murphy,B3,33,Bailey Murphy grounded out to 3b (3-1 BBSB).,53,2,1__,BBSBP,L,L,0,[],Home,Away,1__,3.0,1.0,"['0-0', '1-0', '2-0', '2-1', '3-1']",3,Out
655272.xml,3/10/2026,MARYLAND,DELAWARE,Aubrey Wurst,Jamie Chandler,T4,35,Jamie Chandler lined out to cf (3-2 BFBBF).,L8,0,___,BFBBFP,R,R,0,[],Away,Home,___,1.0,1.0,"['0-0', '1-0', '1-1', '2-1', '3-1', '3-2']",4,Out
655272.xml,3/10/2026,MARYLAND,DELAWARE,Aubrey Wurst,Gracie Jacobs,T4,36,Gracie Jacobs flied out to cf (3-2 BKBBK).,F8,1,___,BKBBKP,L,R,0,[],Away,Home,___,2.0,1.0,"['0-0', '1-0', '1-1', '2-1', '3-1', '3-2']",4,Out
655272.xml,3/10/2026,MARYLAND,DELAWARE,Aubrey Wurst,Grace Hausamann,T4,37,Grace Hausamann grounded out to ss (3-2 BBSKBFFFF).,63,2,___,BBSKBFFFFP,L,R,0,[],Away,Home,___,3.0,1.0,"['0-0', '1-0', '2-0', '2-1', '2-2', '3-2']",4,Out
655272.xml,3/10/2026,DELAWARE,MARYLAND,Josie Crossman,Matti Benson,B4,39,Matti Benson walked (3-2 BSBFBB).,BB,0,1__,BSBFBB,L,L,0,[],Home,Away,___,0.0,0.0,"['0-0', '1-0', '1-1', '2-1', '2-2', '3-2']",4,Walk
655272.xml,3/10/2026,DELAWARE,MARYLAND,Josie Crossman,Zayda Rocke,B4,40,Zayda Rocke singled to shortstop (1-0 B); Matti Benson advanced to second.,1B 6,0,12_,BP,R,L,0,[],Home,Away,1__,0.0,0.0,"['0-0', '1-0']",4,Single
655272.xml,3/10/2026,DELAWARE,MARYLAND,Josie Crossman,Caroline Fox,B4,42,Caroline Fox struck out swinging (1-2 FFBS).,KS,0,12_,FFBS,L,L,0,[],Home,Away,12_,1.0,1.0,"['0-0', '0-1', '0-2', '1-2']",4,Strikeout
655272.xml,3/10/2026,DELAWARE,MARYLAND,Josie Crossman,Caitlyn Cornwell,B4,43,Caitlyn Cornwell struck out swinging (2-2 BBFFFFFS).,KS,1,12_,BBFFFFFS,L,L,0,[],Home,Away,12_,2.0,1.0,"['0-0', '1-0', '2-0', '2-1', '2-2']",4,Strikeout
655272.xml,3/10/2026,DELAWARE,MARYLAND,Josie Crossman,Sammi Woods,B4,44,"Sammi Woods doubled to left center, 2 RBI (2-0 BB); Jaylee Williams scored; Matti Benson scored.",2B LC RBI2,2,_2_,BBP,R,L,2,"['Josie Crossman', 'Josie Crossman']",Home,Away,12_,2.0,0.0,"['0-0', '1-0', '2-0']",4,Double
655272.xml,3/10/2026,DELAWARE,MARYLAND,Josie Crossman,Anna McGowan,B4,45,Anna McGowan flied out to 2b (3-2 KBBBF).,F4,2,_2_,KBBBFP,R,L,0,[],Home,Away,_2_,3.0,1.0,"['0-0', '0-1', '1-1', '2-1', '3-1', '3-2']",4,Out
655272.xml,3/10/2026,MARYLAND,DELAWARE,Aubrey Wurst,Katie Scheivert,T5,47,"Katie Scheivert grounded out to p, bunt (0-1 K).",13 BU,0,___,KP,R,R,0,[],Away,Home,___,1.0,1.0,"['0-0', '0-1']",5,Out
655272.xml,3/10/2026,MARYLAND,DELAWARE,Aubrey Wurst,Sydney Shaffer,T5,48,Sydney Shaffer walked (3-1 KBBBB).,BB,1,1__,KBBBB,R,R,0,[],Away,Home,___,1.0,0.0,"['0-0', '0-1', '1-1', '2-1', '3-1']",5,Walk
655272.xml,3/10/2026,MARYLAND,DELAWARE,Aubrey Wurst,Maddie Diamond,T5,49,Maddie Diamond walked (3-2 BBBFFB); Sydney Shaffer advanced to second.,BB,1,12_,BBBFFB,R,R,0,[],Away,Home,1__,1.0,0.0,"['0-0', '1-0', '2-0', '3-0', '3-1', '3-2']",5,Walk
655272.xml,3/10/2026,MARYLAND,DELAWARE,Aubrey Wurst,Gianna Costaro,T5,50,Gianna Costaro flied out to ss (1-0 B).,F6,1,12_,BP,R,R,0,[],Away,Home,12_,2.0,1.0,"['0-0', '1-0']",5,Out
655272.xml,3/10/2026,MARYLAND,DELAWARE,Aubrey Wurst,Sorella Gallucci,T5,51,Sorella Gallucci flied out to lf (2-2 FKBFB).,F7,2,12_,FKBFBP,R,R,0,[],Away,Home,12_,3.0,1.0,"['0-0', '0-1', '0-2', '1-2', '2-2']",5,Out
655272.xml,3/10/2026,DELAWARE,MARYLAND,"Challburg,Karli",Mariah Penta,B5,53,Mariah Penta hit by pitch (1-0 H).,HP,0,1__,H,R,R,0,[],Home,Away,___,0.0,0.0,['0-0'],5,Hit By Pitch
655272.xml,3/10/2026,DELAWARE,MARYLAND,"Challburg,Karli",Logan Turner,B5,55,Logan Turner hit by pitch (1-0 H); Lauren Caye advanced to second.,HP,0,12_,H,R,R,0,[],Home,Away,1__,0.0,0.0,['0-0'],5,Hit By Pitch
655272.xml,3/10/2026,DELAWARE,MARYLAND,Claire Woods,Bailey Murphy,B5,57,Bailey Murphy grounded out to 3b (1-0 B); Logan Turner advanced to second; Lauren Caye advanced to third.,53,0,_23,BP,L,R,0,[],Home,Away,12_,1.0,1.0,"['0-0', '1-0']",5,Out
655272.xml,3/10/2026,DELAWARE,MARYLAND,Claire Woods,Matti Benson,B5,58,Matti Benson walked (3-0 BBBB).,BB,1,123,BBBB,L,R,0,[],Home,Away,_23,1.0,0.0,"['0-0', '1-0', '2-0', '3-0']",5,Walk
655272.xml,3/10/2026,DELAWARE,MARYLAND,Claire Woods,Zayda Rocke,B5,59,"Zayda Rocke singled to left center, 2 RBI (0-0); Matti Benson advanced to third; Logan Turner scored; Lauren Caye scored.",1B LC RBI2,1,1_3,P,R,R,2,"['Karli Challburg', 'Karli Challburg']",Home,Away,123,1.0,0.0,['0-0'],5,Single
655272.xml,3/10/2026,DELAWARE,MARYLAND,Claire Woods,Caroline Fox,B5,60,"Caroline Fox singled, bunt, RBI (1-1 KB); Zayda Rocke advanced to second; Matti Benson scored.",1B BU RBI1,1,12_,KBP,L,R,1,['Claire Woods'],Home,Away,1_3,1.0,0.0,"['0-0', '0-1', '1-1']",5,Single
655272.xml,3/10/2026,DELAWARE,MARYLAND,Claire Woods,Elisea Wiegand,B5,62,Elisea Wiegand popped up to 1b (3-2 BSBBKF).,P3,1,12_,BSBBKFP,R,R,0,[],Home,Away,12_,2.0,1.0,"['0-0', '1-0', '1-1', '2-1', '3-1', '3-2']",5,Out
655272.xml,3/10/2026,DELAWARE,MARYLAND,Claire Woods,Sammi Woods,B5,64,Sammi Woods grounded out to ss (1-0 B).,63,2,12_,BP,R,R,0,[],Home,Away,12_,3.0,1.0,"['0-0', '1-0']",5,Out
655272.xml,3/10/2026,MARYLAND,DELAWARE,Aubrey Wurst,Bridget Chapman,T6,67,Bridget Chapman struck out looking (2-2 SBFBK).,KL,0,___,SBFBK,R,R,0,[],Away,Home,___,1.0,1.0,"['0-0', '0-1', '1-1', '1-2', '2-2']",6,Strikeout
655272.xml,3/10/2026,MARYLAND,DELAWARE,Aubrey Wurst,Jamie Chandler,T6,68,Jamie Chandler flied out to rf (2-1 BFB).,F9,1,___,BFBP,R,R,0,[],Away,Home,___,2.0,1.0,"['0-0', '1-0', '1-1', '2-1']",6,Out
655272.xml,3/10/2026,MARYLAND,DELAWARE,Aubrey Wurst,Ryleigh Thomas,T6,70,Ryleigh Thomas grounded out to ss (2-1 BKB).,63,2,___,BKBP,R,R,0,[],Away,Home,___,3.0,1.0,"['0-0', '1-0', '1-1', '2-1']",6,Out
655272.xml,3/10/2026,DELAWARE,MARYLAND,Claire Woods,Anna McGowan,B6,73,"Anna McGowan reached first on a throwing error by 3b, advanced to second (1-0 B).",E5T +,0,_2_,BP,R,R,0,[],Home,Away,___,0.0,0.0,"['0-0', '1-0']",6,Reached on Error
655272.xml,3/10/2026,DELAWARE,MARYLAND,Claire Woods,Mariah Penta,B6,74,Mariah Penta walked (3-1 BFBBB).,BB,0,12_,BFBBB,R,R,0,[],Home,Away,_2_,0.0,0.0,"['0-0', '1-0', '1-1', '2-1', '3-1']",6,Walk
655272.xml,3/10/2026,DELAWARE,MARYLAND,Kylie Wilkerson,Logan Turner,B6,76,"Logan Turner reached on a fielder's choice, bunt (0-0); Mariah Penta advanced to second; Anna McGowan out at third 3b to ss.",FC BU,0,12_,P,R,R,0,[],Home,Away,12_,1.0,1.0,['0-0'],6,Fielders Choice
655272.xml,3/10/2026,DELAWARE,MARYLAND,Kylie Wilkerson,Bailey Murphy,B6,77,Bailey Murphy flied out to cf (2-2 KBFFB).,F8,1,12_,KBFFBP,L,R,0,[],Home,Away,12_,2.0,1.0,"['0-0', '0-1', '1-1', '1-2', '2-2']",6,Out
655272.xml,3/10/2026,DELAWARE,MARYLAND,Kylie Wilkerson,Matti Benson,B6,78,Matti Benson struck out swinging (2-2 BKFFBS).,KS,2,12_,BKFFBS,L,R,0,[],Home,Away,12_,3.0,1.0,"['0-0', '1-0', '1-1', '1-2', '2-2']",6,Strikeout
655272.xml,3/10/2026,MARYLAND,DELAWARE,Aubrey Wurst,Caylin Blazys,T7,80,Caylin Blazys struck out looking (3-2 FBBSBFK).,KL,0,___,FBBSBFK,R,R,0,[],Away,Home,___,1.0,1.0,"['0-0', '0-1', '1-1', '2-1', '2-2', '3-2']",7,Strikeout
655272.xml,3/10/2026,MARYLAND,DELAWARE,Aubrey Wurst,Katie Scheivert,T7,81,Katie Scheivert walked (3-0 BBBB).,BB,1,1__,BBBB,R,R,0,[],Away,Home,___,1.0,0.0,"['0-0', '1-0', '2-0', '3-0']",7,Walk
655272.xml,3/10/2026,MARYLAND,DELAWARE,Aubrey Wurst,Sydney Shaffer,T7,82,Sydney Shaffer struck out swinging (1-2 KKBS).,KS,1,1__,KKBS,R,R,0,[],Away,Home,1__,2.0,1.0,"['0-0', '0-1', '0-2', '1-2']",7,Strikeout
655272.xml,3/10/2026,MARYLAND,DELAWARE,Aubrey Wurst,Maddie Diamond,T7,87,Maddie Diamond walked (3-2 BBKFFBFFFB); Katie Scheivert advanced to second.,BB,2,12_,BBKFFBFFFB,R,R,0,[],Away,Home,1__,2.0,0.0,"['0-0', '1-0', '2-0', '2-1', '2-2', '3-2']",7,Walk
655272.xml,3/10/2026,MARYLAND,DELAWARE,Aubrey Wurst,Gianna Costaro,T7,88,Gianna Costaro flied out to ss (3-2 FKBBBF).,F6,2,12_,FKBBBFP,R,R,0,[],Away,Home,12_,3.0,1.0,"['0-0', '0-1', '0-2', '1-2', '2-2', '3-2']",7,Out
642115.xml,03/13/2026,WASH,MARYLAND,"Ramuno,Sophia","Woods,Sammi",T1,3,"Woods,Sammi flied out to right center putout by rf (1-0 B).",F9,0,___,BP,R,R,0,[],Away,Home,___,1.0,1.0,"['0-0', '1-0']",1,Out
642115.xml,03/13/2026,WASH,MARYLAND,"Ramuno,Sophia","Murphy,Bailey",T1,4,"Murphy,Bailey walked (3-2 KFFFBBBB).",BB,1,1__,KFFFBBBB,L,R,0,[],Away,Home,___,1.0,0.0,"['0-0', '0-1', '0-2', '1-2', '2-2', '3-2']",1,Walk
642115.xml,03/13/2026,WASH,MARYLAND,"Ramuno,Sophia","Penta,Mariah",T1,5,"Penta,Mariah popped up to first base (1-2 BFS).",P3,1,___,BFSP,R,R,0,[],Away,Home,1__,2.0,1.0,"['0-0', '1-0', '1-1', '1-2']",1,Out
642115.xml,03/13/2026,WASH,MARYLAND,"Ramuno,Sophia","McGowan,Anna",T1,6,"McGowan,Anna doubled to right field, RBI (1-1 BK); Murphy,Bailey scored from first base.",2B,2,_2_,BKP,R,R,1,"['Ramuno,Sophia']",Away,Home,___,2.0,0.0,"['0-0', '1-0', '1-1']",1,Double
642115.xml,03/13/2026,WASH,MARYLAND,"Ramuno,Sophia","Turner,Logan",T1,7,"Turner,Logan struck out swinging (2-2 KKBFBS).",K,2,___,KKBFBS,R,R,0,[],Away,Home,_2_,3.0,1.0,"['0-0', '0-1', '0-2', '1-2', '2-2']",1,Strikeout
642115.xml,03/13/2026,MARYLAND,WASH,"Wurst,Aubrey","Burdick,Kaycie",B1,8,"Burdick,Kaycie walked (3-0 BBBB).",BB,0,1__,BBBB,L,R,0,[],Home,Away,___,0.0,0.0,"['0-0', '1-0', '2-0', '3-0']",1,Walk
642115.xml,03/13/2026,MARYLAND,WASH,"Wurst,Aubrey","DeBoer,Alexis",B1,9,"Burdick,Kaycie advanced to second base on a passed ball.",,0,___,N/A,N/A,N/A,0,[],Home,Away,1__,0.0,0.0,['Unknown'],1,N/A
642115.xml,03/13/2026,MARYLAND,WASH,"Wurst,Aubrey","DeBoer,Alexis",B1,10,"Burdick,Kaycie out caught stealing at third base, c to 3b.",,0,___,N/A,N/A,N/A,0,[],Home,Away,___,1.0,1.0,['Unknown'],1,N/A
642115.xml,03/13/2026,MARYLAND,WASH,"Wurst,Aubrey","DeBoer,Alexis",B1,11,"DeBoer,Alexis struck out swinging (3-2 KBFBBS).",K,1,___,KBFBBS,R,R,0,[],Home,Away,___,2.0,1.0,"['0-0', '0-1', '1-1', '1-2', '2-2', '3-2']",1,Strikeout
642115.xml,03/13/2026,MARYLAND,WASH,"Wurst,Aubrey","Alvarez,Giselle",B1,12,"Alvarez,Giselle walked (3-1 BSBBB).",BB,2,1__,BSBBB,L,R,0,[],Home,Away,___,2.0,0.0,"['0-0', '1-0', '1-1', '2-1', '3-1']",1,Walk
642115.xml,03/13/2026,MARYLAND,WASH,"Wurst,Aubrey","Glab,Jadyn",B1,13,"Glab,Jadyn walked (3-1 BBKBB); Alvarez,Giselle advanced to second base.",BB,2,1__,BBKBB,R,R,0,[],Home,Away,1__,2.0,0.0,"['0-0', '1-0', '2-0', '2-1', '3-1']",1,Walk
642115.xml,03/13/2026,MARYLAND,WASH,"Wurst,Aubrey","Hetzel,Ally",B1,14,"Hetzel,Ally walked (3-2 BKBSFBB); Alvarez,Giselle advanced to third base; Glab,Jadyn advanced to second base.",BB,2,1__,BKBSFBB,R,R,0,[],Home,Away,1__,2.0,0.0,"['0-0', '1-0', '1-1', '2-1', '2-2', '3-2']",1,Walk
642115.xml,03/13/2026,MARYLAND,WASH,"Wurst,Aubrey","Carroll,Ava",B1,15,"Carroll,Ava grounded out to first base, unassisted (2-2 BKFB).",G3,2,___,BKFBP,L,R,0,[],Home,Away,1__,3.0,1.0,"['0-0', '1-0', '1-1', '1-2', '2-2']",1,Out
642115.xml,03/13/2026,WASH,MARYLAND,"Ramuno,Sophia",Matti Benson,T2,16,"Benson,Matti fouled out in third base side foul territory putout by lf (1-1 KB).",FF7,0,___,KBP,L,R,0,[],Away,Home,___,1.0,1.0,"['0-0', '0-1', '1-1']",2,Out
642115.xml,03/13/2026,WASH,MARYLAND,"Ramuno,Sophia","Fox,Caroline",T2,17,"Fox,Caroline popped up to second base (0-1 K).",P4,1,___,KP,L,R,0,[],Away,Home,___,2.0,1.0,"['0-0', '0-1']",2,Out
642115.xml,03/13/2026,WASH,MARYLAND,"Ramuno,Sophia",Zayda Rocke,T2,18,"Rocke,Zayda reached on a fielding error fielding by p by Ramuno,Sophia (E1) (1-0 B).",E1,2,1__,BP,R,R,0,[],Away,Home,___,2.0,0.0,"['0-0', '1-0']",2,Reached on Error
642115.xml,03/13/2026,WASH,MARYLAND,"Ramuno,Sophia","Cornwell,Caitlyn",T2,19,"Cornwell,Caitlyn walked (3-2 BFFBBFFB); Rocke,Zayda advanced to second base.",BB,2,1__,BFFBBFFB,L,R,0,[],Away,Home,1__,2.0,0.0,"['0-0', '1-0', '1-1', '1-2', '2-2', '3-2']",2,Walk
642115.xml,03/13/2026,WASH,MARYLAND,"Ramuno,Sophia","Woods,Sammi",T2,21,"Woods,Sammi popped up to shallow left field putout by ss (1-1 KB).",P6,2,___,KBP,R,R,0,[],Away,Home,1__,3.0,1.0,"['0-0', '0-1', '1-1']",2,Out
642115.xml,03/13/2026,MARYLAND,WASH,"Wurst,Aubrey","Acevedo,Melody",B2,23,"Acevedo,Melody doubled to left center (0-0).",2B,0,_2_,P,R,R,0,[],Home,Away,___,0.0,0.0,['0-0'],2,Double
642115.xml,03/13/2026,MARYLAND,WASH,"Wurst,Aubrey","Mazzola,Sophi",B2,24,"Mazzola,Sophi doubled, bunt (0-0); Acevedo,Melody advanced to third base.",2B,0,_2_,P,L,R,0,[],Home,Away,_2_,0.0,0.0,['0-0'],2,Double
642115.xml,03/13/2026,MARYLAND,WASH,"Wurst,Aubrey","Teasley,Marley",B2,25,"Teasley,Marley flied out to lf (0-0).",F7,0,___,P,R,R,0,[],Home,Away,_2_,1.0,1.0,['0-0'],2,Out
642115.xml,03/13/2026,MARYLAND,WASH,"Wurst,Aubrey","Burdick,Kaycie",B2,26,"Burdick,Kaycie struck out swinging (3-2 BBKKFFBS).",K,1,___,BBKKFFBS,L,R,0,[],Home,Away,___,2.0,1.0,"['0-0', '1-0', '2-0', '2-1', '2-2', '3-2']",2,Strikeout
642115.xml,03/13/2026,MARYLAND,WASH,"Wurst,Aubrey","DeBoer,Alexis",B2,27,"DeBoer,Alexis singled down the right field line, 2RBI (0-0); Acevedo,Melody scored; Mazzola,Sophi scored from second base.",1B,2,1__,P,R,R,2,"['Wurst,Aubrey', 'Wurst,Aubrey']",Home,Away,___,2.0,0.0,['0-0'],2,Single
642115.xml,03/13/2026,MARYLAND,WASH,"Wurst,Aubrey","Alvarez,Giselle",B2,28,"Alvarez,Giselle homered to deep center field, 2RBI (2-2 FBFFB); DeBoer,Alexis scored from first base.",HR,2,___,FBFFBP,L,R,2,"['Wurst,Aubrey', 'Wurst,Aubrey']",Home,Away,1__,2.0,0.0,"['0-0', '0-1', '1-1', '1-2', '2-2']",2,Home Run
642115.xml,03/13/2026,MARYLAND,WASH,"Wurst,Aubrey","Glab,Jadyn",B2,29,"Glab,Jadyn walked (3-2 BBKSBFB).",BB,2,1__,BBKSBFB,R,R,0,[],Home,Away,___,2.0,0.0,"['0-0', '1-0', '2-0', '2-1', '2-2', '3-2']",2,Walk
642115.xml,03/13/2026,MARYLAND,WASH,"Wurst,Aubrey","Hetzel,Ally",B2,30,"Hetzel,Ally singled to shallow center field (2-2 BBFK); Glab,Jadyn advanced to second base.",1B,2,1__,BBFKP,R,R,0,[],Home,Away,1__,2.0,0.0,"['0-0', '1-0', '2-0', '2-1', '2-2']",2,Single
642115.xml,03/13/2026,MARYLAND,WASH,Keira Bucher,"Burdick,Kaycie",B2,32,"Hetzel,Ally advanced to second base on a wild pitch; Glab,Jadyn advanced to third base on a wild pitch.",,2,___,N/A,N/A,N/A,0,[],Home,Away,1__,2.0,0.0,['Unknown'],2,N/A
642115.xml,03/13/2026,MARYLAND,WASH,Keira Bucher,"Carroll,Ava",B2,33,"Carroll,Ava flied out to lf (2-2 KBBF).",F7,2,___,KBBFP,L,R,0,[],Home,Away,___,3.0,1.0,"['0-0', '0-1', '1-1', '2-1', '2-2']",2,Out
642115.xml,03/13/2026,WASH,MARYLAND,"Ramuno,Sophia","Murphy,Bailey",T3,34,"Murphy,Bailey flied out to left center putout by lf (1-1 KB).",F7,0,___,KBP,L,R,0,[],Away,Home,___,1.0,1.0,"['0-0', '0-1', '1-1']",3,Out
642115.xml,03/13/2026,WASH,MARYLAND,"Ramuno,Sophia","Penta,Mariah",T3,35,"Penta,Mariah homered to deep center field, RBI (1-2 FSFB).",HR,1,___,FSFBP,R,R,1,"['Ramuno,Sophia']",Away,Home,___,1.0,0.0,"['0-0', '0-1', '0-2', '1-2']",3,Home Run
642115.xml,03/13/2026,WASH,MARYLAND,"Ramuno,Sophia","McGowan,Anna",T3,36,"McGowan,Anna grounded out to third base, 3b to 1b (2-2 BKSBF).",G53,1,___,BKSBFP,R,R,0,[],Away,Home,___,2.0,1.0,"['0-0', '1-0', '1-1', '1-2', '2-2']",3,Out
642115.xml,03/13/2026,WASH,MARYLAND,"Ramuno,Sophia","Turner,Logan",T3,37,"Turner,Logan grounded out to third base, 3b to 1b (1-2 KFB).",G53,2,___,KFBP,R,R,0,[],Away,Home,___,3.0,1.0,"['0-0', '0-1', '0-2', '1-2']",3,Out
642115.xml,03/13/2026,MARYLAND,WASH,Keira Bucher,"Acevedo,Melody",B3,38,"Acevedo,Melody grounded out to third base, 3b to 1b (3-1 BBBK).",G53,0,___,BBBKP,R,R,0,[],Home,Away,___,1.0,1.0,"['0-0', '1-0', '2-0', '3-0', '3-1']",3,Out
642115.xml,03/13/2026,MARYLAND,WASH,Keira Bucher,"Mazzola,Sophi",B3,39,"Mazzola,Sophi grounded out to second base, 2b to 1b (0-0).",G43,1,___,P,L,R,0,[],Home,Away,___,2.0,1.0,['0-0'],3,Out
642115.xml,03/13/2026,MARYLAND,WASH,Keira Bucher,"Teasley,Marley",B3,40,"Teasley,Marley hit by pitch (1-0 BB).",HBP,2,1__,BB,R,R,0,[],Home,Away,___,2.0,0.0,"['0-0', '1-0']",3,Out
642115.xml,03/13/2026,MARYLAND,WASH,Keira Bucher,"Burdick,Kaycie",B3,41,"Burdick,Kaycie singled through the left side of the infield (1-2 KFBF); Teasley,Marley advanced to second base.",1B,2,1__,KFBFP,L,R,0,[],Home,Away,1__,2.0,0.0,"['0-0', '0-1', '0-2', '1-2']",3,Single
642115.xml,03/13/2026,MARYLAND,WASH,Keira Bucher,"DeBoer,Alexis",B3,42,"Teasley,Marley out at second base, ss unassisted, runner left early.",,2,___,N/A,N/A,N/A,0,[],Home,Away,1__,3.0,1.0,['Unknown'],3,N/A
642115.xml,03/13/2026,WASH,MARYLAND,"Ramuno,Sophia",Matti Benson,T4,43,"Benson,Matti flied out to ss (0-0).",F6,0,___,P,L,R,0,[],Away,Home,___,1.0,1.0,['0-0'],4,Out
642115.xml,03/13/2026,WASH,MARYLAND,"Ramuno,Sophia","Fox,Caroline",T4,44,"Fox,Caroline grounded out, 3b to 1b (0-0).",G53,1,___,P,L,R,0,[],Away,Home,___,2.0,1.0,['0-0'],4,Out
642115.xml,03/13/2026,WASH,MARYLAND,"Ramuno,Sophia",Zayda Rocke,T4,45,"Rocke,Zayda hit by pitch (0-0 B).",HBP,2,1__,B,R,R,0,[],Away,Home,___,2.0,0.0,['0-0'],4,Out
642115.xml,03/13/2026,WASH,MARYLAND,"Ramuno,Sophia","Cornwell,Caitlyn",T4,46,"Cornwell,Caitlyn struck out swinging (1-2 SFBFS).",K,2,___,SFBFS,L,R,0,[],Away,Home,1__,3.0,1.0,"['0-0', '0-1', '0-2', '1-2']",4,Strikeout
642115.xml,03/13/2026,MARYLAND,WASH,Keira Bucher,"DeBoer,Alexis",B4,47,"DeBoer,Alexis walked (3-0 BBBB).",BB,0,1__,BBBB,R,R,0,[],Home,Away,___,0.0,0.0,"['0-0', '1-0', '2-0', '3-0']",4,Walk
642115.xml,03/13/2026,MARYLAND,WASH,Keira Bucher,"Alvarez,Giselle",B4,49,"Alvarez,Giselle grounded out, p to 1b (1-0 B); Gardner,Jing advanced to second base.",G13,0,___,BP,L,R,0,[],Home,Away,1__,1.0,1.0,"['0-0', '1-0']",4,Out
642115.xml,03/13/2026,MARYLAND,WASH,Keira Bucher,"Glab,Jadyn",B4,50,"Glab,Jadyn doubled to left field, RBI (0-0); Gardner,Jing scored from second base.",2B,1,_2_,P,R,R,1,"['Bucher,Keira']",Home,Away,___,1.0,0.0,['0-0'],4,Double
642115.xml,03/13/2026,MARYLAND,WASH,Keira Bucher,"Hetzel,Ally",B4,51,"Glab,Jadyn advanced to third base on a throwing error by Benson,Matti (E5).",,1,___,N/A,N/A,N/A,0,[],Home,Away,_2_,1.0,0.0,['Unknown'],4,N/A
642115.xml,03/13/2026,MARYLAND,WASH,Keira Bucher,"Hetzel,Ally",B4,52,"Hetzel,Ally reached on a fielder's choice, RBI (1-2 KBK); Glab,Jadyn scored.",FC,1,1__,KBKP,R,R,1,"['Bucher,Keira']",Home,Away,___,1.0,0.0,"['0-0', '0-1', '1-1', '1-2']",4,Fielders Choice
642115.xml,03/13/2026,MARYLAND,WASH,Keira Bucher,"Carroll,Ava",B4,54,"Carroll,Ava walked (3-0 BBBB); Reddy,Mila advanced to second base.",BB,1,1__,BBBB,L,R,0,[],Home,Away,1__,1.0,0.0,"['0-0', '1-0', '2-0', '3-0']",4,Walk
642115.xml,03/13/2026,MARYLAND,WASH,Keira Bucher,"Acevedo,Melody",B4,55,"Acevedo,Melody reached on a fielder's choice hit up the middle (1-1 FB); Reddy,Mila advanced to third base; Carroll,Ava advanced to second base.",FC,1,1__,FBP,R,R,0,[],Home,Away,1__,1.0,0.0,"['0-0', '0-1', '1-1']",4,Fielders Choice
642115.xml,03/13/2026,MARYLAND,WASH,Keira Bucher,"Mazzola,Sophi",B4,56,"Mazzola,Sophi reached on a fielder's choice hit to the pitcher's mound (2-1 BBS); Reddy,Mila out at home, p to c; Carroll,Ava advanced from second base, scored on play and an error by Rocke,Zayda (E2), unearned; Acevedo,Melody advanced from first base to third base; Mazzola,Sophi advanced to second base.",FC,1,1__,BBSP,L,R,1,"['Bucher,Keira']",Home,Away,1__,2.0,1.0,"['0-0', '1-0', '2-0', '2-1']",4,Fielders Choice
642115.xml,03/13/2026,MARYLAND,WASH,Keira Bucher,"Toney,Gabi",B4,58,"Toney,Gabi tripled to deep center field, 2RBI (3-2 BKBFBF); Acevedo,Melody scored, unearned; Mazzola,Sophi scored from second base, unearned.",3B,2,1_3,BKBFBFP,R,R,2,"['Bucher,Keira', 'Bucher,Keira']",Home,Away,1__,2.0,0.0,"['0-0', '1-0', '1-1', '2-1', '2-2', '3-2']",4,Triple
642115.xml,03/13/2026,MARYLAND,WASH,Keira Bucher,"Burdick,Kaycie",B4,59,"Burdick,Kaycie popped up to cf putout by 2b (0-1 K).",P4,2,1__,KP,L,R,0,[],Home,Away,1_3,3.0,1.0,"['0-0', '0-1']",4,Out
642115.xml,03/13/2026,WASH,MARYLAND,"Rehbein,Rylee","Woods,Sammi",T5,64,"Woods,Sammi singled, bunt (2-1 BBK).",1B,0,1__,BBKP,R,R,0,[],Away,Home,___,0.0,0.0,"['0-0', '1-0', '2-0', '2-1']",5,Single
642115.xml,03/13/2026,WASH,MARYLAND,"Rehbein,Rylee","Murphy,Bailey",T5,65,"Woods,Sammi advanced to second base on a wild pitch.",,0,___,N/A,N/A,N/A,0,[],Away,Home,1__,0.0,0.0,['Unknown'],5,N/A
642115.xml,03/13/2026,WASH,MARYLAND,"Rehbein,Rylee","Murphy,Bailey",T5,66,"Murphy,Bailey grounded out, 2b to 1b (2-2 BBKFF); Woods,Sammi advanced to third base.",G43,0,___,BBKFFP,L,R,0,[],Away,Home,___,1.0,1.0,"['0-0', '1-0', '2-0', '2-1', '2-2']",5,Out
642115.xml,03/13/2026,WASH,MARYLAND,"Rehbein,Rylee","Penta,Mariah",T5,67,"Penta,Mariah flied out to lf (1-0 B).",F7,1,___,BP,R,R,0,[],Away,Home,___,2.0,1.0,"['0-0', '1-0']",5,Out
642115.xml,03/13/2026,WASH,MARYLAND,"Rehbein,Rylee","McGowan,Anna",T5,68,"McGowan,Anna walked (3-1 KBBBB).",BB,2,1__,KBBBB,R,R,0,[],Away,Home,___,2.0,0.0,"['0-0', '0-1', '1-1', '2-1', '3-1']",5,Walk
642115.xml,03/13/2026,WASH,MARYLAND,"Rehbein,Rylee","Turner,Logan",T5,69,"Turner,Logan lined out to rf (1-1 BF).",L9,2,___,BFP,R,R,0,[],Away,Home,1__,3.0,1.0,"['0-0', '1-0', '1-1']",5,Out
642115.xml,03/13/2026,MARYLAND,WASH,Keira Bucher,"DeBoer,Alexis",B5,70,"DeBoer,Alexis hit by pitch (0-0 B).",HBP,0,1__,B,R,R,0,[],Home,Away,___,0.0,0.0,['0-0'],5,Out
642115.xml,03/13/2026,MARYLAND,WASH,Keira Bucher,"Alvarez,Giselle",B5,71,"Alvarez,Giselle singled through the left side of the infield (2-1 BFB); DeBoer,Alexis advanced to second base.",1B,0,1__,BFBP,L,R,0,[],Home,Away,1__,0.0,0.0,"['0-0', '1-0', '1-1', '2-1']",5,Single
642115.xml,03/13/2026,MARYLAND,WASH,Keira Bucher,"Glab,Jadyn",B5,72,"Glab,Jadyn homered to deep left field, 3RBI (0-1 F); DeBoer,Alexis scored from second base; Alvarez,Giselle scored from first base.",HR,0,___,FP,R,R,3,"['Bucher,Keira', 'Bucher,Keira', 'Bucher,Keira']",Home,Away,1__,0.0,0.0,"['0-0', '0-1']",5,Home Run
642116.xml,03/14/2026,WASH,MARYLAND,"Reimer,Morgan","Woods,Sammi",T1,5,"Woods,Sammi lined out to ss (2-2 KBFB).",L6,0,___,KBFBP,R,R,0,[],Away,Home,___,1.0,1.0,"['0-0', '0-1', '1-1', '1-2', '2-2']",1,Out
642116.xml,03/14/2026,WASH,MARYLAND,"Reimer,Morgan","Murphy,Bailey",T1,6,"Murphy,Bailey singled (3-1 BKBB).",1B,1,1__,BKBBP,L,R,0,[],Away,Home,___,1.0,0.0,"['0-0', '1-0', '1-1', '2-1', '3-1']",1,Single
642116.xml,03/14/2026,WASH,MARYLAND,"Reimer,Morgan","Penta,Mariah",T1,7,"Penta,Mariah grounded out, 2b to 1b (0-1 F); Murphy,Bailey advanced to second base.",G43,1,___,FP,R,R,0,[],Away,Home,1__,2.0,1.0,"['0-0', '0-1']",1,Out
642116.xml,03/14/2026,WASH,MARYLAND,"Reimer,Morgan","McGowan,Anna",T1,8,"McGowan,Anna grounded out, 2b to 1b (2-2 BFKBF).",G43,2,___,BFKBFP,R,R,0,[],Away,Home,___,3.0,1.0,"['0-0', '1-0', '1-1', '1-2', '2-2']",1,Out
642116.xml,03/14/2026,MARYLAND,WASH,"Olensky,Caitlin","Glab,Jadyn",B1,9,"Glab,Jadyn singled up the middle (1-0 B).",1B,0,1__,BP,R,L,0,[],Home,Away,___,0.0,0.0,"['0-0', '1-0']",1,Single
642116.xml,03/14/2026,MARYLAND,WASH,"Olensky,Caitlin","Burdick,Kaycie",B1,10,"Burdick,Kaycie singled in the infield, bunt (1-0 B); Glab,Jadyn advanced to second base.",1B,0,1__,BP,L,L,0,[],Home,Away,1__,0.0,0.0,"['0-0', '1-0']",1,Single
642116.xml,03/14/2026,MARYLAND,WASH,"Olensky,Caitlin","DeBoer,Alexis",B1,11,"DeBoer,Alexis struck out looking (3-2 BKBFBK).",K,0,___,BKBFBK,R,L,0,[],Home,Away,1__,1.0,1.0,"['0-0', '1-0', '1-1', '2-1', '2-2', '3-2']",1,Strikeout
642116.xml,03/14/2026,MARYLAND,WASH,"Olensky,Caitlin","Alvarez,Giselle",B1,12,"Alvarez,Giselle flied out to cf (3-1 FBBB); Glab,Jadyn advanced to third base.",F8,1,___,FBBBP,L,L,0,[],Home,Away,___,2.0,1.0,"['0-0', '0-1', '1-1', '2-1', '3-1']",1,Out
642116.xml,03/14/2026,MARYLAND,WASH,"Olensky,Caitlin","Hetzel,Ally",B1,13,"Hetzel,Ally flied out to rf (2-1 BBK).",F9,2,___,BBKP,R,L,0,[],Home,Away,___,3.0,1.0,"['0-0', '1-0', '2-0', '2-1']",1,Out
642116.xml,03/14/2026,WASH,MARYLAND,"Reimer,Morgan","Turner,Logan",T2,14,"Turner,Logan grounded out, ss to 1b (0-0).",G63,0,___,P,R,R,0,[],Away,Home,___,1.0,1.0,['0-0'],2,Out
642116.xml,03/14/2026,WASH,MARYLAND,"Reimer,Morgan",Matti Benson,T2,15,"Benson,Matti grounded out, p to 1b (2-1 BFB).",G13,1,___,BFBP,L,R,0,[],Away,Home,___,2.0,1.0,"['0-0', '1-0', '1-1', '2-1']",2,Out
642116.xml,03/14/2026,WASH,MARYLAND,"Reimer,Morgan","Fox,Caroline",T2,16,"Fox,Caroline grounded out, ss to 1b (2-2 FFBB).",G63,2,___,FFBBP,L,R,0,[],Away,Home,___,3.0,1.0,"['0-0', '0-1', '0-2', '1-2', '2-2']",2,Out
642116.xml,03/14/2026,MARYLAND,WASH,"Olensky,Caitlin","Carroll,Ava",B2,17,"Carroll,Ava singled in front of the plate, bunt (0-0).",1B,0,1__,P,L,L,0,[],Home,Away,___,0.0,0.0,['0-0'],2,Single
642116.xml,03/14/2026,MARYLAND,WASH,"Olensky,Caitlin","Acevedo,Melody",B2,18,"Acevedo,Melody sacrifice bunt, 1b to 2b (2-1 SBB); Carroll,Ava advanced to second base.",SH34,0,___,SBBP,R,L,0,[],Home,Away,1__,1.0,1.0,"['0-0', '0-1', '1-1', '2-1']",2,Sacrifice Hit
642116.xml,03/14/2026,MARYLAND,WASH,"Olensky,Caitlin","Bubke,Jade",B2,19,"Bubke,Jade fouled out to c (1-0 B).",FF2,1,___,BP,R,L,0,[],Home,Away,___,2.0,1.0,"['0-0', '1-0']",2,Out
642116.xml,03/14/2026,MARYLAND,WASH,"Olensky,Caitlin","Mazzola,Sophi",B2,20,"Mazzola,Sophi fouled out in behind home plate foul territory putout by c (3-1 BBFB).",FF2,2,___,BBFBP,L,L,0,[],Home,Away,___,3.0,1.0,"['0-0', '1-0', '2-0', '2-1', '3-1']",2,Out
642116.xml,03/14/2026,WASH,MARYLAND,"Reimer,Morgan",Zayda Rocke,T3,21,"Rocke,Zayda grounded out to the pitcher, p to 1b (0-2 KFFF).",G13,0,___,KFFFP,R,R,0,[],Away,Home,___,1.0,1.0,"['0-0', '0-1', '0-2']",3,Out
642116.xml,03/14/2026,WASH,MARYLAND,"Reimer,Morgan","Cornwell,Caitlyn",T3,22,"Cornwell,Caitlyn grounded out to the pitcher, p to 1b (1-0 B).",G13,1,___,BP,L,R,0,[],Away,Home,___,2.0,1.0,"['0-0', '1-0']",3,Out
642116.xml,03/14/2026,WASH,MARYLAND,"Reimer,Morgan","Woods,Sammi",T3,23,"Woods,Sammi flied out to cf (0-1 K).",F8,2,___,KP,R,R,0,[],Away,Home,___,3.0,1.0,"['0-0', '0-1']",3,Out
642116.xml,03/14/2026,MARYLAND,WASH,"Olensky,Caitlin","Glab,Jadyn",B3,24,"Glab,Jadyn fouled out in first base side foul territory putout by 2b (2-2 KFBB).",FF4,0,___,KFBBP,R,L,0,[],Home,Away,___,1.0,1.0,"['0-0', '0-1', '0-2', '1-2', '2-2']",3,Out
642116.xml,03/14/2026,MARYLAND,WASH,"Olensky,Caitlin","Burdick,Kaycie",B3,25,"Burdick,Kaycie singled to short (0-0).",1B,1,1__,P,L,L,0,[],Home,Away,___,1.0,0.0,['0-0'],3,Single
642116.xml,03/14/2026,MARYLAND,WASH,"Olensky,Caitlin","DeBoer,Alexis",B3,26,"DeBoer,Alexis flied out to left center putout by lf (1-0 B).",F7,1,___,BP,R,L,0,[],Home,Away,1__,2.0,1.0,"['0-0', '1-0']",3,Out
642116.xml,03/14/2026,MARYLAND,WASH,"Olensky,Caitlin","Alvarez,Giselle",B3,27,"Alvarez,Giselle flied out to lf (1-0 B).",F7,2,___,BP,L,L,0,[],Home,Away,___,3.0,1.0,"['0-0', '1-0']",3,Out
642116.xml,03/14/2026,WASH,MARYLAND,"Reimer,Morgan","Murphy,Bailey",T4,28,"Murphy,Bailey grounded out to second base, 2b to 1b (1-1 FB).",G43,0,___,FBP,L,R,0,[],Away,Home,___,1.0,1.0,"['0-0', '0-1', '1-1']",4,Out
642116.xml,03/14/2026,WASH,MARYLAND,"Reimer,Morgan","Penta,Mariah",T4,29,"Penta,Mariah popped up to shallow right field putout by 2b (0-1 F).",P4,1,___,FP,R,R,0,[],Away,Home,___,2.0,1.0,"['0-0', '0-1']",4,Out
642116.xml,03/14/2026,WASH,MARYLAND,"Reimer,Morgan","McGowan,Anna",T4,30,"McGowan,Anna struck out looking (1-2 KKBFK).",K,2,___,KKBFK,R,R,0,[],Away,Home,___,3.0,1.0,"['0-0', '0-1', '0-2', '1-2']",4,Strikeout
642116.xml,03/14/2026,MARYLAND,WASH,"Olensky,Caitlin","Hetzel,Ally",B4,31,"Hetzel,Ally fouled out in first base side foul territory putout by rf (0-0).",FF9,0,___,P,R,L,0,[],Home,Away,___,1.0,1.0,['0-0'],4,Out
642116.xml,03/14/2026,MARYLAND,WASH,"Olensky,Caitlin","Carroll,Ava",B4,32,"Carroll,Ava singled up the middle (2-1 BFB).",1B,1,1__,BFBP,L,L,0,[],Home,Away,___,1.0,0.0,"['0-0', '1-0', '1-1', '2-1']",4,Single
642116.xml,03/14/2026,MARYLAND,WASH,"Olensky,Caitlin","Acevedo,Melody",B4,33,"Acevedo,Melody flied out to left center putout by lf (0-0).",F7,1,___,P,R,L,0,[],Home,Away,1__,2.0,1.0,['0-0'],4,Out
642116.xml,03/14/2026,MARYLAND,WASH,"Olensky,Caitlin","Bubke,Jade",B4,34,"Bubke,Jade struck out looking (1-2 KFBK).",K,2,___,KFBK,R,L,0,[],Home,Away,___,3.0,1.0,"['0-0', '0-1', '0-2', '1-2']",4,Strikeout
642116.xml,03/14/2026,WASH,MARYLAND,"Reimer,Morgan","Turner,Logan",T5,35,"Turner,Logan singled through the right side of the infield (0-0).",1B,0,1__,P,R,R,0,[],Away,Home,___,0.0,0.0,['0-0'],5,Single
642116.xml,03/14/2026,WASH,MARYLAND,"Reimer,Morgan",Matti Benson,T5,37,"Benson,Matti singled to second base (1-1 FB); Wilson,Gracie advanced to second base on an error by Bubke,Jade (E4).",1B,0,1__,FBP,L,R,0,[],Away,Home,1__,0.0,0.0,"['0-0', '0-1', '1-1']",5,Single
642116.xml,03/14/2026,WASH,MARYLAND,"Reimer,Morgan","Fox,Caroline",T5,38,"Fox,Caroline sacrifice bunt to the infield, 3b to 2b (0-1 K); Wilson,Gracie advanced to third base; Benson,Matti advanced to second base.",SH54,0,___,KP,L,R,0,[],Away,Home,1__,1.0,1.0,"['0-0', '0-1']",5,Sacrifice Hit
642116.xml,03/14/2026,WASH,MARYLAND,"Reimer,Morgan",Zayda Rocke,T5,39,"Rocke,Zayda flied out to shallow center field putout by cf (1-2 BFS).",F8,1,___,BFSP,R,R,0,[],Away,Home,___,2.0,1.0,"['0-0', '1-0', '1-1', '1-2']",5,Out
642116.xml,03/14/2026,WASH,MARYLAND,"Reimer,Morgan","Cornwell,Caitlyn",T5,40,"Cornwell,Caitlyn struck out looking (1-2 FBKK).",K,2,___,FBKK,L,R,0,[],Away,Home,___,3.0,1.0,"['0-0', '0-1', '1-1', '1-2']",5,Strikeout
642116.xml,03/14/2026,MARYLAND,WASH,"Wiegand,Elisea","Mazzola,Sophi",B5,43,"Mazzola,Sophi grounded out to third base, 3b to 1b (0-0).",G53,0,___,P,L,R,0,[],Home,Away,___,1.0,1.0,['0-0'],5,Out
642116.xml,03/14/2026,MARYLAND,WASH,"Wiegand,Elisea","Glab,Jadyn",B5,44,"Glab,Jadyn singled up the middle (3-1 BBFB).",1B,1,1__,BBFBP,R,R,0,[],Home,Away,___,1.0,0.0,"['0-0', '1-0', '2-0', '2-1', '3-1']",5,Single
642116.xml,03/14/2026,MARYLAND,WASH,"Wiegand,Elisea","Burdick,Kaycie",B5,46,"Burdick,Kaycie singled down the left field line (1-1 BS); Gardner,Jing advanced to second base.",1B,1,1__,BSP,L,R,0,[],Home,Away,1__,1.0,0.0,"['0-0', '1-0', '1-1']",5,Single
642116.xml,03/14/2026,MARYLAND,WASH,"Wiegand,Elisea","DeBoer,Alexis",B5,47,"Burdick,Kaycie advanced to second base on a wild pitch; Gardner,Jing advanced to third base on a wild pitch.",,1,___,N/A,N/A,N/A,0,[],Home,Away,1__,1.0,0.0,['Unknown'],5,N/A
642116.xml,03/14/2026,MARYLAND,WASH,"Wiegand,Elisea","DeBoer,Alexis",B5,48,"DeBoer,Alexis walked (3-2 KBSBBB).",BB,1,1__,KBSBBB,R,R,0,[],Home,Away,___,1.0,0.0,"['0-0', '0-1', '1-1', '1-2', '2-2', '3-2']",5,Walk
642116.xml,03/14/2026,MARYLAND,WASH,"Wiegand,Elisea","Alvarez,Giselle",B5,50,"Alvarez,Giselle sacrifice fly to left center putout by cf, RBI (2-2 BKFFBFFFFF); Gardner,Jing scored; Burdick,Kaycie advanced to third base; Craig,Addie advanced to second base.",SF8,1,___,BKFFBFFFFFP,L,R,1,"['Wiegand,Elisea']",Home,Away,1__,2.0,1.0,"['0-0', '1-0', '1-1', '1-2', '2-2']",5,Sacrifice Fly
642116.xml,03/14/2026,MARYLAND,WASH,"Wiegand,Elisea","Durst,Tia",B5,52,"Durst,Tia flied out to shallow left field putout by ss (2-1 FBB).",F6,2,___,FBBP,R,R,0,[],Home,Away,___,3.0,1.0,"['0-0', '0-1', '1-1', '2-1']",5,Out
642116.xml,03/14/2026,WASH,MARYLAND,"Reimer,Morgan","Woods,Sammi",T6,57,"Woods,Sammi flied out to lf (2-1 BBF).",F7,0,___,BBFP,R,R,0,[],Away,Home,___,1.0,1.0,"['0-0', '1-0', '2-0', '2-1']",6,Out
642116.xml,03/14/2026,WASH,MARYLAND,"Reimer,Morgan","Murphy,Bailey",T6,58,"Murphy,Bailey grounded out to the pitcher, p to 1b (3-2 KBFFBB).",G13,1,___,KBFFBBP,L,R,0,[],Away,Home,___,2.0,1.0,"['0-0', '0-1', '1-1', '1-2', '2-2', '3-2']",6,Out
642116.xml,03/14/2026,WASH,MARYLAND,"Reimer,Morgan","Penta,Mariah",T6,59,"Penta,Mariah lined out to short (0-0).",L6,2,___,P,R,R,0,[],Away,Home,___,3.0,1.0,['0-0'],6,Out
642116.xml,03/14/2026,MARYLAND,WASH,"Wiegand,Elisea","Carroll,Ava",B6,60,"Carroll,Ava popped up to shallow right field putout by 2b (1-2 KBF).",P4,0,___,KBFP,L,R,0,[],Home,Away,___,1.0,1.0,"['0-0', '0-1', '1-1', '1-2']",6,Out
642116.xml,03/14/2026,MARYLAND,WASH,"Wiegand,Elisea","Acevedo,Melody",B6,61,"Acevedo,Melody popped up to short (0-1 K).",P6,1,___,KP,R,R,0,[],Home,Away,___,2.0,1.0,"['0-0', '0-1']",6,Out
642116.xml,03/14/2026,MARYLAND,WASH,"Wiegand,Elisea","Bubke,Jade",B6,62,"Bubke,Jade popped up to first base (1-1 FB).",P3,2,___,FBP,R,R,0,[],Home,Away,___,3.0,1.0,"['0-0', '0-1', '1-1']",6,Out
642116.xml,03/14/2026,WASH,MARYLAND,"Reimer,Morgan","McGowan,Anna",T7,63,"McGowan,Anna singled through the left side of the infield (1-0 B).",1B,0,1__,BP,R,R,0,[],Away,Home,___,0.0,0.0,"['0-0', '1-0']",7,Single
642116.xml,03/14/2026,WASH,MARYLAND,"Reimer,Morgan","Turner,Logan",T7,65,"Turner,Logan sacrifice bunt to third base, 3b to 2b (0-0); Caye,Lauren advanced to second base.",SH54,0,___,P,R,R,0,[],Away,Home,1__,1.0,1.0,['0-0'],7,Sacrifice Hit
642116.xml,03/14/2026,WASH,MARYLAND,"Reimer,Morgan",Matti Benson,T7,66,"Benson,Matti grounded out to first base, unassisted (3-0 BBB).",G3,1,___,BBBP,L,R,0,[],Away,Home,___,2.0,1.0,"['0-0', '1-0', '2-0', '3-0']",7,Out
642116.xml,03/14/2026,WASH,MARYLAND,"Reimer,Morgan","Wiegand,Elisea",T7,69,"Wiegand,Elisea grounded out to second base, 2b to 1b (0-0).",G43,2,___,P,R,R,0,[],Away,Home,___,3.0,1.0,['0-0'],7,Out
642117.xml,03/15/2026,WASH,MARYLAND,"Ramuno,Sophia","Woods,Sammi",T1,5,"Woods,Sammi grounded out to the infield, p to 2b, bunt (1-1 BK).",G14,0,___,BKP,R,R,0,[],Away,Home,___,1.0,1.0,"['0-0', '1-0', '1-1']",1,Out
642117.xml,03/15/2026,WASH,MARYLAND,"Ramuno,Sophia","Murphy,Bailey",T1,6,"Murphy,Bailey walked (3-1 BBFBB).",BB,1,1__,BBFBB,L,R,0,[],Away,Home,___,1.0,0.0,"['0-0', '1-0', '2-0', '2-1', '3-1']",1,Walk
642117.xml,03/15/2026,WASH,MARYLAND,"Ramuno,Sophia","Penta,Mariah",T1,7,"Penta,Mariah popped up to second base (0-0).",P4,1,___,P,R,R,0,[],Away,Home,1__,2.0,1.0,['0-0'],1,Out
642117.xml,03/15/2026,WASH,MARYLAND,"Ramuno,Sophia","McGowan,Anna",T1,8,"McGowan,Anna struck out looking (2-2 BFBKFK).",K,2,___,BFBKFK,R,R,0,[],Away,Home,___,3.0,1.0,"['0-0', '1-0', '1-1', '2-1', '2-2']",1,Strikeout
642117.xml,03/15/2026,MARYLAND,WASH,"Wiegand,Elisea","Burdick,Kaycie",B1,9,"Burdick,Kaycie walked (3-2 KBBBFB).",BB,0,1__,KBBBFB,L,R,0,[],Home,Away,___,0.0,0.0,"['0-0', '0-1', '1-1', '2-1', '3-1', '3-2']",1,Walk
642117.xml,03/15/2026,MARYLAND,WASH,"Wiegand,Elisea","DeBoer,Alexis",B1,10,"DeBoer,Alexis flied out to deep left field putout by lf (2-2 BKBKFF).",F7,0,___,BKBKFFP,R,R,0,[],Home,Away,1__,1.0,1.0,"['0-0', '1-0', '1-1', '2-1', '2-2']",1,Out
642117.xml,03/15/2026,MARYLAND,WASH,"Wiegand,Elisea","Glab,Jadyn",B1,11,"Glab,Jadyn popped up to 2b (2-0 BB); Burdick,Kaycie out at 1B on the play, 2b to 1b, in a double play.",P4,1,___,BBP,R,R,0,[],Home,Away,___,3.0,2.0,"['0-0', '1-0', '2-0']",1,Out
642117.xml,03/15/2026,WASH,MARYLAND,"Ramuno,Sophia","Turner,Logan",T2,12,"Turner,Logan popped up to shallow right field putout by 2b (0-0).",P4,0,___,P,R,R,0,[],Away,Home,___,1.0,1.0,['0-0'],2,Out
642117.xml,03/15/2026,WASH,MARYLAND,"Ramuno,Sophia",Matti Benson,T2,13,"Benson,Matti walked (3-1 BBBKB).",BB,1,1__,BBBKB,L,R,0,[],Away,Home,___,1.0,0.0,"['0-0', '1-0', '2-0', '3-0', '3-1']",2,Walk
642117.xml,03/15/2026,WASH,MARYLAND,"Ramuno,Sophia","Fox,Caroline",T2,14,"Fox,Caroline popped up to shallow left field putout by ss (1-1 KB).",P6,1,___,KBP,L,R,0,[],Away,Home,1__,2.0,1.0,"['0-0', '0-1', '1-1']",2,Out
642117.xml,03/15/2026,WASH,MARYLAND,"Ramuno,Sophia",Zayda Rocke,T2,15,"Rocke,Zayda homered to deep left field, 2RBI (2-2 BKKBF); Benson,Matti scored from first base.",HR,2,___,BKKBFP,R,R,2,"['Ramuno,Sophia', 'Ramuno,Sophia']",Away,Home,___,2.0,0.0,"['0-0', '1-0', '1-1', '1-2', '2-2']",2,Home Run
642117.xml,03/15/2026,WASH,MARYLAND,"Ramuno,Sophia","Cornwell,Caitlyn",T2,16,"Cornwell,Caitlyn lined out to cf (2-2 FKBB).",L8,2,___,FKBBP,L,R,0,[],Away,Home,___,3.0,1.0,"['0-0', '0-1', '0-2', '1-2', '2-2']",2,Out
642117.xml,03/15/2026,MARYLAND,WASH,"Wiegand,Elisea","Alvarez,Giselle",B2,17,"Alvarez,Giselle doubled to deep center field (0-1 K).",2B,0,_2_,KP,L,R,0,[],Home,Away,___,0.0,0.0,"['0-0', '0-1']",2,Double
642117.xml,03/15/2026,MARYLAND,WASH,"Wiegand,Elisea","Hetzel,Ally",B2,18,"Hetzel,Ally doubled to center field, RBI (2-2 KSBBFF); Alvarez,Giselle scored from second base.",2B,0,_2_,KSBBFFP,R,R,1,"['Wiegand,Elisea']",Home,Away,_2_,0.0,0.0,"['0-0', '0-1', '0-2', '1-2', '2-2']",2,Double
642117.xml,03/15/2026,MARYLAND,WASH,"Wiegand,Elisea","Acevedo,Melody",B2,19,"Acevedo,Melody flied out to right center putout by cf (3-2 BBBKK).",F8,0,___,BBBKKP,R,R,0,[],Home,Away,_2_,1.0,1.0,"['0-0', '1-0', '2-0', '3-0', '3-1', '3-2']",2,Out
642117.xml,03/15/2026,MARYLAND,WASH,"Wiegand,Elisea","Carroll,Ava",B2,20,"Carroll,Ava struck out swinging (2-2 KBFBS).",K,1,___,KBFBS,L,R,0,[],Home,Away,___,2.0,1.0,"['0-0', '0-1', '1-1', '1-2', '2-2']",2,Strikeout
642117.xml,03/15/2026,MARYLAND,WASH,"Wiegand,Elisea","Bubke,Jade",B2,21,"Bubke,Jade walked (3-2 SBBKBFB).",BB,2,1__,SBBKBFB,R,R,0,[],Home,Away,___,2.0,0.0,"['0-0', '0-1', '1-1', '2-1', '2-2', '3-2']",2,Walk
642117.xml,03/15/2026,MARYLAND,WASH,"Wiegand,Elisea","Toney,Gabi",B2,22,"Toney,Gabi singled to center field, RBI (2-2 BBKF); Hetzel,Ally scored from second base; Bubke,Jade advanced from first base to third base on the throw; Toney,Gabi advanced to second base on the throw.",1B,2,1__,BBKFP,R,R,1,"['Wiegand,Elisea']",Home,Away,1__,2.0,0.0,"['0-0', '1-0', '2-0', '2-1', '2-2']",2,Single
642117.xml,03/15/2026,MARYLAND,WASH,"Wiegand,Elisea","Burdick,Kaycie",B2,23,"Burdick,Kaycie grounded out to second base, 2b to 1b (1-2 KFB).",G43,2,1__,KFBP,L,R,0,[],Home,Away,1__,3.0,1.0,"['0-0', '0-1', '0-2', '1-2']",2,Out
642117.xml,03/15/2026,WASH,MARYLAND,"Ramuno,Sophia","Woods,Sammi",T3,24,"Woods,Sammi popped up to the infield putout by 1b (1-1 KB).",P3,0,___,KBP,R,R,0,[],Away,Home,___,1.0,1.0,"['0-0', '0-1', '1-1']",3,Out
642117.xml,03/15/2026,WASH,MARYLAND,"Ramuno,Sophia","Murphy,Bailey",T3,25,"Murphy,Bailey struck out swinging (1-2 BKFS).",K,1,___,BKFS,L,R,0,[],Away,Home,___,2.0,1.0,"['0-0', '1-0', '1-1', '1-2']",3,Strikeout
642117.xml,03/15/2026,WASH,MARYLAND,"Ramuno,Sophia","Penta,Mariah",T3,26,"Penta,Mariah hit by pitch (0-1 FB).",HBP,2,1__,FB,R,R,0,[],Away,Home,___,2.0,0.0,"['0-0', '0-1']",3,Out
642117.xml,03/15/2026,WASH,MARYLAND,"Ramuno,Sophia","McGowan,Anna",T3,27,"McGowan,Anna struck out swinging (2-2 KBBFFS).",K,2,___,KBBFFS,R,R,0,[],Away,Home,1__,3.0,1.0,"['0-0', '0-1', '1-1', '2-1', '2-2']",3,Strikeout
642117.xml,03/15/2026,MARYLAND,WASH,"Wiegand,Elisea","DeBoer,Alexis",B3,28,"DeBoer,Alexis grounded out, ss to 1b (0-0).",G63,0,___,P,R,R,0,[],Home,Away,___,1.0,1.0,['0-0'],3,Out
642117.xml,03/15/2026,MARYLAND,WASH,"Wiegand,Elisea","Glab,Jadyn",B3,29,"Glab,Jadyn singled to center field (0-1 K).",1B,1,1__,KP,R,R,0,[],Home,Away,___,1.0,0.0,"['0-0', '0-1']",3,Single
642117.xml,03/15/2026,MARYLAND,WASH,"Wiegand,Elisea","Alvarez,Giselle",B3,30,"Alvarez,Giselle walked (3-1 BBSBB); Glab,Jadyn advanced to second base.",BB,1,1__,BBSBB,L,R,0,[],Home,Away,1__,1.0,0.0,"['0-0', '1-0', '2-0', '2-1', '3-1']",3,Walk
642117.xml,03/15/2026,MARYLAND,WASH,"Wiegand,Elisea","Hetzel,Ally",B3,31,"Hetzel,Ally singled down the left field line, RBI (1-1 FB); Glab,Jadyn scored from second base; Alvarez,Giselle advanced to second base.",1B,1,1__,FBP,R,R,1,"['Wiegand,Elisea']",Home,Away,1__,1.0,0.0,"['0-0', '0-1', '1-1']",3,Single
642117.xml,03/15/2026,MARYLAND,WASH,"Wiegand,Elisea","Acevedo,Melody",B3,32,"Acevedo,Melody struck out swinging (1-2 FFFBS).",K,1,___,FFFBS,R,R,0,[],Home,Away,1__,2.0,1.0,"['0-0', '0-1', '0-2', '1-2']",3,Strikeout
642117.xml,03/15/2026,MARYLAND,WASH,"Wiegand,Elisea","Carroll,Ava",B3,33,"Carroll,Ava homered to deep left field, 3RBI (1-1 FB); Alvarez,Giselle scored from second base; Hetzel,Ally scored from first base.",HR,2,___,FBP,L,R,3,"['Wiegand,Elisea', 'Wiegand,Elisea', 'Wiegand,Elisea']",Home,Away,___,2.0,0.0,"['0-0', '0-1', '1-1']",3,Home Run
642117.xml,03/15/2026,MARYLAND,WASH,Keira Bucher,"Bubke,Jade",B3,35,"Bubke,Jade struck out looking (3-2 KBSBFBK).",K,2,___,KBSBFBK,R,R,0,[],Home,Away,___,3.0,1.0,"['0-0', '0-1', '1-1', '1-2', '2-2', '3-2']",3,Strikeout
642117.xml,03/15/2026,WASH,MARYLAND,"Ramuno,Sophia","Turner,Logan",T4,36,"Turner,Logan grounded out to third base, 3b to 1b (1-0 B).",G53,0,___,BP,R,R,0,[],Away,Home,___,1.0,1.0,"['0-0', '1-0']",4,Out
642117.xml,03/15/2026,WASH,MARYLAND,"Maddox,Ryan",Matti Benson,T4,38,"Benson,Matti struck out swinging (2-2 BKKBS).",K,1,___,BKKBS,L,L,0,[],Away,Home,___,2.0,1.0,"['0-0', '1-0', '1-1', '1-2', '2-2']",4,Strikeout
642117.xml,03/15/2026,WASH,MARYLAND,"Maddox,Ryan","Fox,Caroline",T4,39,"Fox,Caroline popped up to the right side of the infield putout by 2b (0-0).",P4,2,___,P,L,L,0,[],Away,Home,___,3.0,1.0,['0-0'],4,Out
642117.xml,03/15/2026,MARYLAND,WASH,Keira Bucher,"Toney,Gabi",B4,40,"Toney,Gabi singled in the infield, bunt (0-1 K).",1B,0,1__,KP,R,R,0,[],Home,Away,___,0.0,0.0,"['0-0', '0-1']",4,Single
642117.xml,03/15/2026,MARYLAND,WASH,Keira Bucher,"Burdick,Kaycie",B4,41,"Toney,Gabi out caught stealing at second base, c to ss.",,0,___,N/A,N/A,N/A,0,[],Home,Away,1__,1.0,1.0,['Unknown'],4,N/A
642117.xml,03/15/2026,MARYLAND,WASH,Keira Bucher,"Burdick,Kaycie",B4,42,"Burdick,Kaycie grounded out to first base, unassisted (2-2 FSBB).",G3,1,___,FSBBP,L,R,0,[],Home,Away,___,2.0,1.0,"['0-0', '0-1', '0-2', '1-2', '2-2']",4,Out
642117.xml,03/15/2026,MARYLAND,WASH,Keira Bucher,"DeBoer,Alexis",B4,43,"DeBoer,Alexis singled to center field (1-0 B).",1B,2,1__,BP,R,R,0,[],Home,Away,___,2.0,0.0,"['0-0', '1-0']",4,Single
642117.xml,03/15/2026,MARYLAND,WASH,Keira Bucher,"Glab,Jadyn",B4,44,"Glab,Jadyn grounded out to third base, 3b to 1b (2-1 BBS).",G53,2,___,BBSP,R,R,0,[],Home,Away,1__,3.0,1.0,"['0-0', '1-0', '2-0', '2-1']",4,Out
642117.xml,03/15/2026,WASH,MARYLAND,"Maddox,Ryan",Zayda Rocke,T5,45,"Rocke,Zayda struck out looking (2-2 BBFFK).",K,0,___,BBFFK,R,L,0,[],Away,Home,___,1.0,1.0,"['0-0', '1-0', '2-0', '2-1', '2-2']",5,Strikeout
642117.xml,03/15/2026,WASH,MARYLAND,"Maddox,Ryan","Cornwell,Caitlyn",T5,46,"Cornwell,Caitlyn singled up the middle (3-2 BBKFB).",1B,1,1__,BBKFBP,L,L,0,[],Away,Home,___,1.0,0.0,"['0-0', '1-0', '2-0', '2-1', '2-2', '3-2']",5,Single
642117.xml,03/15/2026,WASH,MARYLAND,"Maddox,Ryan","Woods,Sammi",T5,47,"Woods,Sammi grounded out to the left side of the infield, ss to 1b (1-1 KB); Cornwell,Caitlyn advanced to second base.",G63,1,___,KBP,R,L,0,[],Away,Home,1__,2.0,1.0,"['0-0', '0-1', '1-1']",5,Out
642117.xml,03/15/2026,WASH,MARYLAND,"Maddox,Ryan","Murphy,Bailey",T5,48,"Murphy,Bailey popped up to short putout by 2b (0-0).",P4,2,___,P,L,L,0,[],Away,Home,___,3.0,1.0,['0-0'],5,Out
642117.xml,03/15/2026,MARYLAND,WASH,Keira Bucher,"Alvarez,Giselle",B5,49,"Alvarez,Giselle struck out swinging (2-2 KBBSFFS).",K,0,___,KBBSFFS,L,R,0,[],Home,Away,___,1.0,1.0,"['0-0', '0-1', '1-1', '2-1', '2-2']",5,Strikeout
642117.xml,03/15/2026,MARYLAND,WASH,Keira Bucher,"Hetzel,Ally",B5,50,"Hetzel,Ally singled to center field (0-0).",1B,1,1__,P,R,R,0,[],Home,Away,___,1.0,0.0,['0-0'],5,Single
642117.xml,03/15/2026,MARYLAND,WASH,Keira Bucher,"Acevedo,Melody",B5,52,"Acevedo,Melody popped up in third base side foul territory putout by c (2-2 KFBB).",P2,1,___,KFBBP,R,R,0,[],Home,Away,1__,2.0,1.0,"['0-0', '0-1', '0-2', '1-2', '2-2']",5,Out
642117.xml,03/15/2026,MARYLAND,WASH,Keira Bucher,"Carroll,Ava",B5,53,"Carroll,Ava popped up to the left side of the infield putout by ss (0-2 FSF).",P6,2,___,FSFP,L,R,0,[],Home,Away,___,3.0,1.0,"['0-0', '0-1', '0-2']",5,Out
642117.xml,03/15/2026,WASH,MARYLAND,"Maddox,Ryan","Penta,Mariah",T6,54,"Penta,Mariah popped up to left center putout by cf (0-0).",P8,0,___,P,R,L,0,[],Away,Home,___,1.0,1.0,['0-0'],6,Out
642117.xml,03/15/2026,WASH,MARYLAND,"Maddox,Ryan","McGowan,Anna",T6,55,"McGowan,Anna popped up to rf (0-2 FF).",P9,1,___,FFP,R,L,0,[],Away,Home,___,2.0,1.0,"['0-0', '0-1', '0-2']",6,Out
642117.xml,03/15/2026,WASH,MARYLAND,"Maddox,Ryan","Turner,Logan",T6,56,"Turner,Logan struck out swinging (3-2 BBFBSS).",K,2,___,BBFBSS,R,L,0,[],Away,Home,___,3.0,1.0,"['0-0', '1-0', '2-0', '2-1', '3-1', '3-2']",6,Strikeout
642117.xml,03/15/2026,MARYLAND,WASH,Keira Bucher,"Teasley,Marley",B6,58,"Teasley,Marley singled to third base (0-1 K).",1B,0,1__,KP,R,R,0,[],Home,Away,___,0.0,0.0,"['0-0', '0-1']",6,Single
642117.xml,03/15/2026,MARYLAND,WASH,Keira Bucher,"Toney,Gabi",B6,59,"Toney,Gabi reached on a fielding error fielding by 3b by Benson,Matti (E5) (1-0 B); Teasley,Marley advanced to second base.",E5,0,1__,BP,R,R,0,[],Home,Away,1__,0.0,0.0,"['0-0', '1-0']",6,Reached on Error
642117.xml,03/15/2026,MARYLAND,WASH,Keira Bucher,"Ticen,Annika",B6,61,"Ticen,Annika singled up the middle, RBI (2-0 BB); Teasley,Marley scored from second base; Toney,Gabi advanced to second base.",1B,0,1__,BBP,L,R,1,"['Bucher,Keira']",Home,Away,1__,0.0,0.0,"['0-0', '1-0', '2-0']",6,Single
642117.xml,03/15/2026,MARYLAND,WASH,Keira Bucher,"DeBoer,Alexis",B6,63,"DeBoer,Alexis grounded out to the right side of the infield, 2b to 1b (0-1 K); Toney,Gabi advanced to third base; Burdick,Kaycie advanced to second base.",G43,0,___,KP,R,R,0,[],Home,Away,1__,1.0,1.0,"['0-0', '0-1']",6,Out
642117.xml,03/15/2026,MARYLAND,WASH,Keira Bucher,"Glab,Jadyn",B6,64,"Glab,Jadyn sacrifice fly to shallow left field putout by cf, RBI (3-1 BBFB); Toney,Gabi scored.",SF8,1,___,BBFBP,R,R,1,"['Bucher,Keira']",Home,Away,___,2.0,1.0,"['0-0', '1-0', '2-0', '2-1', '3-1']",6,Sacrifice Fly
642117.xml,03/15/2026,MARYLAND,WASH,Keira Bucher,"Alvarez,Giselle",B6,65,"Alvarez,Giselle grounded out to third base, 3b to 1b (0-0).",G53,2,___,P,L,R,0,[],Home,Away,___,3.0,1.0,['0-0'],6,Out
642117.xml,03/15/2026,WASH,MARYLAND,"Maddox,Ryan",Matti Benson,T7,71,"Benson,Matti popped up to 3b (0-1 K).",P5,0,___,KP,L,L,0,[],Away,Home,___,1.0,1.0,"['0-0', '0-1']",7,Out
642117.xml,03/15/2026,WASH,MARYLAND,"Maddox,Ryan",Lauren Caye,T7,73,"Caye,Lauren hit by pitch (1-0 BB).",HBP,1,1__,BB,R,L,0,[],Away,Home,___,1.0,0.0,"['0-0', '1-0']",7,Out
642117.xml,03/15/2026,WASH,MARYLAND,"Maddox,Ryan",Zayda Rocke,T7,74,"Rocke,Zayda struck out swinging (2-2 KBBSFK).",K,1,___,KBBSFK,R,L,0,[],Away,Home,1__,2.0,1.0,"['0-0', '0-1', '1-1', '2-1', '2-2']",7,Strikeout
642117.xml,03/15/2026,WASH,MARYLAND,"Maddox,Ryan","Cornwell,Caitlyn",T7,75,"Cornwell,Caitlyn popped up to left center putout by cf (0-0).",P8,2,___,P,L,L,0,[],Away,Home,___,3.0,1.0,['0-0'],7,Out
639294.xml,3/18/2026,MARYLAND,GEORGE W,Elisea Wiegand,Ashley Corpuz,T1,3,Ashley Corpuz grounded out to ss (1-2 KKB).,63,0,___,KKBP,R,R,0,[],Away,Home,___,1.0,1.0,"['0-0', '0-1', '0-2', '1-2']",1,Out
639294.xml,3/18/2026,MARYLAND,GEORGE W,Elisea Wiegand,Cadence Gilliland,T1,4,Cadence Gilliland struck out swinging (0-2 SKS).,KS,1,___,SKS,L,R,0,[],Away,Home,___,2.0,1.0,"['0-0', '0-1', '0-2']",1,Strikeout
639294.xml,3/18/2026,MARYLAND,GEORGE W,Elisea Wiegand,Cece Smith,T1,5,Cece Smith struck out looking (0-2 FFK).,KL,2,___,FFK,R,R,0,[],Away,Home,___,3.0,1.0,"['0-0', '0-1', '0-2']",1,Strikeout
639294.xml,3/18/2026,GEORGE W,MARYLAND,Chloe Greene,Bailey Murphy,B1,6,Bailey Murphy popped up to 2b (0-2 KK).,P4,0,___,KKP,L,R,0,[],Home,Away,___,1.0,1.0,"['0-0', '0-1', '0-2']",1,Out
639294.xml,3/18/2026,GEORGE W,MARYLAND,Chloe Greene,Mariah Penta,B1,7,Mariah Penta singled to shortstop (1-2 BFK).,1B 6,1,1__,BFKP,R,R,0,[],Home,Away,___,1.0,0.0,"['0-0', '1-0', '1-1', '1-2']",1,Single
639294.xml,3/18/2026,GEORGE W,MARYLAND,Chloe Greene,Anna McGowan,B1,8,Anna McGowan popped up to 2b (1-0 B).,P4,1,1__,BP,R,R,0,[],Home,Away,1__,2.0,1.0,"['0-0', '1-0']",1,Out
639294.xml,3/18/2026,GEORGE W,MARYLAND,Chloe Greene,Logan Turner,B1,9,Logan Turner grounded out to 3b (2-1 KBB).,53,2,1__,KBBP,R,R,0,[],Home,Away,1__,3.0,1.0,"['0-0', '0-1', '1-1', '2-1']",1,Out
639294.xml,3/18/2026,MARYLAND,GEORGE W,Elisea Wiegand,Paige Hayward,T2,10,Paige Hayward walked (3-2 FBBBSB).,BB,0,1__,FBBBSB,R,R,0,[],Away,Home,___,0.0,0.0,"['0-0', '0-1', '1-1', '2-1', '3-1', '3-2']",2,Walk
639294.xml,3/18/2026,MARYLAND,GEORGE W,Elisea Wiegand,Emi Todoroki,T2,11,"Emi Todoroki singled to left center, advanced to second on the throw (0-1 F); Paige Hayward advanced to third.",1B LC +T,0,_23,FP,R,R,0,[],Away,Home,1__,0.0,0.0,"['0-0', '0-1']",2,Single
639294.xml,3/18/2026,MARYLAND,GEORGE W,Elisea Wiegand,Sydney Hogue,T2,12,"Sydney Hogue reached first on an error by rf, advanced to third (2-1 FBB); Emi Todoroki scored, unearned; Paige Hayward Paige Hayward, unearned.",E9 ++,0,__3,FBBP,R,R,1,['Elisea Wiegand'],Away,Home,_23,0.0,0.0,"['0-0', '0-1', '1-1', '2-1']",2,Reached on Error
639294.xml,3/18/2026,MARYLAND,GEORGE W,Elisea Wiegand,Isabella Ruby,T2,13,Isabella Ruby grounded out to 3b (0-2 KF).,53,0,__3,KFP,R,R,0,[],Away,Home,__3,1.0,1.0,"['0-0', '0-1', '0-2']",2,Out
639294.xml,3/18/2026,MARYLAND,GEORGE W,Elisea Wiegand,Katie Hendrickson,T2,14,Katie Hendrickson fouled into double play lf (0-0); Sydney Hogue out on the play.,FF7 DP,1,___,N/A,L,R,0,[],Away,Home,__3,3.0,2.0,['Unknown'],2,Out
639294.xml,3/18/2026,GEORGE W,MARYLAND,Chloe Greene,Matti Benson,B2,15,Matti Benson singled to second base (0-1 K).,1B 4,0,1__,KP,L,R,0,[],Home,Away,___,0.0,0.0,"['0-0', '0-1']",2,Single
639294.xml,3/18/2026,GEORGE W,MARYLAND,Chloe Greene,Zayda Rocke,B2,16,Zayda Rocke flied out to lf (0-0).,F7,0,1__,P,R,R,0,[],Home,Away,1__,1.0,1.0,['0-0'],2,Out
639294.xml,3/18/2026,GEORGE W,MARYLAND,Chloe Greene,Caroline Fox,B2,17,"Caroline Fox grounded out to 3b, SAC, bunt (0-1 F); Matti Benson advanced to second.",53 SAC BU,1,_2_,FP,L,R,0,[],Home,Away,1__,2.0,1.0,"['0-0', '0-1']",2,Out
639294.xml,3/18/2026,GEORGE W,MARYLAND,Chloe Greene,Sammi Woods,B2,18,"Sammi Woods reached first on an error by 2b, advanced to second on the throw (2-1 BKB); Matti Benson scored, unearned.",E4 +T,2,_2_,BKBP,R,R,1,['Chloe Greene'],Home,Away,_2_,2.0,0.0,"['0-0', '1-0', '1-1', '2-1']",2,Reached on Error
639294.xml,3/18/2026,GEORGE W,MARYLAND,Chloe Greene,Caitlyn Cornwell,B2,19,"Caitlyn Cornwell grounded out to 3b, bunt (0-0).",53 BU,2,_2_,N/A,L,R,0,[],Home,Away,_2_,3.0,1.0,['Unknown'],2,Out
639294.xml,3/18/2026,MARYLAND,GEORGE W,Elisea Wiegand,Daniella Lew,T3,20,Daniella Lew lined out to rf (2-2 KSFBBF).,L9,0,___,KSFBBFP,R,R,0,[],Away,Home,___,1.0,1.0,"['0-0', '0-1', '0-2', '1-2', '2-2']",3,Out
639294.xml,3/18/2026,MARYLAND,GEORGE W,Elisea Wiegand,Ashley Corpuz,T3,21,Ashley Corpuz struck out looking (2-2 KBSBK).,KL,1,___,KBSBK,R,R,0,[],Away,Home,___,2.0,1.0,"['0-0', '0-1', '1-1', '1-2', '2-2']",3,Strikeout
639294.xml,3/18/2026,MARYLAND,GEORGE W,Elisea Wiegand,Cadence Gilliland,T3,22,Cadence Gilliland struck out swinging (1-2 KSBS).,KS,2,___,KSBS,L,R,0,[],Away,Home,___,3.0,1.0,"['0-0', '0-1', '0-2', '1-2']",3,Strikeout
639294.xml,3/18/2026,GEORGE W,MARYLAND,Chloe Greene,Bailey Murphy,B3,23,Bailey Murphy doubled to left center (0-0).,2B LC,0,_2_,P,L,R,0,[],Home,Away,___,0.0,0.0,['0-0'],3,Double
639294.xml,3/18/2026,GEORGE W,MARYLAND,Chloe Greene,Mariah Penta,B3,24,"Mariah Penta grounded out to 3b, SAC, bunt (3-1 BFBB); Bailey Murphy advanced to third.",53 SAC BU,0,__3,BFBBP,R,R,0,[],Home,Away,_2_,1.0,1.0,"['0-0', '1-0', '1-1', '2-1', '3-1']",3,Out
639294.xml,3/18/2026,GEORGE W,MARYLAND,Chloe Greene,Anna McGowan,B3,25,Anna McGowan walked (3-2 BSBBFFB).,BB,1,1_3,BSBBFFB,R,R,0,[],Home,Away,__3,1.0,0.0,"['0-0', '1-0', '1-1', '2-1', '3-1', '3-2']",3,Walk
639294.xml,3/18/2026,GEORGE W,MARYLAND,Chloe Greene,Logan Turner,B3,28,"Logan Turner flied out to lf, SAC, RBI (1-1 KB); Bailey Murphy scored.",F7 SAC RBI1,1,1__,KBP,R,R,1,['Chloe Greene'],Home,Away,1_3,2.0,1.0,"['0-0', '0-1', '1-1']",3,Out
639294.xml,3/18/2026,GEORGE W,MARYLAND,Chloe Greene,Matti Benson,B3,29,"Matti Benson singled to right field, RBI (3-2 FBFBB); Gracie Wilson scored.",1B 9 RBI1,2,1__,FBFBBP,L,R,1,['Chloe Greene'],Home,Away,1__,2.0,0.0,"['0-0', '0-1', '1-1', '1-2', '2-2', '3-2']",3,Single
639294.xml,3/18/2026,GEORGE W,MARYLAND,Chloe Greene,Zayda Rocke,B3,30,Zayda Rocke hit by pitch (3-1 BKBH); Matti Benson advanced to second.,HP,2,12_,BKBH,R,R,0,[],Home,Away,1__,2.0,0.0,"['0-0', '1-0', '1-1', '2-1']",3,Hit By Pitch
639294.xml,3/18/2026,GEORGE W,MARYLAND,Chloe Greene,Caroline Fox,B3,31,Caroline Fox flied out to ss (2-1 BFB).,F6,2,12_,BFBP,L,R,0,[],Home,Away,12_,3.0,1.0,"['0-0', '1-0', '1-1', '2-1']",3,Out
639294.xml,3/18/2026,MARYLAND,GEORGE W,Elisea Wiegand,Cece Smith,T4,33,Cece Smith singled up the middle (0-0).,1B MI,0,1__,P,R,R,0,[],Away,Home,___,0.0,0.0,['0-0'],4,Single
639294.xml,3/18/2026,MARYLAND,GEORGE W,Elisea Wiegand,Paige Hayward,T4,34,Paige Hayward struck out looking (1-2 FBFK).,KL,0,1__,FBFK,R,R,0,[],Away,Home,1__,1.0,1.0,"['0-0', '0-1', '1-1', '1-2']",4,Strikeout
639294.xml,3/18/2026,MARYLAND,GEORGE W,Elisea Wiegand,Emi Todoroki,T4,35,Emi Todoroki reached on a fielder's choice (1-1 FB); Cece Smith out at second 3b to 2b.,FC,1,1__,FBP,R,R,0,[],Away,Home,1__,2.0,1.0,"['0-0', '0-1', '1-1']",4,Fielders Choice
639294.xml,3/18/2026,MARYLAND,GEORGE W,Elisea Wiegand,Sydney Hogue,T4,36,"Sydney Hogue homered to center field, 2 RBI (0-2 KF); Emi Todoroki scored.",HR CF RBI2,2,___,KFP,R,R,2,"['Elisea Wiegand', 'Elisea Wiegand']",Away,Home,1__,2.0,0.0,"['0-0', '0-1', '0-2']",4,Home Run
639294.xml,3/18/2026,MARYLAND,GEORGE W,Elisea Wiegand,Isabella Ruby,T4,37,Isabella Ruby walked (3-2 KBBSBFFB).,BB,2,1__,KBBSBFFB,R,R,0,[],Away,Home,___,2.0,0.0,"['0-0', '0-1', '1-1', '2-1', '2-2', '3-2']",4,Walk
639294.xml,3/18/2026,MARYLAND,GEORGE W,Elisea Wiegand,Katie Hendrickson,T4,38,Katie Hendrickson flied out to 2b (2-2 BBKKF).,F4,2,1__,BBKKFP,L,R,0,[],Away,Home,1__,3.0,1.0,"['0-0', '1-0', '2-0', '2-1', '2-2']",4,Out
639294.xml,3/18/2026,GEORGE W,MARYLAND,Chloe Greene,Sammi Woods,B4,39,"Sammi Woods singled to pitcher, bunt (0-1 K).",1B 1 BU,0,1__,KP,R,R,0,[],Home,Away,___,0.0,0.0,"['0-0', '0-1']",4,Single
639294.xml,3/18/2026,GEORGE W,MARYLAND,Chloe Greene,Caitlyn Cornwell,B4,40,"Caitlyn Cornwell grounded out to p, SAC, bunt (1-1 FB); Sammi Woods advanced to second.",13 SAC BU,0,_2_,FBP,L,R,0,[],Home,Away,1__,1.0,1.0,"['0-0', '0-1', '1-1']",4,Out
639294.xml,3/18/2026,GEORGE W,MARYLAND,Chloe Greene,Bailey Murphy,B4,41,Bailey Murphy grounded out to ss (1-0 B); Sammi Woods advanced to third.,63,1,__3,BP,L,R,0,[],Home,Away,_2_,2.0,1.0,"['0-0', '1-0']",4,Out
639294.xml,3/18/2026,GEORGE W,MARYLAND,Chloe Greene,Mariah Penta,B4,42,Mariah Penta flied out to cf (0-0).,F8,2,__3,P,R,R,0,[],Home,Away,__3,3.0,1.0,['0-0'],4,Out
639294.xml,3/18/2026,MARYLAND,GEORGE W,Aubrey Wurst,Daniella Lew,T5,44,Daniella Lew lined out to rf (0-2 SF).,L9,0,___,SFP,R,R,0,[],Away,Home,___,1.0,1.0,"['0-0', '0-1', '0-2']",5,Out
639294.xml,3/18/2026,MARYLAND,GEORGE W,Aubrey Wurst,Ashley Corpuz,T5,45,Ashley Corpuz flied out to lf (1-0 B).,F7,1,___,BP,R,R,0,[],Away,Home,___,2.0,1.0,"['0-0', '1-0']",5,Out
639294.xml,3/18/2026,MARYLAND,GEORGE W,Aubrey Wurst,Cadence Gilliland,T5,46,Cadence Gilliland walked (3-1 BFBBB).,BB,2,1__,BFBBB,L,R,0,[],Away,Home,___,2.0,0.0,"['0-0', '1-0', '1-1', '2-1', '3-1']",5,Walk
639294.xml,3/18/2026,MARYLAND,GEORGE W,Aubrey Wurst,Cece Smith,T5,47,Cece Smith grounded out to 3b (3-1 KBBB).,53,2,1__,KBBBP,R,R,0,[],Away,Home,1__,3.0,1.0,"['0-0', '0-1', '1-1', '2-1', '3-1']",5,Out
639294.xml,3/18/2026,GEORGE W,MARYLAND,Chloe Greene,Anna McGowan,B5,48,Anna McGowan struck out looking (2-2 BFFBFK).,KL,0,___,BFFBFK,R,R,0,[],Home,Away,___,1.0,1.0,"['0-0', '1-0', '1-1', '1-2', '2-2']",5,Strikeout
639294.xml,3/18/2026,GEORGE W,MARYLAND,Chloe Greene,Logan Turner,B5,49,Logan Turner flied out to ss (1-1 FB).,F6,1,___,FBP,R,R,0,[],Home,Away,___,2.0,1.0,"['0-0', '0-1', '1-1']",5,Out
639294.xml,3/18/2026,GEORGE W,MARYLAND,Chloe Greene,Matti Benson,B5,50,"Matti Benson homered to center field, RBI (2-1 BKB).",HR CF RBI1,2,___,BKBP,L,R,1,['Chloe Greene'],Home,Away,___,2.0,0.0,"['0-0', '1-0', '1-1', '2-1']",5,Home Run
639294.xml,3/18/2026,GEORGE W,MARYLAND,Chloe Greene,Zayda Rocke,B5,51,Zayda Rocke struck out swinging (2-2 BKKBFS).,KS,2,___,BKKBFS,R,R,0,[],Home,Away,___,3.0,1.0,"['0-0', '1-0', '1-1', '1-2', '2-2']",5,Strikeout
639294.xml,3/18/2026,MARYLAND,GEORGE W,Aubrey Wurst,Paige Hayward,T6,52,Paige Hayward flied out to ss (2-2 BKFB).,F6,0,___,BKFBP,R,R,0,[],Away,Home,___,1.0,1.0,"['0-0', '1-0', '1-1', '1-2', '2-2']",6,Out
639294.xml,3/18/2026,MARYLAND,GEORGE W,Aubrey Wurst,Emi Todoroki,T6,53,Emi Todoroki singled to right field (1-2 KFBF).,1B 9,1,1__,KFBFP,R,R,0,[],Away,Home,___,1.0,0.0,"['0-0', '0-1', '0-2', '1-2']",6,Single
639294.xml,3/18/2026,MARYLAND,GEORGE W,Aubrey Wurst,Sydney Hogue,T6,54,Sydney Hogue walked (3-0 BBBB); Emi Todoroki advanced to second.,BB,1,12_,BBBB,R,R,0,[],Away,Home,1__,1.0,0.0,"['0-0', '1-0', '2-0', '3-0']",6,Walk
639294.xml,3/18/2026,MARYLAND,GEORGE W,Aubrey Wurst,Isabella Ruby,T6,55,Isabella Ruby singled through the right side (0-0); Sydney Hogue advanced to second; Emi Todoroki advanced to third.,1B RS,1,123,N/A,R,R,0,[],Away,Home,12_,1.0,0.0,['Unknown'],6,Single
639294.xml,3/18/2026,MARYLAND,GEORGE W,Aubrey Wurst,Katie Hendrickson,T6,56,"Katie Hendrickson fouled out to rf, SAC, RBI (3-2 BBKFFBF); Isabella Ruby advanced to second; Sydney Hogue advanced to third; Emi Todoroki scored.",FF9 SAC RBI1,1,_23,BBKFFBFP,L,R,1,['Aubrey Wurst'],Away,Home,123,2.0,1.0,"['0-0', '1-0', '2-0', '2-1', '2-2', '3-2']",6,Out
639294.xml,3/18/2026,MARYLAND,GEORGE W,Aubrey Wurst,Daniella Lew,T6,57,Daniella Lew grounded out to 3b (1-0 B).,53,2,_23,BP,R,R,0,[],Away,Home,_23,3.0,1.0,"['0-0', '1-0']",6,Out
639294.xml,3/18/2026,GEORGE W,MARYLAND,Emma Fales,Caroline Fox,B6,59,Caroline Fox grounded out to 3b (0-0).,53,0,___,P,L,R,0,[],Home,Away,___,1.0,1.0,['0-0'],6,Out
639294.xml,3/18/2026,GEORGE W,MARYLAND,Emma Fales,Sammi Woods,B6,60,Sammi Woods struck out looking (1-2 KFBK).,KL,1,___,KFBK,R,R,0,[],Home,Away,___,2.0,1.0,"['0-0', '0-1', '0-2', '1-2']",6,Strikeout
639294.xml,3/18/2026,GEORGE W,MARYLAND,Emma Fales,Caitlyn Cornwell,B6,61,Caitlyn Cornwell singled to second base (0-0).,1B 4,2,1__,P,L,R,0,[],Home,Away,___,2.0,0.0,['0-0'],6,Single
639294.xml,3/18/2026,GEORGE W,MARYLAND,Emma Fales,Bailey Murphy,B6,62,Bailey Murphy struck out swinging (1-2 KFBS).,KS,2,1__,KFBS,L,R,0,[],Home,Away,1__,3.0,1.0,"['0-0', '0-1', '0-2', '1-2']",6,Strikeout
639294.xml,3/18/2026,MARYLAND,GEORGE W,Aubrey Wurst,Ashley Corpuz,T7,63,Ashley Corpuz singled through the left side (3-1 KBBB).,1B LS,0,1__,KBBBP,R,R,0,[],Away,Home,___,0.0,0.0,"['0-0', '0-1', '1-1', '2-1', '3-1']",7,Single
639294.xml,3/18/2026,MARYLAND,GEORGE W,Aubrey Wurst,Cadence Gilliland,T7,64,Cadence Gilliland reached on a fielder's choice (0-2 FFFF); Ashley Corpuz out at second ss to 2b.,FC,0,1__,FFFFP,L,R,0,[],Away,Home,1__,1.0,1.0,"['0-0', '0-1', '0-2']",7,Fielders Choice
639294.xml,3/18/2026,MARYLAND,GEORGE W,Aubrey Wurst,Cece Smith,T7,65,Cece Smith grounded into double play 2b to ss to 1b (2-2 KBFBF); Cadence Gilliland out on the play.,463 GDP,1,___,KBFBFP,R,R,0,[],Away,Home,1__,3.0,2.0,"['0-0', '0-1', '1-1', '1-2', '2-2']",7,Out
639294.xml,3/18/2026,GEORGE W,MARYLAND,Emma Fales,Mariah Penta,B7,66,Mariah Penta singled to left field (1-2 KKB).,1B 7,0,1__,KKBP,R,R,0,[],Home,Away,___,0.0,0.0,"['0-0', '0-1', '0-2', '1-2']",7,Single
639294.xml,3/18/2026,GEORGE W,MARYLAND,Emma Fales,Anna McGowan,B7,68,Anna McGowan reached first on a fielding error by 3b (3-1 BBKB); Lauren Caye advanced to second.,E5F,0,12_,BBKBP,R,R,0,[],Home,Away,1__,0.0,0.0,"['0-0', '1-0', '2-0', '2-1', '3-1']",7,Reached on Error
639294.xml,3/18/2026,GEORGE W,MARYLAND,Emma Fales,Logan Turner,B7,70,"Logan Turner singled, bunt (0-0); Jaylee Williams advanced to second; Lauren Caye advanced to third.",1B BU,0,123,P,R,R,0,[],Home,Away,12_,0.0,0.0,['0-0'],7,Single
639294.xml,3/18/2026,GEORGE W,MARYLAND,Emma Fales,Matti Benson,B7,71,"Matti Benson reached on a fielder's choice, RBI (0-0); Logan Turner advanced to second; Jaylee Williams advanced to third; Lauren Caye scored.",FC RBI1,0,123,P,L,R,1,['Emma Fales'],Home,Away,123,0.0,0.0,['0-0'],7,Fielders Choice
639294.xml,3/18/2026,GEORGE W,MARYLAND,Emma Fales,Zayda Rocke,B7,72,Zayda Rocke grounded into double play lf to 3b (0-0); Jaylee Williams out on the play.,75 LDP,0,12_,P,R,R,0,[],Home,Away,123,2.0,2.0,['0-0'],7,Out
639294.xml,3/18/2026,GEORGE W,MARYLAND,Emma Fales,Caroline Fox,B7,73,Caroline Fox grounded out to p (0-1 K).,13,2,12_,KP,L,R,0,[],Home,Away,12_,3.0,1.0,"['0-0', '0-1']",7,Out
639294.xml,3/18/2026,MARYLAND,GEORGE W,Aubrey Wurst,Paige Hayward,T8,76,Paige Hayward grounded out to 3b (1-0 B).,53,0,___,BP,R,R,0,[],Away,Home,___,1.0,1.0,"['0-0', '1-0']",8,Out
639294.xml,3/18/2026,MARYLAND,GEORGE W,Aubrey Wurst,Emi Todoroki,T8,77,Emi Todoroki walked (3-2 FBBFFBB).,BB,1,1__,FBBFFBB,R,R,0,[],Away,Home,___,1.0,0.0,"['0-0', '0-1', '1-1', '2-1', '2-2', '3-2']",8,Walk
639294.xml,3/18/2026,MARYLAND,GEORGE W,Aubrey Wurst,Sydney Hogue,T8,78,Sydney Hogue singled to right center (1-2 FKFB); Emi Todoroki advanced to third.,1B RC,1,1_3,FKFBP,R,R,0,[],Away,Home,1__,1.0,0.0,"['0-0', '0-1', '0-2', '1-2']",8,Single
639294.xml,3/18/2026,MARYLAND,GEORGE W,Aubrey Wurst,Lucy Goodwin,T8,81,Lucy Goodwin struck out looking (3-2 BBKBKK).,KL,1,1_3,BBKBKK,R,R,0,[],Away,Home,1_3,2.0,1.0,"['0-0', '1-0', '2-0', '2-1', '3-1', '3-2']",8,Strikeout
639294.xml,3/18/2026,MARYLAND,GEORGE W,Aubrey Wurst,Katie Hendrickson,T8,82,Katie Hendrickson out at first 1b to p (3-2 BKBKBF).,31,2,1_3,BKBKBFP,L,R,0,[],Away,Home,1_3,3.0,1.0,"['0-0', '1-0', '1-1', '2-1', '2-2', '3-2']",8,Out
639294.xml,3/18/2026,GEORGE W,MARYLAND,Emma Fales,Sammi Woods,B8,84,Sammi Woods singled down the lf line (2-2 KBSB).,1B LL,0,1__,KBSBP,R,R,0,[],Home,Away,___,0.0,0.0,"['0-0', '0-1', '1-1', '1-2', '2-2']",8,Single
639294.xml,3/18/2026,GEORGE W,MARYLAND,Emma Fales,Caitlyn Cornwell,B8,85,"Caitlyn Cornwell grounded out to 3b, SAC, bunt (0-1 F); Sammi Woods advanced to second.",53 SAC BU,0,_2_,FP,L,R,0,[],Home,Away,1__,1.0,1.0,"['0-0', '0-1']",8,Out
639294.xml,3/18/2026,GEORGE W,MARYLAND,Emma Fales,Bailey Murphy,B8,86,Bailey Murphy singled to left field (1-1 BF); Sammi Woods advanced to third.,1B 7,1,1_3,BFP,L,R,0,[],Home,Away,_2_,1.0,0.0,"['0-0', '1-0', '1-1']",8,Single
639294.xml,3/18/2026,GEORGE W,MARYLAND,Emma Fales,Mariah Penta,B8,87,"Mariah Penta singled to shortstop, RBI (0-1 K); Bailey Murphy advanced to second; Sammi Woods scored.",1B SS RBI1,1,12_,KP,R,R,1,['Emma Fales'],Home,Away,1_3,1.0,0.0,"['0-0', '0-1']",8,Single
639294.xml,3/18/2026,GEORGE W,MARYLAND,Emma Fales,Jaylee Williams,B8,89,"Jaylee Williams singled to pitcher, bunt (0-0); Mariah Penta advanced to second; Bailey Murphy advanced to third.",1B 1 BU,1,123,N/A,L,R,0,[],Home,Away,12_,1.0,0.0,['Unknown'],8,Single
639294.xml,3/18/2026,GEORGE W,MARYLAND,Sophia Torreso,Logan Turner,B8,91,Logan Turner struck out looking (1-2 KBFK).,KL,1,123,KBFK,R,R,0,[],Home,Away,123,2.0,1.0,"['0-0', '0-1', '1-1', '1-2']",8,Strikeout
639294.xml,3/18/2026,GEORGE W,MARYLAND,Sophia Torreso,Matti Benson,B8,92,Matti Benson reached on a fielder's choice (0-2 SK); Jaylee Williams out at second 2b to ss.,FC,2,123,SKP,L,R,0,[],Home,Away,123,3.0,1.0,"['0-0', '0-1', '0-2']",8,Fielders Choice
639294.xml,3/18/2026,MARYLAND,GEORGE W,Keira Bucher,Daniella Lew,T9,94,Daniella Lew reached first on an error by ss (1-1 BK).,E6,0,1__,BKP,R,R,0,[],Away,Home,___,0.0,0.0,"['0-0', '1-0', '1-1']",9,Reached on Error
639294.xml,3/18/2026,MARYLAND,GEORGE W,Keira Bucher,Ashley Corpuz,T9,95,Ashley Corpuz struck out looking (2-2 KBSBK).,KL,0,1__,KBSBK,R,R,0,[],Away,Home,1__,1.0,1.0,"['0-0', '0-1', '1-1', '1-2', '2-2']",9,Strikeout
639294.xml,3/18/2026,MARYLAND,GEORGE W,Keira Bucher,Cadence Gilliland,T9,96,Cadence Gilliland lined out to ss (0-0).,L6,1,1__,P,L,R,0,[],Away,Home,1__,2.0,1.0,['0-0'],9,Out
639294.xml,3/18/2026,MARYLAND,GEORGE W,Keira Bucher,Cece Smith,T9,97,Cece Smith struck out swinging (1-2 BKSFS).,KS,2,1__,BKSFS,R,R,0,[],Away,Home,1__,3.0,1.0,"['0-0', '1-0', '1-1', '1-2']",9,Strikeout
639294.xml,3/18/2026,GEORGE W,MARYLAND,Sophia Torreso,Zayda Rocke,B9,98,Zayda Rocke flied out to rf (0-0).,F9,0,___,P,R,R,0,[],Home,Away,___,1.0,1.0,['0-0'],9,Out
639294.xml,3/18/2026,GEORGE W,MARYLAND,Sophia Torreso,Caroline Fox,B9,99,Caroline Fox struck out swinging (1-2 FFBFS).,KS,1,___,FFBFS,L,R,0,[],Home,Away,___,2.0,1.0,"['0-0', '0-1', '0-2', '1-2']",9,Strikeout
639294.xml,3/18/2026,GEORGE W,MARYLAND,Sophia Torreso,Sammi Woods,B9,100,Sammi Woods walked (3-2 BFBBFB).,BB,2,1__,BFBBFB,R,R,0,[],Home,Away,___,2.0,0.0,"['0-0', '1-0', '1-1', '2-1', '3-1', '3-2']",9,Walk
639294.xml,3/18/2026,GEORGE W,MARYLAND,Sophia Torreso,Caitlyn Cornwell,B9,101,Caitlyn Cornwell grounded out to 2b (1-0 B).,43,2,1__,BP,L,R,0,[],Home,Away,1__,3.0,1.0,"['0-0', '1-0']",9,Out
639294.xml,3/18/2026,MARYLAND,GEORGE W,Keira Bucher,Paige Hayward,T10,102,Paige Hayward Cece Smith placed on second (0-0).,"R:3,2",0,___,N/A,R,R,0,[],Away,Home,___,0.0,0.0,['Unknown'],10,Out
639294.xml,3/18/2026,MARYLAND,GEORGE W,Keira Bucher,Paige Hayward,T10,103,Paige Hayward struck out swinging (1-2 SFBS).,KS,0,___,SFBS,R,R,0,[],Away,Home,___,1.0,1.0,"['0-0', '0-1', '0-2', '1-2']",10,Strikeout
639294.xml,3/18/2026,MARYLAND,GEORGE W,Keira Bucher,Emi Todoroki,T10,104,"Emi Todoroki singled to left field, advanced to second on the throw, RBI (3-2 BKBSFFB); Cece Smith scored.",1B 7 +T RBI1,1,_2_,BKBSFFBP,R,R,1,['Keira Bucher'],Away,Home,___,1.0,0.0,"['0-0', '1-0', '1-1', '2-1', '2-2', '3-2']",10,Single
639294.xml,3/18/2026,MARYLAND,GEORGE W,Keira Bucher,Sydney Hogue,T10,105,Sydney Hogue grounded out to ss (0-1 K).,63,1,_2_,KP,R,R,0,[],Away,Home,_2_,2.0,1.0,"['0-0', '0-1']",10,Out
639294.xml,3/18/2026,MARYLAND,GEORGE W,Keira Bucher,Lucy Goodwin,T10,107,Lucy Goodwin struck out looking (2-2 SBSBK).,KL,2,_2_,SBSBK,R,R,0,[],Away,Home,_2_,3.0,1.0,"['0-0', '0-1', '1-1', '1-2', '2-2']",10,Strikeout
639294.xml,3/18/2026,GEORGE W,MARYLAND,Sophia Torreso,Bailey Murphy,B10,108,Bailey Murphy Caitlyn Cornwell placed on second (0-0).,"R:9,2",0,___,N/A,L,R,0,[],Home,Away,___,0.0,0.0,['Unknown'],10,Out
639294.xml,3/18/2026,GEORGE W,MARYLAND,Sophia Torreso,Bailey Murphy,B10,110,Bailey Murphy singled to pitcher (0-1 F).,1B 1,0,1__,PFP,L,R,0,[],Home,Away,___,0.0,0.0,"['0-0', '1-0', '1-1']",10,Single
639294.xml,3/18/2026,GEORGE W,MARYLAND,Sophia Torreso,Mariah Penta,B10,111,"Mariah Penta flied out to rf, SAC, RBI (0-1 S); Caitlyn Cornwell scored.",F9 SAC RBI1,0,1__,SP,R,R,1,['Sophia Torreso'],Home,Away,1__,1.0,1.0,"['0-0', '0-1']",10,Out
639294.xml,3/18/2026,GEORGE W,MARYLAND,Sophia Torreso,Jaylee Williams,B10,112,Jaylee Williams singled through the right side (2-1 BFB); Bailey Murphy advanced to second.,1B RS,1,12_,BFBP,L,R,0,[],Home,Away,1__,1.0,0.0,"['0-0', '1-0', '1-1', '2-1']",10,Single
639294.xml,3/18/2026,GEORGE W,MARYLAND,Sophia Torreso,Logan Turner,B10,113,Logan Turner singled to right field (2-2 BFFFBF); Jaylee Williams advanced to second; Bailey Murphy advanced to third.,1B 9,1,123,BFFFBFP,R,R,0,[],Home,Away,12_,1.0,0.0,"['0-0', '1-0', '1-1', '1-2', '2-2']",10,Single
639294.xml,3/18/2026,GEORGE W,MARYLAND,Sophia Torreso,Matti Benson,B10,114,"Matti Benson homered to right field, 4 RBI (1-2 FFB); Logan Turner scored; Jaylee Williams scored; Bailey Murphy scored.",HR RF RBI4,1,___,FFBP,L,R,4,"['Sophia Torreso', 'Sophia Torreso', 'Sophia Torreso', 'Sophia Torreso']",Home,Away,123,1.0,0.0,"['0-0', '0-1', '0-2', '1-2']",10,Home Run
639282.xml,3/20/2026,MARYLAND,INDIANA,Caitlin Olensky,Aly VanBrandt,T1,3,Aly VanBrandt walked (3-1 BFBBB).,BB,0,1__,BFBBB,L,L,0,[],Away,Home,___,0.0,0.0,"['0-0', '1-0', '1-1', '2-1', '3-1']",1,Walk
639282.xml,3/20/2026,MARYLAND,INDIANA,Caitlin Olensky,Alex Cooper,T1,5,Alex Cooper grounded out to 2b (2-2 FBBS); Aly VanBrandt advanced to third.,43,0,1_3,FBBSP,L,L,0,[],Away,Home,1__,1.0,1.0,"['0-0', '0-1', '1-1', '2-1', '2-2']",1,Out
639282.xml,3/20/2026,MARYLAND,INDIANA,Caitlin Olensky,Avery Parker,T1,6,Avery Parker flied out to 2b (0-0).,F4,1,1_3,P,R,L,0,[],Away,Home,1_3,2.0,1.0,['0-0'],1,Out
639282.xml,3/20/2026,MARYLAND,INDIANA,Caitlin Olensky,Josie Bird,T1,7,Josie Bird struck out swinging (1-2 FBSS).,KS,2,1_3,FBSS,R,L,0,[],Away,Home,1_3,3.0,1.0,"['0-0', '0-1', '1-1', '1-2']",1,Strikeout
639282.xml,3/20/2026,INDIANA,MARYLAND,Taylor Hess,Bailey Murphy,B1,8,Bailey Murphy reached first on a fielding error by 2b (1-2 FSB).,E4F,0,1__,FSBP,L,L,0,[],Home,Away,___,0.0,0.0,"['0-0', '0-1', '0-2', '1-2']",1,Reached on Error
639282.xml,3/20/2026,INDIANA,MARYLAND,Taylor Hess,Mariah Penta,B1,9,"Mariah Penta out at first 1b to 2b, bunt, SAC (0-0); Bailey Murphy advanced to second.",34 BU SAC,0,_2_,P,R,L,0,[],Home,Away,1__,1.0,1.0,['0-0'],1,Out
639282.xml,3/20/2026,INDIANA,MARYLAND,Taylor Hess,Anna McGowan,B1,10,Anna McGowan grounded out to 3b (2-2 BKBF); Bailey Murphy out at third 1b to 3b.,53,1,___,BKBFP,R,L,0,[],Home,Away,_2_,3.0,2.0,"['0-0', '1-0', '1-1', '2-1', '2-2']",1,Out
639282.xml,3/20/2026,MARYLAND,INDIANA,Caitlin Olensky,Madalyn Strader,T2,11,Madalyn Strader walked (3-1 BSBBB).,BB,0,1__,BSBBB,L,L,0,[],Away,Home,___,1.0,1.0,"['0-0', '1-0', '1-1', '2-1', '3-1']",2,Walk
639282.xml,3/20/2026,MARYLAND,INDIANA,Caitlin Olensky,Ellie Goins,T2,13,Ellie Goins flied out to rf (3-2 FBKFBBFFFFF).,F9,1,1__,FBKFBBFFFFFP,R,L,0,[],Away,Home,1__,2.0,1.0,"['0-0', '0-1', '1-1', '1-2', '2-2', '3-2']",2,Out
639282.xml,3/20/2026,MARYLAND,INDIANA,Caitlin Olensky,Hannah Haberstroh,T2,14,Hannah Haberstroh walked (3-2 BBBKKB).,BB,2,1__,BBBKKB,L,L,0,[],Away,Home,1__,2.0,0.0,"['0-0', '1-0', '2-0', '3-0', '3-1', '3-2']",2,Walk
639282.xml,3/20/2026,MARYLAND,INDIANA,Caitlin Olensky,Alli Gavin,T2,15,Alli Gavin flied out to ss (2-2 FKBB).,F6,2,1__,FKBBP,R,L,0,[],Away,Home,1__,3.0,1.0,"['0-0', '0-1', '0-2', '1-2', '2-2']",2,Out
639282.xml,3/20/2026,INDIANA,MARYLAND,Taylor Hess,Matti Benson,B2,16,Matti Benson hit by pitch (1-1 KH).,HP,0,1__,KH,L,L,0,[],Home,Away,___,0.0,0.0,"['0-0', '0-1']",2,Hit By Pitch
639282.xml,3/20/2026,INDIANA,MARYLAND,Taylor Hess,Logan Turner,B2,17,"Logan Turner grounded out to 3b, bunt, SAC (1-1 FB); Matti Benson advanced to second.",53 BU SAC,0,_2_,FBP,R,L,0,[],Home,Away,1__,1.0,1.0,"['0-0', '0-1', '1-1']",2,Out
639282.xml,3/20/2026,INDIANA,MARYLAND,Taylor Hess,Zayda Rocke,B2,18,Zayda Rocke struck out looking (3-2 BSBBFK).,KL,1,_2_,BSBBFK,R,L,0,[],Home,Away,_2_,2.0,1.0,"['0-0', '1-0', '1-1', '2-1', '3-1', '3-2']",2,Strikeout
639282.xml,3/20/2026,INDIANA,MARYLAND,Taylor Hess,Caroline Fox,B2,19,"Caroline Fox singled through the right side, RBI (0-0); Matti Benson scored.",1B RS RBI1,2,1__,P,L,L,1,['Taylor Hess'],Home,Away,_2_,2.0,0.0,['0-0'],2,Single
639282.xml,3/20/2026,INDIANA,MARYLAND,Taylor Hess,Gracie Wilson,B2,20,Gracie Wilson singled through the left side (0-2 KS); Caroline Fox advanced to second.,1B LS,2,12_,KSP,R,L,0,[],Home,Away,1__,2.0,0.0,"['0-0', '0-1', '0-2']",2,Single
639282.xml,3/20/2026,INDIANA,MARYLAND,Taylor Hess,Caitlyn Cornwell,B2,21,Caitlyn Cornwell grounded out to 1b unassisted (2-1 KBB).,3UA,2,12_,KBBP,L,L,0,[],Home,Away,12_,3.0,1.0,"['0-0', '0-1', '1-1', '2-1']",2,Out
639282.xml,3/20/2026,MARYLAND,INDIANA,Caitlin Olensky,Cassidy Kettleman,T3,22,Cassidy Kettleman flied out to lf (1-0 B).,F7,0,___,BP,L,L,0,[],Away,Home,___,1.0,1.0,"['0-0', '1-0']",3,Out
639282.xml,3/20/2026,MARYLAND,INDIANA,Caitlin Olensky,Aly VanBrandt,T3,23,Aly VanBrandt grounded out to 1b unassisted (2-2 SKBB).,3U,1,___,SKBBP,L,L,0,[],Away,Home,___,2.0,1.0,"['0-0', '0-1', '0-2', '1-2', '2-2']",3,Out
639282.xml,3/20/2026,MARYLAND,INDIANA,Caitlin Olensky,Alex Cooper,T3,24,Alex Cooper popped up to ss (3-2 BBKBKF).,P6,2,___,BBKBKFP,L,L,0,[],Away,Home,___,3.0,1.0,"['0-0', '1-0', '2-0', '2-1', '3-1', '3-2']",3,Out
639282.xml,3/20/2026,INDIANA,MARYLAND,Taylor Hess,Bailey Murphy,B3,25,Bailey Murphy grounded out to 1b unassisted (0-0).,3U,0,___,P,L,L,0,[],Home,Away,___,1.0,1.0,['0-0'],3,Out
639282.xml,3/20/2026,INDIANA,MARYLAND,Taylor Hess,Mariah Penta,B3,26,Mariah Penta grounded out to 2b (1-0 B).,43,1,___,BP,R,L,0,[],Home,Away,___,2.0,1.0,"['0-0', '1-0']",3,Out
639282.xml,3/20/2026,INDIANA,MARYLAND,Taylor Hess,Anna McGowan,B3,27,Anna McGowan reached first on a fielding error by ss (0-1 S).,E6F,2,1__,SP,R,L,0,[],Home,Away,___,2.0,0.0,"['0-0', '0-1']",3,Reached on Error
639282.xml,3/20/2026,INDIANA,MARYLAND,Taylor Hess,Matti Benson,B3,28,Matti Benson lined out to cf (0-0).,L8,2,1__,P,L,L,0,[],Home,Away,1__,3.0,1.0,['0-0'],3,Out
639282.xml,3/20/2026,MARYLAND,INDIANA,Caitlin Olensky,Avery Parker,T4,29,Avery Parker doubled to left center (3-1 BBKB).,2B LC,0,_2_,BBKBP,R,L,0,[],Away,Home,___,0.0,0.0,"['0-0', '1-0', '2-0', '2-1', '3-1']",4,Double
639282.xml,3/20/2026,MARYLAND,INDIANA,Caitlin Olensky,Josie Bird,T4,30,Josie Bird grounded out to ss (1-0 B).,63,0,_2_,BP,R,L,0,[],Away,Home,_2_,1.0,1.0,"['0-0', '1-0']",4,Out
639282.xml,3/20/2026,MARYLAND,INDIANA,Caitlin Olensky,Madalyn Strader,T4,31,Madalyn Strader struck out swinging (3-2 FBFBBFS).,KS,1,_2_,FBFBBFS,L,L,0,[],Away,Home,_2_,2.0,1.0,"['0-0', '0-1', '1-1', '1-2', '2-2', '3-2']",4,Strikeout
639282.xml,3/20/2026,MARYLAND,INDIANA,Caitlin Olensky,Ellie Goins,T4,32,Ellie Goins grounded out to 2b (1-2 BFF).,43,2,_2_,BFFP,R,L,0,[],Away,Home,_2_,3.0,1.0,"['0-0', '1-0', '1-1', '1-2']",4,Out
639282.xml,3/20/2026,INDIANA,MARYLAND,Taylor Hess,Logan Turner,B4,33,Logan Turner grounded out to ss (0-1 K).,63,0,___,KP,R,L,0,[],Home,Away,___,1.0,1.0,"['0-0', '0-1']",4,Out
639282.xml,3/20/2026,INDIANA,MARYLAND,Taylor Hess,Zayda Rocke,B4,34,Zayda Rocke hit by pitch (3-2 BBKFFH).,HP,1,1__,BBKFFH,R,L,0,[],Home,Away,___,1.0,0.0,"['0-0', '1-0', '2-0', '2-1', '2-2']",4,Hit By Pitch
639282.xml,3/20/2026,INDIANA,MARYLAND,Taylor Hess,Caroline Fox,B4,36,"Caroline Fox singled, bunt (0-0); Lauren Caye advanced to second.",1B BU,1,12_,P,L,L,0,[],Home,Away,1__,1.0,0.0,['0-0'],4,Single
639282.xml,3/20/2026,INDIANA,MARYLAND,Taylor Hess,Gracie Wilson,B4,37,Gracie Wilson walked (3-2 BBBKFB); Caroline Fox advanced to second; Lauren Caye advanced to third.,BB,1,123,BBBKFB,R,L,0,[],Home,Away,12_,1.0,0.0,"['0-0', '1-0', '2-0', '3-0', '3-1', '3-2']",4,Walk
639282.xml,3/20/2026,INDIANA,MARYLAND,Taylor Hess,Caitlyn Cornwell,B4,38,Caitlyn Cornwell reached on a fielder's choice (0-1 K); Gracie Wilson advanced to second; Caroline Fox advanced to third; Lauren Caye out at home 3b to c.,FC,1,123,KP,L,L,0,[],Home,Away,123,2.0,1.0,"['0-0', '0-1']",4,Fielders Choice
639282.xml,3/20/2026,INDIANA,MARYLAND,Taylor Hess,Bailey Murphy,B4,39,"Bailey Murphy doubled to center field, 3 RBI (0-0); Caitlyn Cornwell scored; Gracie Wilson scored; Caroline Fox scored.",2B 8 RBI3,2,_2_,P,L,L,3,"['Taylor Hess', 'Taylor Hess', 'Taylor Hess']",Home,Away,123,2.0,0.0,['0-0'],4,Double
639282.xml,3/20/2026,INDIANA,MARYLAND,Brooke Mannon,Mariah Penta,B4,41,Mariah Penta fouled out to c (0-0).,FF2,2,_2_,P,R,R,0,[],Home,Away,_2_,3.0,1.0,['0-0'],4,Out
639282.xml,3/20/2026,MARYLAND,INDIANA,Caitlin Olensky,Hannah Haberstroh,T5,43,Hannah Haberstroh walked (3-2 BBBKKFB).,BB,0,1__,BBBKKFB,L,L,0,[],Away,Home,___,0.0,0.0,"['0-0', '1-0', '2-0', '3-0', '3-1', '3-2']",5,Walk
639282.xml,3/20/2026,MARYLAND,INDIANA,Caitlin Olensky,Alli Gavin,T5,45,"Alli Gavin homered to center field, 2 RBI (3-2 BBBKKFF); Jada Ellison scored.",HR 8 RBI2,0,___,BBBKKFFP,R,L,2,"['Caitlin Olensky', 'Caitlin Olensky']",Away,Home,1__,0.0,0.0,"['0-0', '1-0', '2-0', '3-0', '3-1', '3-2']",5,Home Run
639282.xml,3/20/2026,MARYLAND,INDIANA,Caitlin Olensky,Cassidy Kettleman,T5,46,"Cassidy Kettleman grounded out to c, bunt (0-0).",23 BU,0,___,P,L,L,0,[],Away,Home,___,1.0,1.0,['0-0'],5,Out
639282.xml,3/20/2026,MARYLAND,INDIANA,Caitlin Olensky,Aly VanBrandt,T5,47,Aly VanBrandt popped up to 2b (3-2 BKBSB).,P4,1,___,BKBSBP,L,L,0,[],Away,Home,___,2.0,1.0,"['0-0', '1-0', '1-1', '2-1', '2-2', '3-2']",5,Out
639282.xml,3/20/2026,MARYLAND,INDIANA,Caitlin Olensky,Alex Cooper,T5,48,Alex Cooper tripled to center field (1-0 B).,3B 8,2,__3,BP,L,L,0,[],Away,Home,___,2.0,0.0,"['0-0', '1-0']",5,Triple
639282.xml,3/20/2026,MARYLAND,INDIANA,Elisea Wiegand,Avery Parker,T5,50,Avery Parker hit by pitch (1-0 H).,HP,2,1_3,H,R,R,0,[],Away,Home,__3,2.0,0.0,['0-0'],5,Hit By Pitch
639282.xml,3/20/2026,MARYLAND,INDIANA,Elisea Wiegand,Josie Bird,T5,52,"Josie Bird doubled to right center, RBI (2-2 BKBK); Avery Parker scored, unearned.",2B RC RBI1,2,123,BKBKP,R,R,1,['Elisea Wiegand'],Away,Home,1_3,2.0,0.0,"['0-0', '1-0', '1-1', '2-1', '2-2']",5,Double
639282.xml,3/20/2026,MARYLAND,INDIANA,Elisea Wiegand,Madalyn Strader,T5,54,Madalyn Strader flied out to lf (2-2 KFBBF).,F7,2,123,KFBBFP,L,R,0,[],Away,Home,123,3.0,1.0,"['0-0', '0-1', '0-2', '1-2', '2-2']",5,Out
639282.xml,3/20/2026,INDIANA,MARYLAND,Brooke Mannon,Anna McGowan,B5,57,Anna McGowan flied out to cf (2-1 KBB).,F8,0,___,KBBP,R,R,0,[],Home,Away,___,1.0,1.0,"['0-0', '0-1', '1-1', '2-1']",5,Out
639282.xml,3/20/2026,INDIANA,MARYLAND,Brooke Mannon,Matti Benson,B5,58,Matti Benson flied out to cf (3-2 BFBBK).,F8,1,___,BFBBKP,L,R,0,[],Home,Away,___,2.0,1.0,"['0-0', '1-0', '1-1', '2-1', '3-1', '3-2']",5,Out
639282.xml,3/20/2026,INDIANA,MARYLAND,Brooke Mannon,Logan Turner,B5,59,Logan Turner struck out swinging (3-2 FFBBBS).,KS,2,___,FFBBBS,R,R,0,[],Home,Away,___,3.0,1.0,"['0-0', '0-1', '0-2', '1-2', '2-2', '3-2']",5,Strikeout
639282.xml,3/20/2026,MARYLAND,INDIANA,Keira Bucher,Ellie Goins,T6,61,Ellie Goins grounded out to 3b (1-2 KFB).,53,0,___,KFBP,R,R,0,[],Away,Home,___,1.0,1.0,"['0-0', '0-1', '0-2', '1-2']",6,Out
639282.xml,3/20/2026,MARYLAND,INDIANA,Keira Bucher,Hannah Haberstroh,T6,62,"Hannah Haberstroh singled down the rf line, advanced to third on an error by rf (0-0).",1B RL ++E9,1,__3,P,L,R,0,[],Away,Home,___,1.0,0.0,['0-0'],6,Single
639282.xml,3/20/2026,MARYLAND,INDIANA,Keira Bucher,Alli Gavin,T6,63,Alli Gavin struck out swinging (3-2 BBKKFBS).,KS,1,__3,BBKKFBS,R,R,0,[],Away,Home,__3,2.0,1.0,"['0-0', '1-0', '2-0', '2-1', '2-2', '3-2']",6,Strikeout
639282.xml,3/20/2026,MARYLAND,INDIANA,Keira Bucher,Josie White,T6,65,"Josie White walked, advanced to second (3-2 KFFBBBB); Hannah Haberstroh scored on a wild pitch.",BB +,2,_2_,KFFBBBB,L,R,1,['Keira Bucher'],Away,Home,__3,2.0,0.0,"['0-0', '0-1', '0-2', '1-2', '2-2', '3-2']",6,Walk
639282.xml,3/20/2026,MARYLAND,INDIANA,Keira Bucher,Aly VanBrandt,T6,67,Aly VanBrandt flied out to lf (1-0 B).,F7,2,_2_,BP,L,R,0,[],Away,Home,_2_,3.0,1.0,"['0-0', '1-0']",6,Out
639282.xml,3/20/2026,INDIANA,MARYLAND,Brooke Mannon,Zayda Rocke,B6,69,"Zayda Rocke homered to left field, RBI (2-2 KBBKF).",HR 7 RBI1,0,___,KBBKFP,R,R,1,['Brooke Mannon'],Home,Away,___,0.0,0.0,"['0-0', '0-1', '1-1', '2-1', '2-2']",6,Home Run
639282.xml,3/20/2026,INDIANA,MARYLAND,Brooke Mannon,Caroline Fox,B6,70,Caroline Fox walked (3-2 BBFFBFB).,BB,0,1__,BBFFBFB,L,R,0,[],Home,Away,___,0.0,0.0,"['0-0', '1-0', '2-0', '2-1', '2-2', '3-2']",6,Walk
639282.xml,3/20/2026,INDIANA,MARYLAND,Brooke Mannon,Gracie Wilson,B6,71,"Gracie Wilson reached on a fielder's choice, bunt (0-0); Caroline Fox out at second 1b to ss.",FC BU,0,1__,P,R,R,0,[],Home,Away,1__,1.0,1.0,['0-0'],6,Fielders Choice
639282.xml,3/20/2026,INDIANA,MARYLAND,Brooke Mannon,Caitlyn Cornwell,B6,72,Caitlyn Cornwell lined into double play 3b (1-0 B); Gracie Wilson out on the play.,L5 DP,1,___,BP,L,R,0,[],Home,Away,1__,3.0,2.0,"['0-0', '1-0']",6,Out
639282.xml,3/20/2026,MARYLAND,INDIANA,Keira Bucher,Alex Cooper,T7,73,"Alex Cooper homered to center field, RBI (0-0).",HR 8 RBI1,0,___,P,L,R,1,['Keira Bucher'],Away,Home,___,0.0,0.0,['0-0'],7,Home Run
639282.xml,3/20/2026,MARYLAND,INDIANA,Keira Bucher,Avery Parker,T7,74,Avery Parker popped up to 2b (2-2 BKKB).,P4,0,___,BKKBP,R,R,0,[],Away,Home,___,1.0,1.0,"['0-0', '1-0', '1-1', '1-2', '2-2']",7,Out
639282.xml,3/20/2026,MARYLAND,INDIANA,Keira Bucher,Josie Bird,T7,75,Josie Bird reached first on a fielding error by ss (0-0).,E6F,1,1__,P,R,R,0,[],Away,Home,___,1.0,0.0,['0-0'],7,Reached on Error
639282.xml,3/20/2026,MARYLAND,INDIANA,Keira Bucher,Madalyn Strader,T7,76,"Madalyn Strader homered to right center, 2 RBI (1-2 KSB); Josie Bird scored, unearned.",HR RC RBI2,1,___,KSBP,L,R,2,"['Keira Bucher', 'Keira Bucher']",Away,Home,1__,1.0,0.0,"['0-0', '0-1', '0-2', '1-2']",7,Home Run
639282.xml,3/20/2026,MARYLAND,INDIANA,Keira Bucher,Ellie Goins,T7,77,Ellie Goins walked (3-2 BBSBKB).,BB,1,1__,BBSBKB,R,R,0,[],Away,Home,___,1.0,0.0,"['0-0', '1-0', '2-0', '2-1', '3-1', '3-2']",7,Walk
639282.xml,3/20/2026,MARYLAND,INDIANA,Keira Bucher,Hannah Haberstroh,T7,78,Hannah Haberstroh walked (3-0 BBBB); Ellie Goins advanced to second.,BB,1,12_,BBBB,L,R,0,[],Away,Home,1__,1.0,0.0,"['0-0', '1-0', '2-0', '3-0']",7,Walk
639282.xml,3/20/2026,MARYLAND,INDIANA,Keira Bucher,Alli Gavin,T7,79,Alli Gavin flied out to cf (1-2 KKBFF); Ellie Goins advanced to third.,F8,1,1_3,KKBFFP,R,R,0,[],Away,Home,12_,2.0,1.0,"['0-0', '0-1', '0-2', '1-2']",7,Out
639282.xml,3/20/2026,INDIANA,MARYLAND,Brooke Mannon,Bailey Murphy,B7,81,Bailey Murphy struck out looking (3-2 BBBKFFK).,KL,0,___,BBBKFFK,L,R,0,[],Home,Away,___,1.0,1.0,"['0-0', '1-0', '2-0', '3-0', '3-1', '3-2']",7,Strikeout
639282.xml,3/20/2026,INDIANA,MARYLAND,Brooke Mannon,Mariah Penta,B7,82,Mariah Penta singled to second base (2-1 SBB).,1B 4,1,1__,SBBP,R,R,0,[],Home,Away,___,1.0,0.0,"['0-0', '0-1', '1-1', '2-1']",7,Single
639282.xml,3/20/2026,INDIANA,MARYLAND,Brooke Mannon,Anna McGowan,B7,84,Anna McGowan grounded into double play p to ss to 1b (1-2 BFK); Gracelyn Solarz out on the play.,163 DP,1,___,BFKP,R,R,0,[],Home,Away,1__,3.0,2.0,"['0-0', '1-0', '1-1', '1-2']",7,Out
639283.xml,3/21/2026,MARYLAND,INDIANA,Elisea Wiegand,Aly VanBrandt,T1,3,Aly VanBrandt flied out to lf (3-2 BBBKK).,F7,0,___,BBBKKP,L,R,0,[],Away,Home,___,1.0,1.0,"['0-0', '1-0', '2-0', '3-0', '3-1', '3-2']",1,Out
639283.xml,3/21/2026,MARYLAND,INDIANA,Elisea Wiegand,Alex Cooper,T1,4,Alex Cooper flied out to lf (0-0).,F7,1,___,N/A,L,R,0,[],Away,Home,___,2.0,1.0,['Unknown'],1,Out
639283.xml,3/21/2026,MARYLAND,INDIANA,Elisea Wiegand,Avery Parker,T1,5,Avery Parker struck out swinging (3-2 BBSKFBS).,KS,2,___,BBSKFBS,R,R,0,[],Away,Home,___,3.0,1.0,"['0-0', '1-0', '2-0', '2-1', '2-2', '3-2']",1,Strikeout
639283.xml,3/21/2026,INDIANA,MARYLAND,Ella Troutt,Bailey Murphy,B1,6,Bailey Murphy flied out to cf (0-1 F).,F8,0,___,FP,L,R,0,[],Home,Away,___,1.0,1.0,"['0-0', '0-1']",1,Out
639283.xml,3/21/2026,INDIANA,MARYLAND,Ella Troutt,Mariah Penta,B1,7,Mariah Penta singled to shortstop (3-2 SBBBKF).,1B 6,1,1__,SBBBKFP,R,R,0,[],Home,Away,___,1.0,0.0,"['0-0', '0-1', '1-1', '2-1', '3-1', '3-2']",1,Single
639283.xml,3/21/2026,INDIANA,MARYLAND,Ella Troutt,Anna McGowan,B1,8,Anna McGowan reached on a fielder's choice (0-0); Mariah Penta advanced to second on a throwing error by 1b.,FC,1,12_,P,R,R,0,[],Home,Away,1__,1.0,0.0,['0-0'],1,Fielders Choice
639283.xml,3/21/2026,INDIANA,MARYLAND,Ella Troutt,Matti Benson,B1,9,Matti Benson flied out to lf (1-1 KB).,F7,1,12_,KBP,L,R,0,[],Home,Away,12_,2.0,1.0,"['0-0', '0-1', '1-1']",1,Out
639283.xml,3/21/2026,INDIANA,MARYLAND,Ella Troutt,Logan Turner,B1,10,Logan Turner fouled out to lf (3-2 BFBBK).,FF7,2,12_,BFBBKP,R,R,0,[],Home,Away,12_,3.0,1.0,"['0-0', '1-0', '1-1', '2-1', '3-1', '3-2']",1,Out
639283.xml,3/21/2026,MARYLAND,INDIANA,Elisea Wiegand,Josie Bird,T2,11,Josie Bird walked (3-2 BBFBFB).,BB,0,1__,BBFBFB,R,R,0,[],Away,Home,___,0.0,0.0,"['0-0', '1-0', '2-0', '2-1', '3-1', '3-2']",2,Walk
639283.xml,3/21/2026,MARYLAND,INDIANA,Elisea Wiegand,Madalyn Strader,T2,13,"Madalyn Strader singled to right field, advanced to second on the throw (3-2 BKBBK); Jada Ellison advanced to third.",1B 9 +T,0,_23,BKBBKP,L,R,0,[],Away,Home,1__,0.0,0.0,"['0-0', '1-0', '1-1', '2-1', '3-1', '3-2']",2,Single
639283.xml,3/21/2026,MARYLAND,INDIANA,Elisea Wiegand,Ellie Goins,T2,14,"Ellie Goins flied out to lf, SAC, RBI (0-1 K); Jada Ellison scored.",F7 SAC RBI1,0,_2_,KP,R,R,1,['Elisea Wiegand'],Away,Home,_23,1.0,1.0,"['0-0', '0-1']",2,Out
639283.xml,3/21/2026,MARYLAND,INDIANA,Elisea Wiegand,Hannah Haberstroh,T2,15,Hannah Haberstroh walked (3-2 BBFSBFB).,BB,1,12_,BBFSBFB,L,R,0,[],Away,Home,_2_,1.0,0.0,"['0-0', '1-0', '2-0', '2-1', '2-2', '3-2']",2,Walk
639283.xml,3/21/2026,MARYLAND,INDIANA,Elisea Wiegand,Alli Gavin,T2,16,Alli Gavin struck out looking (3-2 SKBBFFFBFK).,KL,1,12_,SKBBFFFBFK,R,R,0,[],Away,Home,12_,2.0,1.0,"['0-0', '0-1', '0-2', '1-2', '2-2', '3-2']",2,Strikeout
639283.xml,3/21/2026,MARYLAND,INDIANA,Elisea Wiegand,Cassidy Kettleman,T2,17,Cassidy Kettleman walked (3-2 KBFBFBB); Hannah Haberstroh advanced to second; Madalyn Strader advanced to third.,BB,2,123,KBFBFBB,L,R,0,[],Away,Home,12_,2.0,0.0,"['0-0', '0-1', '1-1', '1-2', '2-2', '3-2']",2,Walk
639283.xml,3/21/2026,MARYLAND,INDIANA,Elisea Wiegand,Aly VanBrandt,T2,18,"Aly VanBrandt walked, RBI (3-2 KKBBBFB); Cassidy Kettleman advanced to second; Hannah Haberstroh advanced to third; Madalyn Strader scored.",BB RBI1,2,123,KKBBBFB,L,R,1,['Elisea Wiegand'],Away,Home,123,2.0,0.0,"['0-0', '0-1', '0-2', '1-2', '2-2', '3-2']",2,Walk
639283.xml,3/21/2026,MARYLAND,INDIANA,Aubrey Wurst,Alex Cooper,T2,20,"Alex Cooper homered to right center, 4 RBI (0-0); Aly VanBrandt scored; Cassidy Kettleman scored; Hannah Haberstroh scored.",HR RC RBI4,2,___,P,L,R,4,"['Elisea Wiegand', 'Elisea Wiegand', 'Elisea Wiegand', 'Aubrey Wurst']",Away,Home,123,2.0,0.0,['0-0'],2,Home Run
639283.xml,3/21/2026,MARYLAND,INDIANA,Aubrey Wurst,Avery Parker,T2,21,Avery Parker struck out swinging (3-2 KBFBBS).,KS,2,___,KBFBBS,R,R,0,[],Away,Home,___,3.0,1.0,"['0-0', '0-1', '1-1', '1-2', '2-2', '3-2']",2,Strikeout
639283.xml,3/21/2026,INDIANA,MARYLAND,Ella Troutt,Zayda Rocke,B2,23,Zayda Rocke flied out to rf (0-0).,F9,0,___,P,R,R,0,[],Home,Away,___,1.0,1.0,['0-0'],2,Out
639283.xml,3/21/2026,INDIANA,MARYLAND,Ella Troutt,Caroline Fox,B2,24,Caroline Fox singled to left center (0-1 K).,1B LC,1,1__,KP,L,R,0,[],Home,Away,___,1.0,0.0,"['0-0', '0-1']",2,Single
639283.xml,3/21/2026,INDIANA,MARYLAND,Ella Troutt,Gracie Wilson,B2,25,Gracie Wilson flied out to lf (3-2 BKFBFB).,F7,1,1__,BKFBFBP,R,R,0,[],Home,Away,1__,2.0,1.0,"['0-0', '1-0', '1-1', '1-2', '2-2', '3-2']",2,Out
639283.xml,3/21/2026,INDIANA,MARYLAND,Ella Troutt,Caitlyn Cornwell,B2,26,Caitlyn Cornwell popped up to 3b (1-2 FFBFF).,P5,2,1__,FFBFFP,L,R,0,[],Home,Away,1__,3.0,1.0,"['0-0', '0-1', '0-2', '1-2']",2,Out
639283.xml,3/21/2026,MARYLAND,INDIANA,Aubrey Wurst,Josie Bird,T3,27,Josie Bird grounded out to ss (0-2 FK).,63,0,___,FKP,R,R,0,[],Away,Home,___,1.0,1.0,"['0-0', '0-1', '0-2']",3,Out
639283.xml,3/21/2026,MARYLAND,INDIANA,Aubrey Wurst,Madalyn Strader,T3,28,"Madalyn Strader homered to right center, RBI (2-0 BB).",HR RC RBI1,1,___,BBP,L,R,1,['Aubrey Wurst'],Away,Home,___,1.0,0.0,"['0-0', '1-0', '2-0']",3,Home Run
639283.xml,3/21/2026,MARYLAND,INDIANA,Aubrey Wurst,Ellie Goins,T3,29,Ellie Goins struck out swinging (3-2 FBBBSS).,KS,1,___,FBBBSS,R,R,0,[],Away,Home,___,2.0,1.0,"['0-0', '0-1', '1-1', '2-1', '3-1', '3-2']",3,Strikeout
639283.xml,3/21/2026,MARYLAND,INDIANA,Aubrey Wurst,Hannah Haberstroh,T3,30,Hannah Haberstroh flied out to cf (2-2 FBFB).,F8,2,___,FBFBP,L,R,0,[],Away,Home,___,3.0,1.0,"['0-0', '0-1', '1-1', '1-2', '2-2']",3,Out
639283.xml,3/21/2026,INDIANA,MARYLAND,Ella Troutt,Bailey Murphy,B3,31,Bailey Murphy lined out to cf (1-0 B).,L8,0,___,BP,L,R,0,[],Home,Away,___,1.0,1.0,"['0-0', '1-0']",3,Out
639283.xml,3/21/2026,INDIANA,MARYLAND,Ella Troutt,Mariah Penta,B3,32,Mariah Penta singled to right field (2-0 BB).,1B 9,1,1__,BBP,R,R,0,[],Home,Away,___,1.0,0.0,"['0-0', '1-0', '2-0']",3,Single
639283.xml,3/21/2026,INDIANA,MARYLAND,Ella Troutt,Anna McGowan,B3,33,Anna McGowan flied out to lf (1-2 BFK).,F7,1,1__,BFKP,R,R,0,[],Home,Away,1__,2.0,1.0,"['0-0', '1-0', '1-1', '1-2']",3,Out
639283.xml,3/21/2026,INDIANA,MARYLAND,Ella Troutt,Matti Benson,B3,34,Matti Benson popped up to 3b (2-2 FBFB).,P5,2,1__,FBFBP,L,R,0,[],Home,Away,1__,3.0,1.0,"['0-0', '0-1', '1-1', '1-2', '2-2']",3,Out
639283.xml,3/21/2026,MARYLAND,INDIANA,Aubrey Wurst,Alli Gavin,T4,35,Alli Gavin reached first on a fielding error by ss (0-1 K).,E6F,0,1__,KP,R,R,0,[],Away,Home,___,0.0,0.0,"['0-0', '0-1']",4,Reached on Error
639283.xml,3/21/2026,MARYLAND,INDIANA,Aubrey Wurst,Cassidy Kettleman,T4,37,"Cassidy Kettleman grounded out to p, bunt, SAC (0-1 F); Peyton Drummond advanced to second.",13 BU SAC,0,_2_,FP,L,R,0,[],Away,Home,1__,1.0,1.0,"['0-0', '0-1']",4,Out
639283.xml,3/21/2026,MARYLAND,INDIANA,Aubrey Wurst,Aly VanBrandt,T4,38,Aly VanBrandt flied out to lf (3-2 BBFBSFFF).,F7,1,_2_,BBFBSFFFP,L,R,0,[],Away,Home,_2_,2.0,1.0,"['0-0', '1-0', '2-0', '2-1', '3-1', '3-2']",4,Out
639283.xml,3/21/2026,MARYLAND,INDIANA,Aubrey Wurst,Alex Cooper,T4,39,Alex Cooper hit by pitch (2-0 BH).,HP,2,12_,BH,L,R,0,[],Away,Home,_2_,2.0,0.0,"['0-0', '1-0']",4,Hit By Pitch
639283.xml,3/21/2026,MARYLAND,INDIANA,Aubrey Wurst,Avery Parker,T4,40,"Avery Parker tripled to right field, 2 RBI (1-2 BSS); Alex Cooper scored; Peyton Drummond scored.",3B RF RBI2,2,__3,BSSP,R,R,2,"['Aubrey Wurst', 'Aubrey Wurst']",Away,Home,12_,2.0,0.0,"['0-0', '1-0', '1-1', '1-2']",4,Triple
639283.xml,3/21/2026,MARYLAND,INDIANA,Keira Bucher,Josie Bird,T4,42,Josie Bird flied out to cf (1-2 KBS).,F8,2,__3,KBSP,R,R,0,[],Away,Home,__3,3.0,1.0,"['0-0', '0-1', '1-1', '1-2']",4,Out
639283.xml,3/21/2026,INDIANA,MARYLAND,Ella Troutt,Logan Turner,B4,45,Logan Turner fouled out to 3b (0-0).,FF5,0,___,P,R,R,0,[],Home,Away,___,1.0,1.0,['0-0'],4,Out
639283.xml,3/21/2026,INDIANA,MARYLAND,Ella Troutt,Zayda Rocke,B4,46,Zayda Rocke fouled out to lf (2-2 FKBFB).,FF7,1,___,FKBFBP,R,R,0,[],Home,Away,___,2.0,1.0,"['0-0', '0-1', '0-2', '1-2', '2-2']",4,Out
639283.xml,3/21/2026,INDIANA,MARYLAND,Ella Troutt,Caroline Fox,B4,47,Caroline Fox grounded out to p (2-2 BFSBF).,13,2,___,BFSBFP,L,R,0,[],Home,Away,___,3.0,1.0,"['0-0', '1-0', '1-1', '1-2', '2-2']",4,Out
639283.xml,3/21/2026,MARYLAND,INDIANA,Keira Bucher,Madalyn Strader,T5,48,Madalyn Strader walked (3-0 BBBB).,BB,0,1__,BBBB,L,R,0,[],Away,Home,___,0.0,0.0,"['0-0', '1-0', '2-0', '3-0']",5,Walk
639283.xml,3/21/2026,MARYLAND,INDIANA,Keira Bucher,Ellie Goins,T5,49,Ellie Goins singled through the left side (0-0); Madalyn Strader advanced to second.,1B LS,0,12_,P,R,R,0,[],Away,Home,1__,0.0,0.0,['0-0'],5,Single
639283.xml,3/21/2026,MARYLAND,INDIANA,Keira Bucher,Hannah Haberstroh,T5,50,"Hannah Haberstroh reached first on a fielding error by 2b, bunt (1-1 KB); Ellie Goins advanced to second; Madalyn Strader advanced to third.",E4F BU,0,123,KBP,L,R,0,[],Away,Home,12_,0.0,0.0,"['0-0', '0-1', '1-1']",5,Reached on Error
639283.xml,3/21/2026,MARYLAND,INDIANA,Keira Bucher,Alli Gavin,T5,51,Alli Gavin reached on a fielder's choice (0-2 KK); Hannah Haberstroh advanced to second; Ellie Goins advanced to third; Madalyn Strader out at home 3b to c.,FC,0,123,KKP,R,R,0,[],Away,Home,123,1.0,1.0,"['0-0', '0-1', '0-2']",5,Fielders Choice
639283.xml,3/21/2026,MARYLAND,INDIANA,Keira Bucher,Brooke Mannon,T5,53,"Brooke Mannon singled to shortstop, RBI (0-0); Alli Gavin advanced to second; Hannah Haberstroh advanced to third; Ellie Goins scored.",1B 6 RBI1,1,123,N/A,R,R,1,['Keira Bucher'],Away,Home,123,1.0,0.0,['Unknown'],5,Single
639283.xml,3/21/2026,MARYLAND,INDIANA,Keira Bucher,Aly VanBrandt,T5,54,Aly VanBrandt grounded into double play cf to c (2-2 KKBB); Hannah Haberstroh out on the play.,82 LDP,1,12_,KKBBP,L,R,0,[],Away,Home,123,3.0,2.0,"['0-0', '0-1', '0-2', '1-2', '2-2']",5,Out
639283.xml,3/21/2026,INDIANA,MARYLAND,Ella Troutt,Gracie Wilson,B5,56,Gracie Wilson walked (3-2 SFBBBB).,BB,0,1__,SFBBBB,R,R,0,[],Home,Away,___,0.0,0.0,"['0-0', '0-1', '0-2', '1-2', '2-2', '3-2']",5,Walk
639283.xml,3/21/2026,INDIANA,MARYLAND,Ella Troutt,Caitlyn Cornwell,B5,57,Caitlyn Cornwell reached on a fielder's choice (2-2 BFSB); Gracie Wilson out at second p to ss.,FC,0,1__,BFSBP,L,R,0,[],Home,Away,1__,1.0,1.0,"['0-0', '1-0', '1-1', '1-2', '2-2']",5,Fielders Choice
639283.xml,3/21/2026,INDIANA,MARYLAND,Ella Troutt,Bailey Murphy,B5,58,Bailey Murphy singled to left center (0-2 FF); Caitlyn Cornwell advanced to second.,1B LC,1,12_,FFP,L,R,0,[],Home,Away,1__,1.0,0.0,"['0-0', '0-1', '0-2']",5,Single
639283.xml,3/21/2026,INDIANA,MARYLAND,Ella Troutt,Mariah Penta,B5,59,Mariah Penta hit by pitch (1-0 H); Bailey Murphy advanced to second; Caitlyn Cornwell advanced to third.,HP,1,123,H,R,R,0,[],Home,Away,12_,1.0,0.0,['0-0'],5,Hit By Pitch
639283.xml,3/21/2026,INDIANA,MARYLAND,Aubree Hooks,Anna McGowan,B5,62,"Anna McGowan singled to left field, RBI (2-2 BKFBFF); Lauren Caye advanced to second; Bailey Murphy advanced to third; Caitlyn Cornwell scored.",1B 7 RBI1,1,123,BKFBFFP,R,R,1,['Ella Troutt'],Home,Away,123,1.0,0.0,"['0-0', '1-0', '1-1', '1-2', '2-2']",5,Single
639283.xml,3/21/2026,INDIANA,MARYLAND,Aubree Hooks,Matti Benson,B5,64,"Matti Benson flied out to rf, SAC, RBI (2-2 BKFBF); Bailey Murphy scored.",F9 SAC RBI1,1,12_,BKFBFP,L,R,1,['Ella Troutt'],Home,Away,123,2.0,1.0,"['0-0', '1-0', '1-1', '1-2', '2-2']",5,Out
639283.xml,3/21/2026,INDIANA,MARYLAND,Aubree Hooks,Logan Turner,B5,65,Logan Turner lined out to rf (2-0 BB).,L9,2,12_,BBP,R,R,0,[],Home,Away,12_,3.0,1.0,"['0-0', '1-0', '2-0']",5,Out
639284.xml,3/22/2026,MARYLAND,INDIANA,Caitlin Olensky,Aly VanBrandt,T1,1,Aly VanBrandt singled to center field (0-0).,1B 8,0,1__,P,L,L,0,[],Away,Home,___,0.0,0.0,['0-0'],1,Single
639284.xml,3/22/2026,MARYLAND,INDIANA,Caitlin Olensky,Alex Cooper,T1,2,Alex Cooper lined out to rf (2-2 KBBF).,L9,0,1__,KBBFP,L,L,0,[],Away,Home,1__,1.0,1.0,"['0-0', '0-1', '1-1', '2-1', '2-2']",1,Out
639284.xml,3/22/2026,MARYLAND,INDIANA,Caitlin Olensky,Avery Parker,T1,3,Avery Parker hit by pitch (2-0 BH); Aly VanBrandt advanced to second.,HP,1,12_,BH,R,L,0,[],Away,Home,1__,1.0,0.0,"['0-0', '1-0']",1,Hit By Pitch
639284.xml,3/22/2026,MARYLAND,INDIANA,Caitlin Olensky,Josie Bird,T1,4,Josie Bird flied out to lf (3-1 BBSB).,F7,1,12_,BBSBP,R,L,0,[],Away,Home,12_,2.0,1.0,"['0-0', '1-0', '2-0', '2-1', '3-1']",1,Out
639284.xml,3/22/2026,MARYLAND,INDIANA,Caitlin Olensky,Madalyn Strader,T1,5,Madalyn Strader popped up to ss (1-2 KBS).,P6,2,12_,KBSP,L,L,0,[],Away,Home,12_,3.0,1.0,"['0-0', '0-1', '1-1', '1-2']",1,Out
639284.xml,3/22/2026,INDIANA,MARYLAND,Taylor Hess,Bailey Murphy,B1,6,Bailey Murphy popped up to 3b (0-1 S).,P5,0,___,SP,L,L,0,[],Home,Away,___,1.0,1.0,"['0-0', '0-1']",1,Out
639284.xml,3/22/2026,INDIANA,MARYLAND,Taylor Hess,Mariah Penta,B1,7,Mariah Penta doubled to right center (0-0).,2B RC,1,_2_,P,R,L,0,[],Home,Away,___,1.0,0.0,['0-0'],1,Double
639284.xml,3/22/2026,INDIANA,MARYLAND,Taylor Hess,Anna McGowan,B1,8,"Anna McGowan homered to center field, 2 RBI (1-2 KSB); Mariah Penta scored.",HR CF RBI2,1,___,KSBP,R,L,2,"['Taylor Hess', 'Taylor Hess']",Home,Away,_2_,1.0,0.0,"['0-0', '0-1', '0-2', '1-2']",1,Home Run
639284.xml,3/22/2026,INDIANA,MARYLAND,Taylor Hess,Matti Benson,B1,9,Matti Benson singled through the right side (0-0).,1B RS,1,1__,P,L,L,0,[],Home,Away,___,1.0,0.0,['0-0'],1,Single
639284.xml,3/22/2026,INDIANA,MARYLAND,Taylor Hess,Zayda Rocke,B1,10,Zayda Rocke grounded into double play ss to 2b to 1b (3-2 SBBFB); Matti Benson out on the play.,643 GDP,1,___,SBBFBP,R,L,0,[],Home,Away,1__,3.0,2.0,"['0-0', '0-1', '1-1', '2-1', '2-2', '3-2']",1,Out
639284.xml,3/22/2026,MARYLAND,INDIANA,Caitlin Olensky,Ellie Goins,T2,11,"Ellie Goins out at first p to 2b, bunt (0-1 K).",14 BU,0,___,KP,R,L,0,[],Away,Home,___,1.0,1.0,"['0-0', '0-1']",2,Out
639284.xml,3/22/2026,MARYLAND,INDIANA,Caitlin Olensky,Hannah Haberstroh,T2,12,Hannah Haberstroh struck out swinging (1-2 KKBS).,KS,1,___,KKBS,L,L,0,[],Away,Home,___,2.0,1.0,"['0-0', '0-1', '0-2', '1-2']",2,Strikeout
639284.xml,3/22/2026,MARYLAND,INDIANA,Caitlin Olensky,Brooke Mannon,T2,13,Brooke Mannon flied out to 2b (3-2 FBKFBB).,F4,2,___,FBKFBBP,R,L,0,[],Away,Home,___,3.0,1.0,"['0-0', '0-1', '1-1', '1-2', '2-2', '3-2']",2,Out
639284.xml,3/22/2026,INDIANA,MARYLAND,Taylor Hess,Logan Turner,B2,14,Logan Turner flied out to lf (3-2 BBKKFFBF).,F7,0,___,BBKKFFBFP,R,L,0,[],Home,Away,___,1.0,1.0,"['0-0', '1-0', '2-0', '2-1', '2-2', '3-2']",2,Out
639284.xml,3/22/2026,INDIANA,MARYLAND,Taylor Hess,Caroline Fox,B2,15,Caroline Fox out on batter's interference (1-1 BF).,BI,1,___,BFP,L,L,0,[],Home,Away,___,2.0,1.0,"['0-0', '1-0', '1-1']",2,Out
639284.xml,3/22/2026,INDIANA,MARYLAND,Brooke Mannon,Gracie Wilson,B2,18,Gracie Wilson grounded out to 1b unassisted (1-0 B).,3U,2,___,BP,R,R,0,[],Home,Away,___,3.0,1.0,"['0-0', '1-0']",2,Out
639284.xml,3/22/2026,MARYLAND,INDIANA,Caitlin Olensky,Cassidy Kettleman,T3,19,"Cassidy Kettleman grounded out to p, bunt (0-1 S).",13 BU,0,___,SP,L,L,0,[],Away,Home,___,1.0,1.0,"['0-0', '0-1']",3,Out
639284.xml,3/22/2026,MARYLAND,INDIANA,Caitlin Olensky,Aly VanBrandt,T3,20,Aly VanBrandt walked (3-1 KBBBB).,BB,1,1__,KBBBB,L,L,0,[],Away,Home,___,1.0,0.0,"['0-0', '0-1', '1-1', '2-1', '3-1']",3,Walk
639284.xml,3/22/2026,MARYLAND,INDIANA,Caitlin Olensky,Alex Cooper,T3,21,Alex Cooper flied out to cf (0-0).,F8,1,1__,P,L,L,0,[],Away,Home,1__,2.0,1.0,['0-0'],3,Out
639284.xml,3/22/2026,MARYLAND,INDIANA,Caitlin Olensky,Avery Parker,T3,23,Avery Parker walked (3-2 KBBBFB).,BB,2,1__,KBBBFB,R,L,0,[],Away,Home,1__,2.0,0.0,"['0-0', '0-1', '1-1', '2-1', '3-1', '3-2']",3,Walk
639284.xml,3/22/2026,MARYLAND,INDIANA,Caitlin Olensky,Josie Bird,T3,24,Josie Bird struck out swinging (1-2 KBKS).,KS,2,1__,KBKS,R,L,0,[],Away,Home,1__,3.0,1.0,"['0-0', '0-1', '1-1', '1-2']",3,Strikeout
639284.xml,3/22/2026,INDIANA,MARYLAND,Brooke Mannon,Caitlyn Cornwell,B3,25,Caitlyn Cornwell lined out to ss (1-1 FB).,L6,0,___,FBP,L,R,0,[],Home,Away,___,1.0,1.0,"['0-0', '0-1', '1-1']",3,Out
639284.xml,3/22/2026,INDIANA,MARYLAND,Brooke Mannon,Bailey Murphy,B3,26,Bailey Murphy singled to right field (1-1 BK).,1B 9,1,1__,BKP,L,R,0,[],Home,Away,___,1.0,0.0,"['0-0', '1-0', '1-1']",3,Single
639284.xml,3/22/2026,INDIANA,MARYLAND,Brooke Mannon,Mariah Penta,B3,27,Mariah Penta singled to left center (3-1 BBBK); Bailey Murphy advanced to second.,1B LC,1,12_,BBBKP,R,R,0,[],Home,Away,1__,1.0,0.0,"['0-0', '1-0', '2-0', '3-0', '3-1']",3,Single
639284.xml,3/22/2026,INDIANA,MARYLAND,Brooke Mannon,Anna McGowan,B3,28,Anna McGowan flied out to lf (2-1 BKB).,F7,1,12_,BKBP,R,R,0,[],Home,Away,12_,2.0,1.0,"['0-0', '1-0', '1-1', '2-1']",3,Out
639284.xml,3/22/2026,INDIANA,MARYLAND,Brooke Mannon,Matti Benson,B3,29,Matti Benson walked (3-2 BBFBFFB); Mariah Penta advanced to second; Bailey Murphy advanced to third.,BB,2,123,BBFBFFB,L,R,0,[],Home,Away,12_,2.0,0.0,"['0-0', '1-0', '2-0', '2-1', '3-1', '3-2']",3,Walk
639284.xml,3/22/2026,INDIANA,MARYLAND,Ella Troutt,Zayda Rocke,B3,31,Zayda Rocke struck out swinging (0-2 FFS).,KS,2,123,FFS,R,R,0,[],Home,Away,123,3.0,1.0,"['0-0', '0-1', '0-2']",3,Strikeout
639284.xml,3/22/2026,MARYLAND,INDIANA,Caitlin Olensky,Madalyn Strader,T4,32,"Madalyn Strader homered to left field, RBI (2-1 KBB).",HR LF RBI1,0,___,KBBP,L,L,1,['Caitlin Olensky'],Away,Home,___,0.0,0.0,"['0-0', '0-1', '1-1', '2-1']",4,Home Run
639284.xml,3/22/2026,MARYLAND,INDIANA,Caitlin Olensky,Ellie Goins,T4,33,Ellie Goins struck out looking (2-2 BFSBK).,KL,0,___,BFSBK,R,L,0,[],Away,Home,___,1.0,1.0,"['0-0', '1-0', '1-1', '1-2', '2-2']",4,Strikeout
639284.xml,3/22/2026,MARYLAND,INDIANA,Caitlin Olensky,Hannah Haberstroh,T4,34,Hannah Haberstroh popped up to 2b (2-1 BSB).,P4,1,___,BSBP,L,L,0,[],Away,Home,___,2.0,1.0,"['0-0', '1-0', '1-1', '2-1']",4,Out
639284.xml,3/22/2026,MARYLAND,INDIANA,Caitlin Olensky,Brooke Mannon,T4,36,Brooke Mannon walked (3-0 BBBB).,BB,2,1__,BBBB,R,L,0,[],Away,Home,___,2.0,0.0,"['0-0', '1-0', '2-0', '3-0']",4,Walk
639284.xml,3/22/2026,MARYLAND,INDIANA,Caitlin Olensky,Josie White,T4,38,Josie White struck out swinging (3-2 FBBBKS).,KS,2,1__,FBBBKS,L,L,0,[],Away,Home,1__,3.0,1.0,"['0-0', '0-1', '1-1', '2-1', '3-1', '3-2']",4,Strikeout
639284.xml,3/22/2026,INDIANA,MARYLAND,Ella Troutt,Logan Turner,B4,42,Logan Turner singled to third base (1-0 B).,1B 5,0,1__,BP,R,R,0,[],Home,Away,___,0.0,0.0,"['0-0', '1-0']",4,Single
639284.xml,3/22/2026,INDIANA,MARYLAND,Ella Troutt,Caroline Fox,B4,44,"Caroline Fox reached on a fielder's choice, bunt (0-0); Gracelyn Solarz out at second 3b to 2b.",FC BU,0,1__,P,L,R,0,[],Home,Away,1__,1.0,1.0,['0-0'],4,Fielders Choice
639284.xml,3/22/2026,INDIANA,MARYLAND,Ella Troutt,Gracie Wilson,B4,45,Gracie Wilson reached first on a fielding error by 3b (2-2 BFFBF); Caroline Fox advanced to second.,E5F,1,12_,BFFBFP,R,R,0,[],Home,Away,1__,1.0,0.0,"['0-0', '1-0', '1-1', '1-2', '2-2']",4,Reached on Error
639284.xml,3/22/2026,INDIANA,MARYLAND,Ella Troutt,Caitlyn Cornwell,B4,46,Caitlyn Cornwell reached on a fielder's choice (3-2 BBSFB); Gracie Wilson advanced to second; Caroline Fox out at third lf to 3b.,FC,1,12_,BBSFBP,L,R,0,[],Home,Away,12_,2.0,1.0,"['0-0', '1-0', '2-0', '2-1', '2-2', '3-2']",4,Fielders Choice
639284.xml,3/22/2026,INDIANA,MARYLAND,Ella Troutt,Bailey Murphy,B4,47,Bailey Murphy flied out to cf (0-0).,F8,2,12_,P,L,R,0,[],Home,Away,12_,3.0,1.0,['0-0'],4,Out
639284.xml,3/22/2026,MARYLAND,INDIANA,Caitlin Olensky,Aly VanBrandt,T5,49,"Aly VanBrandt doubled to left center, advanced to third on a throwing error by cf (0-0).",2B LC E8T,0,__3,P,L,L,0,[],Away,Home,___,0.0,0.0,['0-0'],5,Double
639284.xml,3/22/2026,MARYLAND,INDIANA,Caitlin Olensky,Alex Cooper,T5,50,Alex Cooper walked (3-0 BBBB).,BB,0,1_3,BBBB,L,L,0,[],Away,Home,__3,0.0,0.0,"['0-0', '1-0', '2-0', '3-0']",5,Walk
639284.xml,3/22/2026,MARYLAND,INDIANA,Caitlin Olensky,Avery Parker,T5,52,"Avery Parker doubled down the lf line, 2 RBI (3-0 BBB); Alex Cooper scored; Aly VanBrandt scored.",2B LL RBI2,0,12_,BBBP,R,L,2,"['Caitlin Olensky', 'Caitlin Olensky']",Away,Home,1_3,0.0,0.0,"['0-0', '1-0', '2-0', '3-0']",5,Double
639284.xml,3/22/2026,MARYLAND,INDIANA,Caitlin Olensky,Josie Bird,T5,53,"Josie Bird doubled to left field, RBI (3-2 BBBKK); Avery Parker scored.",2B LF RBI1,0,12_,BBBKKP,R,L,1,['Caitlin Olensky'],Away,Home,12_,0.0,0.0,"['0-0', '1-0', '2-0', '3-0', '3-1', '3-2']",5,Double
639284.xml,3/22/2026,MARYLAND,INDIANA,Elisea Wiegand,Madalyn Strader,T5,56,"Madalyn Strader walked (3-0 BBBB); Jada Ellison picked off, out at second c to ss.",BB,0,1__,BBBB,L,R,0,[],Away,Home,12_,1.0,1.0,"['0-0', '1-0', '2-0', '3-0']",5,Walk
639284.xml,3/22/2026,MARYLAND,INDIANA,Elisea Wiegand,Ellie Goins,T5,57,Ellie Goins struck out looking (2-2 KKBBK).,KL,1,1__,KKBBK,R,R,0,[],Away,Home,1__,2.0,1.0,"['0-0', '0-1', '0-2', '1-2', '2-2']",5,Strikeout
639284.xml,3/22/2026,INDIANA,MARYLAND,Ella Troutt,Mariah Penta,B5,60,Mariah Penta singled up the middle (0-1 F).,1B MI,0,1__,FP,R,R,0,[],Home,Away,___,0.0,0.0,"['0-0', '0-1']",5,Single
639284.xml,3/22/2026,INDIANA,MARYLAND,Ella Troutt,Anna McGowan,B5,62,Anna McGowan singled to left field (2-2 BFBK); Lauren Caye out at second lf to 2b.,1B 7,0,1__,BFBKP,R,R,0,[],Home,Away,1__,1.0,1.0,"['0-0', '1-0', '1-1', '2-1', '2-2']",5,Single
639284.xml,3/22/2026,INDIANA,MARYLAND,Ella Troutt,Matti Benson,B5,64,Matti Benson singled up the middle (2-2 KKBBFF); Jaylee Williams advanced to second.,1B MI,1,12_,KKBBFFP,L,R,0,[],Home,Away,1__,1.0,0.0,"['0-0', '0-1', '0-2', '1-2', '2-2']",5,Single
639284.xml,3/22/2026,INDIANA,MARYLAND,Ella Troutt,Zayda Rocke,B5,65,Zayda Rocke popped up to ss (2-1 FBB).,P6,1,12_,FBBP,R,R,0,[],Home,Away,12_,2.0,1.0,"['0-0', '0-1', '1-1', '2-1']",5,Out
639284.xml,3/22/2026,INDIANA,MARYLAND,Ella Troutt,Logan Turner,B5,66,Logan Turner struck out looking (1-2 KSBK).,KL,2,12_,KSBK,R,R,0,[],Home,Away,12_,3.0,1.0,"['0-0', '0-1', '0-2', '1-2']",5,Strikeout
639284.xml,3/22/2026,MARYLAND,INDIANA,Elisea Wiegand,Hannah Haberstroh,T6,70,Hannah Haberstroh singled to right field (3-2 BKKBB).,1B 9,0,1__,BKKBBP,L,R,0,[],Away,Home,___,0.0,0.0,"['0-0', '1-0', '1-1', '1-2', '2-2', '3-2']",6,Single
639284.xml,3/22/2026,MARYLAND,INDIANA,Elisea Wiegand,Brooke Mannon,T6,72,Brooke Mannon singled to right field (3-2 BBBKK); Peyton Drummond advanced to second.,1B RF,0,12_,BBBKKP,R,R,0,[],Away,Home,1__,0.0,0.0,"['0-0', '1-0', '2-0', '3-0', '3-1', '3-2']",6,Single
639284.xml,3/22/2026,MARYLAND,INDIANA,Elisea Wiegand,Cassidy Kettleman,T6,73,"Cassidy Kettleman fouled out to c, bunt (0-0).",FF2 BU,0,12_,N/A,L,R,0,[],Away,Home,12_,1.0,1.0,['Unknown'],6,Out
639284.xml,3/22/2026,MARYLAND,INDIANA,Elisea Wiegand,Aly VanBrandt,T6,74,Aly VanBrandt flied out to cf (0-1 K); Peyton Drummond advanced to third.,F8,1,1_3,KP,L,R,0,[],Away,Home,12_,2.0,1.0,"['0-0', '0-1']",6,Out
639284.xml,3/22/2026,INDIANA,MARYLAND,Ella Troutt,Caroline Fox,B6,77,Caroline Fox fouled out to 3b (1-0 B).,FF5,0,___,BP,L,R,0,[],Home,Away,___,1.0,1.0,"['0-0', '1-0']",6,Out
639284.xml,3/22/2026,INDIANA,MARYLAND,Ella Troutt,Gracie Wilson,B6,78,Gracie Wilson grounded out to ss (1-2 KFB).,63,1,___,KFBP,R,R,0,[],Home,Away,___,2.0,1.0,"['0-0', '0-1', '0-2', '1-2']",6,Out
639284.xml,3/22/2026,INDIANA,MARYLAND,Ella Troutt,Caitlyn Cornwell,B6,79,Caitlyn Cornwell grounded out to 3b (3-2 BFFFBB).,53,2,___,BFFFBBP,L,R,0,[],Home,Away,___,3.0,1.0,"['0-0', '1-0', '1-1', '1-2', '2-2', '3-2']",6,Out
639284.xml,3/22/2026,MARYLAND,INDIANA,Elisea Wiegand,Alex Cooper,T7,80,Alex Cooper singled through the right side (3-1 BBKB).,1B RS,0,1__,BBKBP,L,R,0,[],Away,Home,___,0.0,0.0,"['0-0', '1-0', '2-0', '2-1', '3-1']",7,Single
639284.xml,3/22/2026,MARYLAND,INDIANA,Elisea Wiegand,Avery Parker,T7,81,Avery Parker singled to pitcher (0-2 KF); Alex Cooper advanced to second.,1B P,0,12_,KFP,R,R,0,[],Away,Home,1__,0.0,0.0,"['0-0', '0-1', '0-2']",7,Single
639284.xml,3/22/2026,MARYLAND,INDIANA,Elisea Wiegand,Josie Bird,T7,82,"Josie Bird homered to left field, 3 RBI (3-1 BBKH); Avery Parker scored; Alex Cooper scored.",HR LF RBI3,0,___,BBKH,R,R,3,"['Elisea Wiegand', 'Elisea Wiegand', 'Elisea Wiegand']",Away,Home,12_,0.0,0.0,"['0-0', '1-0', '2-0', '2-1']",7,Home Run
639284.xml,3/22/2026,MARYLAND,INDIANA,Aubrey Wurst,Madalyn Strader,T7,84,Madalyn Strader walked (3-0 BBBB).,BB,0,1__,BBBB,L,R,0,[],Away,Home,___,0.0,0.0,"['0-0', '1-0', '2-0', '3-0']",7,Walk
639284.xml,3/22/2026,MARYLAND,INDIANA,Aubrey Wurst,Ellie Goins,T7,85,Ellie Goins flied out to ss (0-0).,F6,0,1__,N/A,R,R,0,[],Away,Home,1__,1.0,1.0,['Unknown'],7,Out
639284.xml,3/22/2026,MARYLAND,INDIANA,Aubrey Wurst,Hannah Haberstroh,T7,86,Hannah Haberstroh struck out swinging (2-2 KKBBS).,KS,1,1__,KKBBS,L,R,0,[],Away,Home,1__,2.0,1.0,"['0-0', '0-1', '0-2', '1-2', '2-2']",7,Strikeout
639284.xml,3/22/2026,INDIANA,MARYLAND,Ella Troutt,Bailey Murphy,B7,88,Bailey Murphy popped up to 3b (2-0 BB).,P5,0,___,BBP,L,R,0,[],Home,Away,___,1.0,1.0,"['0-0', '1-0', '2-0']",7,Out
639284.xml,3/22/2026,INDIANA,MARYLAND,Ella Troutt,Mariah Penta,B7,89,Mariah Penta grounded out to ss (1-2 KFBF).,63,1,___,KFBFP,R,R,0,[],Home,Away,___,2.0,1.0,"['0-0', '0-1', '0-2', '1-2']",7,Out
639284.xml,3/22/2026,INDIANA,MARYLAND,Ella Troutt,Anna McGowan,B7,90,Anna McGowan flied out to cf (1-2 KBF).,F8,2,___,KBFP,R,R,0,[],Home,Away,___,3.0,1.0,"['0-0', '0-1', '1-1', '1-2']",7,Out
639286.xml,4/8/2026,MARYLAND,GEORGETO,Elisea Wiegand,Brooke Rebhan,T1,3,Brooke Rebhan flied out to 2b (3-1 BBFB).,F4,0,___,BBFBP,R,R,0,[],Away,Home,___,1.0,1.0,"['0-0', '1-0', '2-0', '2-1', '3-1']",1,Out
639286.xml,4/8/2026,MARYLAND,GEORGETO,Elisea Wiegand,Gabby Park,T1,4,Gabby Park struck out looking (1-2 KSBK).,KL,1,___,KSBK,L,R,0,[],Away,Home,___,2.0,1.0,"['0-0', '0-1', '0-2', '1-2']",1,Strikeout
639286.xml,4/8/2026,MARYLAND,GEORGETO,Elisea Wiegand,Dayanara Campos,T1,5,Dayanara Campos struck out looking (2-2 BSBFK).,KL,2,___,BSBFK,L,R,0,[],Away,Home,___,3.0,1.0,"['0-0', '1-0', '1-1', '2-1', '2-2']",1,Strikeout
639286.xml,4/8/2026,GEORGETO,MARYLAND,Catherine Larson,Bailey Murphy,B1,6,Bailey Murphy singled to catcher (3-2 SBBFB).,1B 2,0,1__,SBBFBP,L,R,0,[],Home,Away,___,0.0,0.0,"['0-0', '0-1', '1-1', '2-1', '2-2', '3-2']",1,Single
639286.xml,4/8/2026,GEORGETO,MARYLAND,Catherine Larson,Sammi Woods,B1,7,Sammi Woods struck out swinging (2-2 KBBSS).,KS,0,1__,KBBSS,R,R,0,[],Home,Away,1__,1.0,1.0,"['0-0', '0-1', '1-1', '2-1', '2-2']",1,Strikeout
639286.xml,4/8/2026,GEORGETO,MARYLAND,Catherine Larson,Mariah Penta,B1,8,Mariah Penta grounded out to p (1-1 BK); Bailey Murphy advanced to second.,13,1,_2_,BKP,R,R,0,[],Home,Away,1__,2.0,1.0,"['0-0', '1-0', '1-1']",1,Out
639286.xml,4/8/2026,GEORGETO,MARYLAND,Catherine Larson,Matti Benson,B1,9,Matti Benson singled to left field (0-1 K); Bailey Murphy advanced to third.,1B 7,2,1_3,KP,L,R,0,[],Home,Away,_2_,2.0,0.0,"['0-0', '0-1']",1,Single
639286.xml,4/8/2026,GEORGETO,MARYLAND,Catherine Larson,Zayda Rocke,B1,11,Zayda Rocke flied out to cf (3-2 BSFBFB).,F8,2,1_3,BSFBFBP,R,R,0,[],Home,Away,1_3,3.0,1.0,"['0-0', '1-0', '1-1', '1-2', '2-2', '3-2']",1,Out
639286.xml,4/8/2026,MARYLAND,GEORGETO,Elisea Wiegand,Taylor Francis,T2,12,Taylor Francis singled to right field (3-2 BBKFFB).,1B 9,0,1__,BBKFFBP,R,R,0,[],Away,Home,___,0.0,0.0,"['0-0', '1-0', '2-0', '2-1', '2-2', '3-2']",2,Single
639286.xml,4/8/2026,MARYLAND,GEORGETO,Elisea Wiegand,Devyn Johnson,T2,13,Devyn Johnson lined out to 2b (0-1 K).,L4,0,1__,KP,R,R,0,[],Away,Home,1__,1.0,1.0,"['0-0', '0-1']",2,Out
639286.xml,4/8/2026,MARYLAND,GEORGETO,Elisea Wiegand,Emily Strittmatter,T2,14,Emily Strittmatter flied out to cf (1-1 BF).,F8,1,1__,BFP,R,R,0,[],Away,Home,1__,2.0,1.0,"['0-0', '1-0', '1-1']",2,Out
639286.xml,4/8/2026,MARYLAND,GEORGETO,Elisea Wiegand,Nina Sarlo,T2,15,Nina Sarlo fouled out to c (2-2 KKBFFBF).,FF2,2,1__,KKBFFBFP,R,R,0,[],Away,Home,1__,3.0,1.0,"['0-0', '0-1', '0-2', '1-2', '2-2']",2,Out
639286.xml,4/8/2026,GEORGETO,MARYLAND,Catherine Larson,Logan Turner,B2,16,Logan Turner grounded out to 3b (2-2 KBKB).,53,0,___,KBKBP,R,R,0,[],Home,Away,___,1.0,1.0,"['0-0', '0-1', '1-1', '1-2', '2-2']",2,Out
639286.xml,4/8/2026,GEORGETO,MARYLAND,Catherine Larson,Caroline Fox,B2,17,Caroline Fox grounded out to 1b unassisted (3-2 FFBBB).,3U,1,___,FFBBBP,L,R,0,[],Home,Away,___,2.0,1.0,"['0-0', '0-1', '0-2', '1-2', '2-2', '3-2']",2,Out
639286.xml,4/8/2026,GEORGETO,MARYLAND,Catherine Larson,Gracie Wilson,B2,18,"Gracie Wilson homered to left center, RBI (1-0 B).",HR LC RBI1,2,___,BP,R,R,1,['Catherine Larson'],Home,Away,___,2.0,0.0,"['0-0', '1-0']",2,Home Run
639286.xml,4/8/2026,GEORGETO,MARYLAND,Catherine Larson,Caitlyn Cornwell,B2,19,Caitlyn Cornwell grounded out to p (2-2 BKFFB).,13,2,___,BKFFBP,L,R,0,[],Home,Away,___,3.0,1.0,"['0-0', '1-0', '1-1', '1-2', '2-2']",2,Out
639286.xml,4/8/2026,MARYLAND,GEORGETO,Elisea Wiegand,Dani Koo,T3,20,Dani Koo struck out swinging (2-2 BSFBS).,KS,0,___,BSFBS,R,R,0,[],Away,Home,___,1.0,1.0,"['0-0', '1-0', '1-1', '1-2', '2-2']",3,Strikeout
639286.xml,4/8/2026,MARYLAND,GEORGETO,Elisea Wiegand,Claire Turner,T3,21,Claire Turner flied out to cf (2-1 BBK).,F8,1,___,BBKP,R,R,0,[],Away,Home,___,2.0,1.0,"['0-0', '1-0', '2-0', '2-1']",3,Out
639286.xml,4/8/2026,MARYLAND,GEORGETO,Elisea Wiegand,Brooke Rebhan,T3,22,Brooke Rebhan singled to left field (0-2 FK).,1B 7,2,1__,FKP,R,R,0,[],Away,Home,___,2.0,0.0,"['0-0', '0-1', '0-2']",3,Single
639286.xml,4/8/2026,MARYLAND,GEORGETO,Elisea Wiegand,Gabby Park,T3,23,Gabby Park fouled out to lf (0-0).,FF7,2,1__,N/A,L,R,0,[],Away,Home,1__,3.0,1.0,['Unknown'],3,Out
639286.xml,4/8/2026,GEORGETO,MARYLAND,Catherine Larson,Bailey Murphy,B3,24,Bailey Murphy flied out to lf to left center (0-0).,F7 LC,0,___,P,L,R,0,[],Home,Away,___,1.0,1.0,['0-0'],3,Out
639286.xml,4/8/2026,GEORGETO,MARYLAND,Catherine Larson,Sammi Woods,B3,25,Sammi Woods walked (3-1 BKBBB).,BB,1,1__,BKBBB,R,R,0,[],Home,Away,___,1.0,0.0,"['0-0', '1-0', '1-1', '2-1', '3-1']",3,Walk
639286.xml,4/8/2026,GEORGETO,MARYLAND,Catherine Larson,Mariah Penta,B3,26,Mariah Penta reached on a fielder's choice (3-1 BKBB); Sammi Woods out at second ss to 2b.,FC,1,1__,BKBBP,R,R,0,[],Home,Away,1__,2.0,1.0,"['0-0', '1-0', '1-1', '2-1', '3-1']",3,Fielders Choice
639286.xml,4/8/2026,GEORGETO,MARYLAND,Catherine Larson,Matti Benson,B3,27,Matti Benson flied out to cf (0-0).,F8,2,1__,P,L,R,0,[],Home,Away,1__,3.0,1.0,['0-0'],3,Out
639286.xml,4/8/2026,MARYLAND,GEORGETO,Elisea Wiegand,Dayanara Campos,T4,28,Dayanara Campos walked (3-1 BBKBB).,BB,0,1__,BBKBB,L,R,0,[],Away,Home,___,0.0,0.0,"['0-0', '1-0', '2-0', '2-1', '3-1']",4,Walk
639286.xml,4/8/2026,MARYLAND,GEORGETO,Elisea Wiegand,Taylor Francis,T4,29,"Taylor Francis fouled out to c, bunt (0-1 K).",FF2 BU,0,1__,KP,R,R,0,[],Away,Home,1__,1.0,1.0,"['0-0', '0-1']",4,Out
639286.xml,4/8/2026,MARYLAND,GEORGETO,Elisea Wiegand,Devyn Johnson,T4,30,Devyn Johnson lined out to 1b (0-0).,L3,1,1__,P,R,R,0,[],Away,Home,1__,2.0,1.0,['0-0'],4,Out
639286.xml,4/8/2026,MARYLAND,GEORGETO,Elisea Wiegand,Emily Strittmatter,T4,31,Emily Strittmatter popped up to ss (0-2 KF).,P6,2,1__,KFP,R,R,0,[],Away,Home,1__,3.0,1.0,"['0-0', '0-1', '0-2']",4,Out
639286.xml,4/8/2026,GEORGETO,MARYLAND,Marina Egbert,Zayda Rocke,B4,33,Zayda Rocke flied out to 2b (1-1 KB).,F4,0,___,KBP,R,R,0,[],Home,Away,___,1.0,1.0,"['0-0', '0-1', '1-1']",4,Out
639286.xml,4/8/2026,GEORGETO,MARYLAND,Marina Egbert,Logan Turner,B4,34,Logan Turner popped up to 2b (3-1 KBBB).,P4,1,___,KBBBP,R,R,0,[],Home,Away,___,2.0,1.0,"['0-0', '0-1', '1-1', '2-1', '3-1']",4,Out
639286.xml,4/8/2026,GEORGETO,MARYLAND,Marina Egbert,Caroline Fox,B4,35,"Caroline Fox singled to third base, bunt (0-0).",1B 5 BU,2,1__,P,L,R,0,[],Home,Away,___,2.0,0.0,['0-0'],4,Single
639286.xml,4/8/2026,GEORGETO,MARYLAND,Marina Egbert,Gracie Wilson,B4,37,Gracie Wilson walked (3-0 BBBB).,BB,2,1__,BBBB,R,R,0,[],Home,Away,1__,2.0,0.0,"['0-0', '1-0', '2-0', '3-0']",4,Walk
639286.xml,4/8/2026,GEORGETO,MARYLAND,Marina Egbert,Caitlyn Cornwell,B4,38,Caitlyn Cornwell singled to shortstop (0-1 F); Gracie Wilson advanced to second; Caroline Fox advanced to third.,1B 6,2,123,FP,L,R,0,[],Home,Away,1__,2.0,0.0,"['0-0', '0-1']",4,Single
639286.xml,4/8/2026,GEORGETO,MARYLAND,Marina Egbert,Bailey Murphy,B4,39,Bailey Murphy grounded out to 1b unassisted (1-2 KKBF).,3U,2,123,KKBFP,L,R,0,[],Home,Away,123,3.0,1.0,"['0-0', '0-1', '0-2', '1-2']",4,Out
639286.xml,4/8/2026,MARYLAND,GEORGETO,Elisea Wiegand,Nina Sarlo,T5,40,Nina Sarlo singled to pitcher (0-0).,1B 1,0,1__,P,R,R,0,[],Away,Home,___,0.0,0.0,['0-0'],5,Single
639286.xml,4/8/2026,MARYLAND,GEORGETO,Elisea Wiegand,Dani Koo,T5,41,Dani Koo struck out swinging (1-2 KBKS).,KS,0,1__,KBKS,R,R,0,[],Away,Home,1__,1.0,1.0,"['0-0', '0-1', '1-1', '1-2']",5,Strikeout
639286.xml,4/8/2026,MARYLAND,GEORGETO,Elisea Wiegand,Claire Turner,T5,42,Claire Turner flied out to lf (0-1 K).,F7,1,1__,KP,R,R,0,[],Away,Home,1__,2.0,1.0,"['0-0', '0-1']",5,Out
639286.xml,4/8/2026,GEORGETO,MARYLAND,Marina Egbert,Sammi Woods,B5,44,Sammi Woods grounded out to 3b (1-1 KB).,53,0,___,KBP,R,R,0,[],Home,Away,___,1.0,1.0,"['0-0', '0-1', '1-1']",5,Out
639286.xml,4/8/2026,GEORGETO,MARYLAND,Marina Egbert,Mariah Penta,B5,45,Mariah Penta flied out to ss (0-0).,F6,1,___,P,R,R,0,[],Home,Away,___,2.0,1.0,['0-0'],5,Out
639286.xml,4/8/2026,GEORGETO,MARYLAND,Marina Egbert,Matti Benson,B5,46,"Matti Benson singled to right field, out at second rf to 2b to ss (2-1 BBF).",1B RF 946,2,___,BBFP,L,R,0,[],Home,Away,___,3.0,1.0,"['0-0', '1-0', '2-0', '2-1']",5,Single
639286.xml,4/8/2026,MARYLAND,GEORGETO,Elisea Wiegand,Brooke Rebhan,T6,47,Brooke Rebhan singled to left center (1-2 KBF).,1B LC,0,1__,KBFP,R,R,0,[],Away,Home,___,0.0,0.0,"['0-0', '0-1', '1-1', '1-2']",6,Single
639286.xml,4/8/2026,MARYLAND,GEORGETO,Elisea Wiegand,Gabby Park,T6,48,Gabby Park singled up the middle (0-1 K); Brooke Rebhan advanced to second.,1B MI,0,12_,KP,L,R,0,[],Away,Home,1__,0.0,0.0,"['0-0', '0-1']",6,Single
639286.xml,4/8/2026,MARYLAND,GEORGETO,Elisea Wiegand,Dayanara Campos,T6,49,"Dayanara Campos homered to left field, 3 RBI (2-1 KBB); Gabby Park scored; Brooke Rebhan scored.",HR LF RBI3,0,___,KBBP,L,R,3,"['Elisea Wiegand', 'Elisea Wiegand', 'Elisea Wiegand']",Away,Home,12_,0.0,0.0,"['0-0', '0-1', '1-1', '2-1']",6,Home Run
639286.xml,4/8/2026,MARYLAND,GEORGETO,Elisea Wiegand,Taylor Francis,T6,50,Taylor Francis grounded out to 2b (2-1 KBB).,43,0,___,KBBP,R,R,0,[],Away,Home,___,1.0,1.0,"['0-0', '0-1', '1-1', '2-1']",6,Out
639286.xml,4/8/2026,MARYLAND,GEORGETO,Elisea Wiegand,Devyn Johnson,T6,51,Devyn Johnson flied out to cf to right center (1-1 BK).,F8 RC,1,___,BKP,R,R,0,[],Away,Home,___,2.0,1.0,"['0-0', '1-0', '1-1']",6,Out
639286.xml,4/8/2026,MARYLAND,GEORGETO,Elisea Wiegand,Emily Strittmatter,T6,52,Emily Strittmatter walked (3-1 BFBBB).,BB,2,1__,BFBBB,R,R,0,[],Away,Home,___,2.0,0.0,"['0-0', '1-0', '1-1', '2-1', '3-1']",6,Walk
639286.xml,4/8/2026,MARYLAND,GEORGETO,Elisea Wiegand,Nina Sarlo,T6,53,Nina Sarlo singled to right field (1-0 B); Emily Strittmatter advanced to second.,1B 9,2,12_,BP,R,R,0,[],Away,Home,1__,2.0,0.0,"['0-0', '1-0']",6,Single
639286.xml,4/8/2026,MARYLAND,GEORGETO,Keira Bucher,Ally Pearce,T6,56,Ally Pearce reached on a fielder's choice (0-0); Nina Sarlo advanced to second; Emily Strittmatter out at third ss to 3b.,FC,2,12_,N/A,L,R,0,[],Away,Home,12_,3.0,1.0,['Unknown'],6,Fielders Choice
639286.xml,4/8/2026,GEORGETO,MARYLAND,Marina Egbert,Zayda Rocke,B6,58,Zayda Rocke singled through the left side (3-1 BBBK).,1B LS,0,1__,BBBKP,R,R,0,[],Home,Away,___,0.0,0.0,"['0-0', '1-0', '2-0', '3-0', '3-1']",6,Single
639286.xml,4/8/2026,GEORGETO,MARYLAND,Marina Egbert,Logan Turner,B6,60,Logan Turner doubled to left field (2-1 KBB); Gracelyn Solarz advanced to third.,2B 7,0,_23,KBBP,R,R,0,[],Home,Away,1__,0.0,0.0,"['0-0', '0-1', '1-1', '2-1']",6,Double
639286.xml,4/8/2026,GEORGETO,MARYLAND,Marina Egbert,Caroline Fox,B6,62,"Caroline Fox singled to shortstop, RBI (2-2 BFBFF); Lauren Caye advanced to third; Gracelyn Solarz scored.",1B 6 RBI1,0,1_3,BFBFFP,L,R,1,['Marina Egbert'],Home,Away,_23,0.0,0.0,"['0-0', '1-0', '1-1', '2-1', '2-2']",6,Single
639286.xml,4/8/2026,GEORGETO,MARYLAND,Marina Egbert,Gracie Wilson,B6,63,Gracie Wilson grounded out to ss (1-0 B); Caroline Fox advanced to second.,63,0,_23,BP,R,R,0,[],Home,Away,1_3,1.0,1.0,"['0-0', '1-0']",6,Out
639286.xml,4/8/2026,GEORGETO,MARYLAND,Marina Egbert,"Rodmyre,Sage",B6,65,Sage Rodmyre grounded out to ss (2-2 KBBK).,63,1,_23,KBBKP,R,R,0,[],Home,Away,_23,2.0,1.0,"['0-0', '0-1', '1-1', '2-1', '2-2']",6,Out
639286.xml,4/8/2026,GEORGETO,MARYLAND,Marina Egbert,Jaylee Williams,B6,67,"Jaylee Williams singled to pitcher, RBI (0-0); Caroline Fox advanced to third; Lauren Caye scored.",1B 1 RBI1,2,1_3,P,L,R,1,['Marina Egbert'],Home,Away,_23,2.0,0.0,['0-0'],6,Single
639286.xml,4/8/2026,GEORGETO,MARYLAND,Marina Egbert,Sammi Woods,B6,68,Sammi Woods popped up to 3b (1-0 B).,P5,2,1_3,BP,R,R,0,[],Home,Away,1_3,3.0,1.0,"['0-0', '1-0']",6,Out
639286.xml,4/8/2026,MARYLAND,GEORGETO,Keira Bucher,Claire Turner,T7,73,Claire Turner grounded out to 2b (1-1 BK).,43,0,___,BKP,R,R,0,[],Away,Home,___,1.0,1.0,"['0-0', '1-0', '1-1']",7,Out
639286.xml,4/8/2026,MARYLAND,GEORGETO,Keira Bucher,Brooke Rebhan,T7,74,Brooke Rebhan struck out swinging (1-2 KFBS).,KS,1,___,KFBS,R,R,0,[],Away,Home,___,2.0,1.0,"['0-0', '0-1', '0-2', '1-2']",7,Strikeout
639286.xml,4/8/2026,MARYLAND,GEORGETO,Keira Bucher,Gabby Park,T7,75,Gabby Park struck out swinging (3-2 BBKBKS).,KS,2,___,BBKBKS,L,R,0,[],Away,Home,___,3.0,1.0,"['0-0', '1-0', '2-0', '2-1', '3-1', '3-2']",7,Strikeout
639286.xml,4/8/2026,GEORGETO,MARYLAND,Marina Egbert,Mariah Penta,B7,76,Mariah Penta flied out to cf (0-0).,F8,0,___,P,R,R,0,[],Home,Away,___,1.0,1.0,['0-0'],7,Out
639286.xml,4/8/2026,GEORGETO,MARYLAND,Marina Egbert,Matti Benson,B7,77,"Matti Benson reached first on a throwing error by p, advanced to second (1-2 KBK).",E1T +,1,_2_,KBKP,L,R,0,[],Home,Away,___,1.0,0.0,"['0-0', '0-1', '1-1', '1-2']",7,Reached on Error
639286.xml,4/8/2026,GEORGETO,MARYLAND,Marina Egbert,Zayda Rocke,B7,78,"Zayda Rocke homered to left field, 2 RBI (0-0); Matti Benson scored, unearned.",HR 7 RBI2,1,___,P,R,R,2,"['Marina Egbert', 'Marina Egbert']",Home,Away,_2_,1.0,0.0,['0-0'],7,Home Run
628958.xml,4/10/2026,MARYLAND,OREGON,Caitlin Olensky,Elon Butler,T1,1,Elon Butler walked (3-2 FBFBBB).,BB,0,1__,FBFBBB,R,L,0,[],Away,Home,___,0.0,0.0,"['0-0', '0-1', '1-1', '1-2', '2-2', '3-2']",1,Walk
628958.xml,4/10/2026,MARYLAND,OREGON,Caitlin Olensky,Kaylynn Jones,T1,2,Kaylynn Jones singled to left field (0-1 K); Elon Butler advanced to second.,1B 7,0,12_,KP,L,L,0,[],Away,Home,1__,0.0,0.0,"['0-0', '0-1']",1,Single
628958.xml,4/10/2026,MARYLAND,OREGON,Caitlin Olensky,Amari Harper,T1,3,Amari Harper grounded out to 3b (2-2 BKFBF); Kaylynn Jones advanced to second; Elon Butler out at third 3b unassisted.,53,0,_2_,BKFBFP,L,L,0,[],Away,Home,12_,2.0,2.0,"['0-0', '1-0', '1-1', '1-2', '2-2']",1,Out
628958.xml,4/10/2026,MARYLAND,OREGON,Caitlin Olensky,Emma Cox,T1,4,Emma Cox flied out to cf (1-0 B).,F8,2,_2_,BP,R,L,0,[],Away,Home,_2_,3.0,1.0,"['0-0', '1-0']",1,Out
628958.xml,4/10/2026,OREGON,MARYLAND,Lyndsey Grein,Sammi Woods,B1,5,Sammi Woods grounded out to p (2-2 KKBFFB).,13,0,___,KKBFFBP,R,R,0,[],Home,Away,___,1.0,1.0,"['0-0', '0-1', '0-2', '1-2', '2-2']",1,Out
628958.xml,4/10/2026,OREGON,MARYLAND,Lyndsey Grein,Bailey Murphy,B1,6,Bailey Murphy singled to left center (1-2 KKFB).,1B LC,1,1__,KKFBP,L,R,0,[],Home,Away,___,1.0,0.0,"['0-0', '0-1', '0-2', '1-2']",1,Single
628958.xml,4/10/2026,OREGON,MARYLAND,Lyndsey Grein,Mariah Penta,B1,7,Mariah Penta struck out looking (0-2 SFK).,KL,1,1__,SFK,R,R,0,[],Home,Away,1__,2.0,1.0,"['0-0', '0-1', '0-2']",1,Strikeout
628958.xml,4/10/2026,OREGON,MARYLAND,Lyndsey Grein,Matti Benson,B1,8,Matti Benson struck out looking (1-2 SKBK).,KL,2,1__,SKBK,L,R,0,[],Home,Away,1__,3.0,1.0,"['0-0', '0-1', '0-2', '1-2']",1,Strikeout
628958.xml,4/10/2026,MARYLAND,OREGON,Caitlin Olensky,Ayanna Shaw,T2,9,Ayanna Shaw grounded out to 2b (0-1 F).,43,0,___,FP,L,L,0,[],Away,Home,___,1.0,1.0,"['0-0', '0-1']",2,Out
628958.xml,4/10/2026,MARYLAND,OREGON,Caitlin Olensky,Taryn Ho,T2,10,Taryn Ho singled through the left side (2-1 BFB).,1B LS,1,1__,BFBP,R,L,0,[],Away,Home,___,1.0,0.0,"['0-0', '1-0', '1-1', '2-1']",2,Single
628958.xml,4/10/2026,MARYLAND,OREGON,Caitlin Olensky,Stefini Ma'Ake,T2,11,Stefini Ma'Ake reached on a fielder's choice (1-0 B); Taryn Ho out at second 2b to ss.,FC,1,1__,BP,R,L,0,[],Away,Home,1__,2.0,1.0,"['0-0', '1-0']",2,Fielders Choice
628958.xml,4/10/2026,MARYLAND,OREGON,Caitlin Olensky,Addison Amaral,T2,12,Addison Amaral walked (3-2 BKBBKB); Stefini Ma'Ake advanced to second.,BB,2,12_,BKBBKB,R,L,0,[],Away,Home,1__,2.0,0.0,"['0-0', '1-0', '1-1', '2-1', '3-1', '3-2']",2,Walk
628958.xml,4/10/2026,MARYLAND,OREGON,Caitlin Olensky,Katie Flannery,T2,13,Katie Flannery singled to center field (0-0); Addison Amaral advanced to second; Stefini Ma'Ake advanced to third.,1B 8,2,123,P,R,L,0,[],Away,Home,12_,2.0,0.0,['0-0'],2,Single
628958.xml,4/10/2026,MARYLAND,OREGON,Caitlin Olensky,Elon Butler,T2,14,Elon Butler flied out to ss (1-0 B).,F6,2,123,BP,R,L,0,[],Away,Home,123,3.0,1.0,"['0-0', '1-0']",2,Out
628958.xml,4/10/2026,OREGON,MARYLAND,Lyndsey Grein,Zayda Rocke,B2,15,Zayda Rocke struck out swinging (1-2 FBKS).,KS,0,___,FBKS,R,R,0,[],Home,Away,___,1.0,1.0,"['0-0', '0-1', '1-1', '1-2']",2,Strikeout
628958.xml,4/10/2026,OREGON,MARYLAND,Lyndsey Grein,Anna McGowan,B2,16,Anna McGowan struck out swinging (2-2 BSKBS).,KS,1,___,BSKBS,R,R,0,[],Home,Away,___,2.0,1.0,"['0-0', '1-0', '1-1', '1-2', '2-2']",2,Strikeout
628958.xml,4/10/2026,OREGON,MARYLAND,Lyndsey Grein,Caroline Fox,B2,17,Caroline Fox struck out swinging (0-2 SSS).,KS,2,___,SSS,L,R,0,[],Home,Away,___,3.0,1.0,"['0-0', '0-1', '0-2']",2,Strikeout
628958.xml,4/10/2026,MARYLAND,OREGON,Caitlin Olensky,Kaylynn Jones,T3,18,Kaylynn Jones walked (3-2 BKBKBB).,BB,0,1__,BKBKBB,L,L,0,[],Away,Home,___,0.0,0.0,"['0-0', '1-0', '1-1', '2-1', '2-2', '3-2']",3,Walk
628958.xml,4/10/2026,MARYLAND,OREGON,Caitlin Olensky,Amari Harper,T3,19,Amari Harper singled to right field (2-1 BFB); Kaylynn Jones advanced to third.,1B 9,0,1_3,BFBP,L,L,0,[],Away,Home,1__,0.0,0.0,"['0-0', '1-0', '1-1', '2-1']",3,Single
628958.xml,4/10/2026,MARYLAND,OREGON,Caitlin Olensky,Emma Cox,T3,20,"Emma Cox homered to right center, 3 RBI (2-0 BB); Amari Harper scored; Kaylynn Jones scored.",HR RC RBI3,0,___,BBP,R,L,3,"['Caitlin Olensky', 'Caitlin Olensky', 'Caitlin Olensky']",Away,Home,1_3,0.0,0.0,"['0-0', '1-0', '2-0']",3,Home Run
628958.xml,4/10/2026,MARYLAND,OREGON,Caitlin Olensky,Ayanna Shaw,T3,21,Ayanna Shaw tripled to left field (0-1 K).,3B LF,0,__3,KP,L,L,0,[],Away,Home,___,0.0,0.0,"['0-0', '0-1']",3,Triple
628958.xml,4/10/2026,MARYLAND,OREGON,Caitlin Olensky,Taryn Ho,T3,22,"Taryn Ho singled to third base, RBI (1-1 FB); Ayanna Shaw scored.",1B 5 RBI1,0,1__,FBP,R,L,1,['Caitlin Olensky'],Away,Home,__3,0.0,0.0,"['0-0', '0-1', '1-1']",3,Single
628958.xml,4/10/2026,MARYLAND,OREGON,Caitlin Olensky,Stefini Ma'Ake,T3,24,Stefini Ma'Ake flied out to 1b (0-0).,F3,0,1__,N/A,R,L,0,[],Away,Home,1__,1.0,1.0,['Unknown'],3,Out
628958.xml,4/10/2026,MARYLAND,OREGON,Caitlin Olensky,Addison Amaral,T3,25,Addison Amaral lined out to cf (1-0 B); Taryn Ho advanced to third.,L8,1,1_3,BP,R,L,0,[],Away,Home,1__,2.0,1.0,"['0-0', '1-0']",3,Out
628958.xml,4/10/2026,MARYLAND,OREGON,Caitlin Olensky,Katie Flannery,T3,27,Katie Flannery flied out to cf (2-0 BB).,F8,2,1_3,BBP,R,L,0,[],Away,Home,1_3,3.0,1.0,"['0-0', '1-0', '2-0']",3,Out
628958.xml,4/10/2026,OREGON,MARYLAND,Lyndsey Grein,Jaylee Williams,B3,29,Jaylee Williams struck out swinging (1-2 BSSS).,KS,0,___,BSSS,L,R,0,[],Home,Away,___,1.0,1.0,"['0-0', '1-0', '1-1', '1-2']",3,Strikeout
628958.xml,4/10/2026,OREGON,MARYLAND,Lyndsey Grein,Caitlyn Cornwell,B3,30,Caitlyn Cornwell grounded out to ss (0-0).,63,1,___,P,L,R,0,[],Home,Away,___,2.0,1.0,['0-0'],3,Out
628958.xml,4/10/2026,OREGON,MARYLAND,Lyndsey Grein,Sammi Woods,B3,31,Sammi Woods struck out swinging (2-2 KBFBS).,KS,2,___,KBFBS,R,R,0,[],Home,Away,___,3.0,1.0,"['0-0', '0-1', '1-1', '1-2', '2-2']",3,Strikeout
628958.xml,4/10/2026,MARYLAND,OREGON,Aubrey Wurst,Elon Butler,T4,34,Elon Butler walked (3-1 BBBKB).,BB,0,1__,BBBKB,R,R,0,[],Away,Home,___,0.0,0.0,"['0-0', '1-0', '2-0', '3-0', '3-1']",4,Walk
628958.xml,4/10/2026,MARYLAND,OREGON,Aubrey Wurst,Kaylynn Jones,T4,35,Kaylynn Jones walked (3-1 BBBKB); Elon Butler advanced to second.,BB,0,12_,BBBKB,L,R,0,[],Away,Home,1__,0.0,0.0,"['0-0', '1-0', '2-0', '3-0', '3-1']",4,Walk
628958.xml,4/10/2026,MARYLAND,OREGON,Aubrey Wurst,Amari Harper,T4,36,"Amari Harper singled, bunt (0-0); Kaylynn Jones advanced to second; Elon Butler advanced to third.",1B BU,0,123,P,L,R,0,[],Away,Home,12_,0.0,0.0,['0-0'],4,Single
628958.xml,4/10/2026,MARYLAND,OREGON,Aubrey Wurst,Emma Cox,T4,38,"Emma Cox walked, RBI (3-0 BBBB); Presley Lawton advanced to second; Kaylynn Jones advanced to third; Elon Butler scored.",BB RBI1,0,123,BBBB,R,R,1,['Aubrey Wurst'],Away,Home,123,0.0,0.0,"['0-0', '1-0', '2-0', '3-0']",4,Walk
628958.xml,4/10/2026,MARYLAND,OREGON,Caitlin Olensky,Ayanna Shaw,T4,41,"Ayanna Shaw flied out to cf, sacrifice fly, RBI (1-2 KBFF); Regan Legg advanced to second; Presley Lawton advanced to third; Kaylynn Jones scored.",F8 SF RBI1,0,_23,KBFFP,L,L,1,['Aubrey Wurst'],Away,Home,123,1.0,1.0,"['0-0', '0-1', '1-1', '1-2']",4,Sacrifice Fly
628958.xml,4/10/2026,MARYLAND,OREGON,Caitlin Olensky,Taryn Ho,T4,42,"Taryn Ho singled to right field, RBI (0-2 FK); Regan Legg advanced to third; Presley Lawton scored.",1B 9 RBI1,1,1_3,FKP,R,L,1,['Aubrey Wurst'],Away,Home,_23,1.0,0.0,"['0-0', '0-1', '0-2']",4,Single
628958.xml,4/10/2026,MARYLAND,OREGON,Caitlin Olensky,Remmington Hewitt,T4,45,Remmington Hewitt walked (3-0 BBBB).,BB,1,1_3,BBBB,R,L,0,[],Away,Home,1_3,1.0,0.0,"['0-0', '1-0', '2-0', '3-0']",4,Walk
628958.xml,4/10/2026,MARYLAND,OREGON,Caitlin Olensky,Addison Amaral,T4,46,Addison Amaral popped up to 1b (0-1 K).,P3,1,1_3,KP,R,L,0,[],Away,Home,1_3,2.0,1.0,"['0-0', '0-1']",4,Out
628958.xml,4/10/2026,MARYLAND,OREGON,Caitlin Olensky,Katie Flannery,T4,47,Katie Flannery grounded out to 3b (3-1 BBKB).,53,2,1_3,BBKBP,R,L,0,[],Away,Home,1_3,3.0,1.0,"['0-0', '1-0', '2-0', '2-1', '3-1']",4,Out
628958.xml,4/10/2026,OREGON,MARYLAND,Lyndsey Grein,Bailey Murphy,B4,51,Bailey Murphy singled to left center (1-2 FBFF).,1B LC,0,1__,FBFFP,L,R,0,[],Home,Away,___,0.0,0.0,"['0-0', '0-1', '1-1', '1-2']",4,Single
628958.xml,4/10/2026,OREGON,MARYLAND,Lyndsey Grein,Mariah Penta,B4,52,Mariah Penta reached on a fielder's choice (2-2 BFSB); Bailey Murphy out at second 1b to ss.,FC,0,1__,BFSBP,R,R,0,[],Home,Away,1__,1.0,1.0,"['0-0', '1-0', '1-1', '1-2', '2-2']",4,Fielders Choice
628958.xml,4/10/2026,OREGON,MARYLAND,Lyndsey Grein,Matti Benson,B4,53,Matti Benson flied out to ss (2-1 FBB).,F6,1,1__,FBBP,L,R,0,[],Home,Away,1__,2.0,1.0,"['0-0', '0-1', '1-1', '2-1']",4,Out
628958.xml,4/10/2026,OREGON,MARYLAND,Lyndsey Grein,Zayda Rocke,B4,54,Zayda Rocke struck out swinging (1-2 KSBS).,KS,2,1__,KSBS,R,R,0,[],Home,Away,1__,3.0,1.0,"['0-0', '0-1', '0-2', '1-2']",4,Strikeout
628958.xml,4/10/2026,MARYLAND,OREGON,Caitlin Olensky,Elon Butler,T5,55,Elon Butler flied out to ss (0-0).,F6,0,___,P,R,L,0,[],Away,Home,___,1.0,1.0,['0-0'],5,Out
628958.xml,4/10/2026,MARYLAND,OREGON,Caitlin Olensky,Kaylynn Jones,T5,56,Kaylynn Jones walked (3-2 BKSBBB).,BB,1,1__,BKSBBB,L,L,0,[],Away,Home,___,1.0,0.0,"['0-0', '1-0', '1-1', '1-2', '2-2', '3-2']",5,Walk
628958.xml,4/10/2026,MARYLAND,OREGON,Caitlin Olensky,Amari Harper,T5,58,"Amari Harper homered to right center, 2 RBI (2-2 BKSBFF); Kaylynn Jones scored.",HR RC RBI2,1,1__,BKSBFFP,L,L,2,"['Caitlin Olensky', 'Caitlin Olensky']",Away,Home,1__,1.0,0.0,"['0-0', '1-0', '1-1', '1-2', '2-2']",5,Home Run
628958.xml,4/10/2026,MARYLAND,OREGON,Caitlin Olensky,Emma Cox,T5,59,Emma Cox lined out to 1b (2-2 KBFBF).,L3,1,1__,KBFBFP,R,L,0,[],Away,Home,1__,2.0,1.0,"['0-0', '0-1', '1-1', '1-2', '2-2']",5,Out
628958.xml,4/10/2026,MARYLAND,OREGON,Caitlin Olensky,Ayanna Shaw,T5,60,Ayanna Shaw grounded out to 2b (1-1 BF).,43,2,1__,BFP,L,L,0,[],Away,Home,1__,3.0,1.0,"['0-0', '1-0', '1-1']",5,Out
628958.xml,4/10/2026,OREGON,MARYLAND,Maddie Milhorn,Anna McGowan,B5,62,Anna McGowan struck out swinging (0-2 KSFS).,KS,0,___,KSFS,R,R,0,[],Home,Away,___,1.0,1.0,"['0-0', '0-1', '0-2']",5,Strikeout
628958.xml,4/10/2026,OREGON,MARYLAND,Maddie Milhorn,Caroline Fox,B5,63,Caroline Fox grounded out to ss (0-1 K).,63,1,___,KP,L,R,0,[],Home,Away,___,2.0,1.0,"['0-0', '0-1']",5,Out
628958.xml,4/10/2026,OREGON,MARYLAND,Maddie Milhorn,Jaylee Williams,B5,64,Jaylee Williams singled to pitcher (3-2 BSBBK).,1B 1,2,1__,BSBBKP,L,R,0,[],Home,Away,___,2.0,0.0,"['0-0', '1-0', '1-1', '2-1', '3-1', '3-2']",5,Single
628958.xml,4/10/2026,OREGON,MARYLAND,Maddie Milhorn,Caitlyn Cornwell,B5,65,Caitlyn Cornwell struck out swinging (1-2 KKBS).,KS,2,1__,KKBS,L,R,0,[],Home,Away,1__,3.0,1.0,"['0-0', '0-1', '0-2', '1-2']",5,Strikeout
628959.xml,4/11/2026,MARYLAND,OREGON,Keira Bucher,Elon Butler,T1,3,Elon Butler struck out swinging (1-2 KKFBS).,KS,0,___,KKFBS,R,R,0,[],Away,Home,___,1.0,1.0,"['0-0', '0-1', '0-2', '1-2']",1,Strikeout
628959.xml,4/11/2026,MARYLAND,OREGON,Keira Bucher,Kaylynn Jones,T1,4,Kaylynn Jones popped up to ss (2-1 BFB).,P6,1,___,BFBP,L,R,0,[],Away,Home,___,2.0,1.0,"['0-0', '1-0', '1-1', '2-1']",1,Out
628959.xml,4/11/2026,MARYLAND,OREGON,Keira Bucher,Amari Harper,T1,5,Amari Harper lined out to 2b (1-0 B).,L4,2,___,BP,L,R,0,[],Away,Home,___,3.0,1.0,"['0-0', '1-0']",1,Out
628959.xml,4/11/2026,OREGON,MARYLAND,Taylour Spencer,Sammi Woods,B1,6,Sammi Woods grounded out to 2b (1-1 KB).,43,0,___,KBP,R,R,0,[],Home,Away,___,1.0,1.0,"['0-0', '0-1', '1-1']",1,Out
628959.xml,4/11/2026,OREGON,MARYLAND,Taylour Spencer,Bailey Murphy,B1,7,Bailey Murphy singled to center field (0-0).,1B 8,1,1__,N/A,L,R,0,[],Home,Away,___,1.0,0.0,['Unknown'],1,Single
628959.xml,4/11/2026,OREGON,MARYLAND,Taylour Spencer,Mariah Penta,B1,8,Mariah Penta doubled to left field (2-2 BBFK); Bailey Murphy advanced to third.,2B LF,1,_23,BBFKP,R,R,0,[],Home,Away,1__,1.0,0.0,"['0-0', '1-0', '2-0', '2-1', '2-2']",1,Double
628959.xml,4/11/2026,OREGON,MARYLAND,Taylour Spencer,Matti Benson,B1,9,"Matti Benson lined out to cf, sacrifice fly, RBI (1-0 B); Bailey Murphy scored.",L8 SF RBI1,1,_2_,BP,L,R,1,['Taylour Spencer'],Home,Away,_23,2.0,1.0,"['0-0', '1-0']",1,Sacrifice Fly
628959.xml,4/11/2026,OREGON,MARYLAND,Taylour Spencer,Zayda Rocke,B1,10,Zayda Rocke grounded out to ss (2-1 BBF).,63,2,_2_,BBFP,R,R,0,[],Home,Away,_2_,3.0,1.0,"['0-0', '1-0', '2-0', '2-1']",1,Out
628959.xml,4/11/2026,MARYLAND,OREGON,Keira Bucher,Emma Cox,T2,11,Emma Cox singled to left center (3-2 KBBBK).,1B LC,0,1__,KBBBKP,R,R,0,[],Away,Home,___,0.0,0.0,"['0-0', '0-1', '1-1', '2-1', '3-1', '3-2']",2,Single
628959.xml,4/11/2026,MARYLAND,OREGON,Keira Bucher,Ayanna Shaw,T2,13,Ayanna Shaw flied out to lf (1-1 BS).,F7,0,1__,BSP,L,R,0,[],Away,Home,1__,2.0,2.0,"['0-0', '1-0', '1-1']",2,Out
628959.xml,4/11/2026,MARYLAND,OREGON,Keira Bucher,Taryn Ho,T2,15,Taryn Ho flied out to cf (2-2 BFBKFF).,F8,2,1__,BFBKFFP,R,R,0,[],Away,Home,1__,3.0,1.0,"['0-0', '1-0', '1-1', '2-1', '2-2']",2,Out
628959.xml,4/11/2026,OREGON,MARYLAND,Taylour Spencer,Anna McGowan,B2,17,Anna McGowan flied out to ss (0-0).,F6,0,___,P,R,R,0,[],Home,Away,___,1.0,1.0,['0-0'],2,Out
628959.xml,4/11/2026,OREGON,MARYLAND,Taylour Spencer,Caroline Fox,B2,18,"Caroline Fox out at first 1b to 2b, bunt (0-1 K).",34 BU,1,___,KP,L,R,0,[],Home,Away,___,2.0,1.0,"['0-0', '0-1']",2,Out
628959.xml,4/11/2026,OREGON,MARYLAND,Taylour Spencer,Gracie Wilson,B2,19,Gracie Wilson grounded out to 2b (1-1 SB).,43,2,___,SBP,R,R,0,[],Home,Away,___,3.0,1.0,"['0-0', '0-1', '1-1']",2,Out
628959.xml,4/11/2026,MARYLAND,OREGON,Keira Bucher,Stefini Ma'Ake,T3,20,Stefini Ma'Ake singled to left field (0-2 KK).,1B 7,0,1__,KKP,R,R,0,[],Away,Home,___,0.0,0.0,"['0-0', '0-1', '0-2']",3,Single
628959.xml,4/11/2026,MARYLAND,OREGON,Keira Bucher,Addison Amaral,T3,21,Addison Amaral lined out to ss (2-2 BFBF).,L6,0,1__,BFBFP,R,R,0,[],Away,Home,1__,1.0,1.0,"['0-0', '1-0', '1-1', '2-1', '2-2']",3,Out
628959.xml,4/11/2026,MARYLAND,OREGON,Keira Bucher,Katie Flannery,T3,22,Katie Flannery grounded out to 3b (1-2 BKK); Stefini Ma'Ake advanced to second.,53,1,_2_,BKKP,R,R,0,[],Away,Home,1__,2.0,1.0,"['0-0', '1-0', '1-1', '1-2']",3,Out
628959.xml,4/11/2026,MARYLAND,OREGON,Keira Bucher,Elon Butler,T3,23,Elon Butler grounded out to 3b (2-1 BBK).,53,2,_2_,BBKP,R,R,0,[],Away,Home,_2_,3.0,1.0,"['0-0', '1-0', '2-0', '2-1']",3,Out
628959.xml,4/11/2026,OREGON,MARYLAND,Taylour Spencer,Caitlyn Cornwell,B3,24,Caitlyn Cornwell singled to pitcher (0-0).,1B 1,0,1__,P,L,R,0,[],Home,Away,___,0.0,0.0,['0-0'],3,Single
628959.xml,4/11/2026,OREGON,MARYLAND,Taylour Spencer,Sammi Woods,B3,25,Sammi Woods flied out to cf (1-1 FB).,F8,0,1__,FBP,R,R,0,[],Home,Away,1__,1.0,1.0,"['0-0', '0-1', '1-1']",3,Out
628959.xml,4/11/2026,OREGON,MARYLAND,Taylour Spencer,Bailey Murphy,B3,26,Bailey Murphy reached on a fielder's choice (0-0); Caitlyn Cornwell out at second 2b to ss.,FC,1,1__,P,L,R,0,[],Home,Away,1__,2.0,1.0,['0-0'],3,Fielders Choice
628959.xml,4/11/2026,OREGON,MARYLAND,Taylour Spencer,Mariah Penta,B3,27,Mariah Penta reached on a fielder's choice (0-0); Bailey Murphy out at second ss to 2b.,FC,2,1__,N/A,R,R,0,[],Home,Away,1__,3.0,1.0,['Unknown'],3,Fielders Choice
628959.xml,4/11/2026,MARYLAND,OREGON,Keira Bucher,Kaylynn Jones,T4,28,Kaylynn Jones reached first on a fielding error by ss (2-2 BKBK).,E6F,0,1__,BKBKP,L,R,0,[],Away,Home,___,0.0,0.0,"['0-0', '1-0', '1-1', '2-1', '2-2']",4,Reached on Error
628959.xml,4/11/2026,MARYLAND,OREGON,Keira Bucher,Amari Harper,T4,29,Amari Harper grounded out to 2b (1-1 BK); Kaylynn Jones advanced to second.,43,0,_2_,BKP,L,R,0,[],Away,Home,1__,1.0,1.0,"['0-0', '1-0', '1-1']",4,Out
628959.xml,4/11/2026,MARYLAND,OREGON,Keira Bucher,Emma Cox,T4,30,Emma Cox walked (3-0 BBBB).,BB,1,12_,BBBB,R,R,0,[],Away,Home,_2_,1.0,0.0,"['0-0', '1-0', '2-0', '3-0']",4,Walk
628959.xml,4/11/2026,MARYLAND,OREGON,Keira Bucher,Ayanna Shaw,T4,31,Ayanna Shaw reached on a fielder's choice (3-2 BBKBK); Emma Cox out at second 1b to ss; Kaylynn Jones advanced to third.,FC,1,1_3,BBKBKP,L,R,0,[],Away,Home,12_,2.0,1.0,"['0-0', '1-0', '2-0', '2-1', '3-1', '3-2']",4,Fielders Choice
628959.xml,4/11/2026,MARYLAND,OREGON,Keira Bucher,Taryn Ho,T4,32,"Taryn Ho singled up the middle, RBI (0-0); Ayanna Shaw advanced to second; Kaylynn Jones scored, unearned.",1B MI RBI1,2,12_,P,R,R,1,['Keira Bucher'],Away,Home,1_3,2.0,0.0,['0-0'],4,Single
628959.xml,4/11/2026,MARYLAND,OREGON,Keira Bucher,Stefini Ma'Ake,T4,33,"Stefini Ma'Ake singled up the middle, RBI (1-2 BKF); Taryn Ho advanced to second; Ayanna Shaw scored.",1B MI RBI1,2,12_,BKFP,R,R,1,['Keira Bucher'],Away,Home,12_,2.0,0.0,"['0-0', '1-0', '1-1', '1-2']",4,Single
628959.xml,4/11/2026,MARYLAND,OREGON,Keira Bucher,Addison Amaral,T4,34,"Addison Amaral singled up the middle, RBI (1-1 FB); Stefini Ma'Ake advanced to second; Taryn Ho scored.",1B MI RBI1,2,12_,FBP,R,R,1,['Keira Bucher'],Away,Home,12_,2.0,0.0,"['0-0', '0-1', '1-1']",4,Single
628959.xml,4/11/2026,MARYLAND,OREGON,Keira Bucher,Katie Flannery,T4,35,Katie Flannery walked (3-2 BKFBBFFFFFB); Addison Amaral advanced to second; Stefini Ma'Ake advanced to third.,BB,2,123,BKFBBFFFFFB,R,R,0,[],Away,Home,12_,2.0,0.0,"['0-0', '1-0', '1-1', '1-2', '2-2', '3-2']",4,Walk
628959.xml,4/11/2026,MARYLAND,OREGON,Keira Bucher,Elon Butler,T4,36,Elon Butler reached on a fielder's choice (0-0); Katie Flannery advanced to second; Addison Amaral out at third 3b unassisted.,FC,2,123,N/A,R,R,0,[],Away,Home,123,3.0,1.0,['Unknown'],4,Fielders Choice
628959.xml,4/11/2026,OREGON,MARYLAND,Taylour Spencer,Matti Benson,B4,37,Matti Benson doubled to center field (1-0 B).,2B CF,0,_2_,BP,L,R,0,[],Home,Away,___,0.0,0.0,"['0-0', '1-0']",4,Double
628959.xml,4/11/2026,OREGON,MARYLAND,Taylour Spencer,Zayda Rocke,B4,38,"Zayda Rocke homered to center field, 2 RBI (0-0); Matti Benson scored.",HR CF RBI2,0,___,P,R,R,2,"['Taylour Spencer', 'Taylour Spencer']",Home,Away,_2_,0.0,0.0,['0-0'],4,Home Run
628959.xml,4/11/2026,OREGON,MARYLAND,Maddie Milhorn,Anna McGowan,B4,40,Anna McGowan struck out looking (1-2 SFBK).,KL,0,___,SFBK,R,R,0,[],Home,Away,___,1.0,1.0,"['0-0', '0-1', '0-2', '1-2']",4,Strikeout
628959.xml,4/11/2026,OREGON,MARYLAND,Maddie Milhorn,"Rodmyre,Sage",B4,42,Sage Rodmyre reached first on a fielding error by 3b (1-0 B).,E5F,1,1__,BP,R,R,0,[],Home,Away,___,1.0,0.0,"['0-0', '1-0']",4,Reached on Error
628959.xml,4/11/2026,OREGON,MARYLAND,Maddie Milhorn,Jaylee Williams,B4,45,Jaylee Williams struck out swinging (1-2 BFFFFS).,KS,1,1__,BFFFFS,L,R,0,[],Home,Away,1__,2.0,1.0,"['0-0', '1-0', '1-1', '1-2']",4,Strikeout
628959.xml,4/11/2026,OREGON,MARYLAND,Maddie Milhorn,Caitlyn Cornwell,B4,46,Caitlyn Cornwell grounded out to ss (1-0 B).,63,2,1__,BP,L,R,0,[],Home,Away,1__,3.0,1.0,"['0-0', '1-0']",4,Out
628959.xml,4/11/2026,MARYLAND,OREGON,Keira Bucher,Kaylynn Jones,T5,49,Kaylynn Jones grounded out to p (0-1 F).,13,0,___,FP,L,R,0,[],Away,Home,___,1.0,1.0,"['0-0', '0-1']",5,Out
628959.xml,4/11/2026,MARYLAND,OREGON,Keira Bucher,Amari Harper,T5,50,Amari Harper walked (3-0 BBBB).,BB,1,1__,BBBB,L,R,0,[],Away,Home,___,1.0,0.0,"['0-0', '1-0', '2-0', '3-0']",5,Walk
628959.xml,4/11/2026,MARYLAND,OREGON,Keira Bucher,Emma Cox,T5,52,Emma Cox walked (3-2 BBBKFFFB); Elyse Kresho advanced to second.,BB,1,12_,BBBKFFFB,R,R,0,[],Away,Home,1__,1.0,0.0,"['0-0', '1-0', '2-0', '3-0', '3-1', '3-2']",5,Walk
628959.xml,4/11/2026,MARYLAND,OREGON,Keira Bucher,Ayanna Shaw,T5,53,Ayanna Shaw reached on a fielder's choice (2-1 FBB); Emma Cox out at second 2b unassisted; Elyse Kresho advanced to third.,FC,1,1_3,FBBP,L,R,0,[],Away,Home,12_,2.0,1.0,"['0-0', '0-1', '1-1', '2-1']",5,Fielders Choice
628959.xml,4/11/2026,MARYLAND,OREGON,Keira Bucher,Taryn Ho,T5,54,Taryn Ho lined out to ss (3-1 BBFB).,L6,2,1_3,BBFBP,R,R,0,[],Away,Home,1_3,3.0,1.0,"['0-0', '1-0', '2-0', '2-1', '3-1']",5,Out
628959.xml,4/11/2026,OREGON,MARYLAND,Maddie Milhorn,Sammi Woods,B5,56,Sammi Woods walked (3-2 BFBBFB).,BB,0,1__,BFBBFB,R,R,0,[],Home,Away,___,0.0,0.0,"['0-0', '1-0', '1-1', '2-1', '3-1', '3-2']",5,Walk
628959.xml,4/11/2026,OREGON,MARYLAND,Lyndsey Grein,Bailey Murphy,B5,59,Bailey Murphy struck out swinging (1-2 FBFFS).,KS,0,1__,FBFFS,L,R,0,[],Home,Away,1__,1.0,1.0,"['0-0', '0-1', '1-1', '1-2']",5,Strikeout
628959.xml,4/11/2026,OREGON,MARYLAND,Lyndsey Grein,Mariah Penta,B5,60,Mariah Penta flied out to cf (1-2 SBK).,F8,1,1__,SBKP,R,R,0,[],Home,Away,1__,2.0,1.0,"['0-0', '0-1', '1-1', '1-2']",5,Out
628959.xml,4/11/2026,OREGON,MARYLAND,Lyndsey Grein,Matti Benson,B5,61,Matti Benson flied out to ss (0-1 K).,F6,2,1__,KP,L,R,0,[],Home,Away,1__,3.0,1.0,"['0-0', '0-1']",5,Out
628959.xml,4/11/2026,MARYLAND,OREGON,Keira Bucher,Stefini Ma'Ake,T6,62,Stefini Ma'Ake flied out to cf (2-1 FBB).,F8,0,___,FBBP,R,R,0,[],Away,Home,___,1.0,1.0,"['0-0', '0-1', '1-1', '2-1']",6,Out
628959.xml,4/11/2026,MARYLAND,OREGON,Keira Bucher,Addison Amaral,T6,63,Addison Amaral flied out to lf (1-1 KB).,F7,1,___,KBP,R,R,0,[],Away,Home,___,2.0,1.0,"['0-0', '0-1', '1-1']",6,Out
628959.xml,4/11/2026,MARYLAND,OREGON,Keira Bucher,Katie Flannery,T6,64,Katie Flannery doubled to left field (2-2 KBBKF).,2B LF,2,_2_,KBBKFP,R,R,0,[],Away,Home,___,2.0,0.0,"['0-0', '0-1', '1-1', '2-1', '2-2']",6,Double
628959.xml,4/11/2026,MARYLAND,OREGON,Keira Bucher,Elon Butler,T6,66,Elon Butler walked (3-0 BBBB).,BB,2,12_,BBBB,R,R,0,[],Away,Home,_2_,2.0,0.0,"['0-0', '1-0', '2-0', '3-0']",6,Walk
628959.xml,4/11/2026,MARYLAND,OREGON,Keira Bucher,Kaylynn Jones,T6,67,Kaylynn Jones flied out to cf (1-1 KB).,F8,2,12_,KBP,L,R,0,[],Away,Home,12_,3.0,1.0,"['0-0', '0-1', '1-1']",6,Out
628959.xml,4/11/2026,OREGON,MARYLAND,Lyndsey Grein,Zayda Rocke,B6,69,Zayda Rocke struck out swinging (2-2 FBFBFS).,KS,0,___,FBFBFS,R,R,0,[],Home,Away,___,1.0,1.0,"['0-0', '0-1', '1-1', '1-2', '2-2']",6,Strikeout
628959.xml,4/11/2026,OREGON,MARYLAND,Lyndsey Grein,Anna McGowan,B6,70,Anna McGowan struck out swinging (1-2 KBSS).,KS,1,___,KBSS,R,R,0,[],Home,Away,___,2.0,1.0,"['0-0', '0-1', '1-1', '1-2']",6,Strikeout
628959.xml,4/11/2026,OREGON,MARYLAND,Lyndsey Grein,Caroline Fox,B6,71,Caroline Fox struck out looking (2-2 KBSFBK).,KL,2,___,KBSFBK,L,R,0,[],Home,Away,___,3.0,1.0,"['0-0', '0-1', '1-1', '1-2', '2-2']",6,Strikeout
628959.xml,4/11/2026,MARYLAND,OREGON,Keira Bucher,Amari Harper,T7,73,Amari Harper lined out to cf (2-2 KBBK).,L8,0,___,KBBKP,L,R,0,[],Away,Home,___,1.0,1.0,"['0-0', '0-1', '1-1', '2-1', '2-2']",7,Out
628959.xml,4/11/2026,MARYLAND,OREGON,Keira Bucher,Emma Cox,T7,74,Emma Cox grounded out to 2b (3-2 BKBFB).,43,1,___,BKBFBP,R,R,0,[],Away,Home,___,2.0,1.0,"['0-0', '1-0', '1-1', '2-1', '2-2', '3-2']",7,Out
628959.xml,4/11/2026,MARYLAND,OREGON,Keira Bucher,Ayanna Shaw,T7,75,Ayanna Shaw reached first on a fielding error by ss (1-1 FB).,E6F,2,1__,FBP,L,R,0,[],Away,Home,___,2.0,0.0,"['0-0', '0-1', '1-1']",7,Reached on Error
628959.xml,4/11/2026,MARYLAND,OREGON,Keira Bucher,Taryn Ho,T7,77,Taryn Ho flied out to rf (3-2 SBKBFFB).,F9,2,1__,SBKBFFBP,R,R,0,[],Away,Home,1__,3.0,1.0,"['0-0', '0-1', '1-1', '1-2', '2-2', '3-2']",7,Out
628959.xml,4/11/2026,OREGON,MARYLAND,Lyndsey Grein,Gracie Wilson,B7,78,Gracie Wilson struck out swinging (0-2 KKS).,KS,0,___,KKS,R,R,0,[],Home,Away,___,1.0,1.0,"['0-0', '0-1', '0-2']",7,Strikeout
628959.xml,4/11/2026,OREGON,MARYLAND,Lyndsey Grein,Caitlyn Cornwell,B7,79,Caitlyn Cornwell flied out to cf (0-0).,F8,1,___,P,L,R,0,[],Home,Away,___,2.0,1.0,['0-0'],7,Out
628959.xml,4/11/2026,OREGON,MARYLAND,Lyndsey Grein,Sammi Woods,B7,80,Sammi Woods flied out to cf (3-2 BBFKB).,F8,2,___,BBFKBP,R,R,0,[],Home,Away,___,3.0,1.0,"['0-0', '1-0', '2-0', '2-1', '2-2', '3-2']",7,Out
628959.xml,4/11/2026,MARYLAND,OREGON,Keira Bucher,Stefini Ma'Ake,T8,81,Stefini Ma'Ake singled to left field (1-0 B).,1B 7,0,1__,BP,R,R,0,[],Away,Home,___,0.0,0.0,"['0-0', '1-0']",8,Single
628959.xml,4/11/2026,MARYLAND,OREGON,Keira Bucher,Addison Amaral,T8,82,Addison Amaral hit by pitch (1-1 FH); Stefini Ma'Ake advanced to second.,HP,0,12_,FH,R,R,0,[],Away,Home,1__,0.0,0.0,"['0-0', '0-1']",8,Hit By Pitch
628959.xml,4/11/2026,MARYLAND,OREGON,Keira Bucher,Katie Flannery,T8,83,"Katie Flannery grounded out to p, bunt, SAC (0-0); Addison Amaral advanced to second; Stefini Ma'Ake advanced to third.",13 BU SAC,0,_23,N/A,R,R,0,[],Away,Home,12_,1.0,1.0,['Unknown'],8,Out
628959.xml,4/11/2026,MARYLAND,OREGON,Keira Bucher,Elon Butler,T8,84,Elon Butler hit by pitch (1-0 H).,HP,1,123,H,R,R,0,[],Away,Home,_23,1.0,0.0,['0-0'],8,Hit By Pitch
628959.xml,4/11/2026,MARYLAND,OREGON,Keira Bucher,Kaylynn Jones,T8,85,"Kaylynn Jones flied out to cf, sacrifice fly, RBI (1-1 KB); Elon Butler advanced to second; Addison Amaral advanced to third; Stefini Ma'Ake scored.",F8 SF RBI1,1,_23,KBP,L,R,1,['Keira Bucher'],Away,Home,123,2.0,1.0,"['0-0', '0-1', '1-1']",8,Sacrifice Fly
628959.xml,4/11/2026,MARYLAND,OREGON,Keira Bucher,Amari Harper,T8,86,Amari Harper grounded out to p (2-1 BBK).,13,2,_23,BBKP,L,R,0,[],Away,Home,_23,3.0,1.0,"['0-0', '1-0', '2-0', '2-1']",8,Out
628959.xml,4/11/2026,OREGON,MARYLAND,Lyndsey Grein,Bailey Murphy,B8,87,"Bailey Murphy reached first on a fielding error by 1b, advanced to second (0-1 F).",E3F +,0,_2_,FP,L,R,0,[],Home,Away,___,0.0,0.0,"['0-0', '0-1']",8,Reached on Error
628959.xml,4/11/2026,OREGON,MARYLAND,Lyndsey Grein,Mariah Penta,B8,88,"Mariah Penta popped up to 3b, bunt (0-1 F).",P5 BU,0,_2_,FP,R,R,0,[],Home,Away,_2_,1.0,1.0,"['0-0', '0-1']",8,Out
628959.xml,4/11/2026,OREGON,MARYLAND,Lyndsey Grein,Matti Benson,B8,89,Matti Benson struck out swinging (2-2 KSBFFFBS).,KS,1,_2_,KSBFFFBS,L,R,0,[],Home,Away,_2_,2.0,1.0,"['0-0', '0-1', '0-2', '1-2', '2-2']",8,Strikeout
628959.xml,4/11/2026,OREGON,MARYLAND,Lyndsey Grein,Zayda Rocke,B8,91,Zayda Rocke struck out swinging (2-2 SBBFS).,KS,2,_2_,SBBFS,R,R,0,[],Home,Away,_2_,3.0,1.0,"['0-0', '0-1', '1-1', '2-1', '2-2']",8,Strikeout
628960.xml,4/12/2026,MARYLAND,OREGON,Elisea Wiegand,Elon Butler,T1,3,Elon Butler walked (3-0 BBBB).,BB,0,1__,BBBB,R,R,0,[],Away,Home,___,0.0,0.0,"['0-0', '1-0', '2-0', '3-0']",1,Walk
628960.xml,4/12/2026,MARYLAND,OREGON,Elisea Wiegand,Kaylynn Jones,T1,4,Kaylynn Jones walked (3-2 BBKKFFBB); Elon Butler advanced to second.,BB,0,12_,BBKKFFBB,L,R,0,[],Away,Home,1__,0.0,0.0,"['0-0', '1-0', '2-0', '2-1', '2-2', '3-2']",1,Walk
628960.xml,4/12/2026,MARYLAND,OREGON,Elisea Wiegand,Amari Harper,T1,6,Amari Harper walked (3-1 BBKBB).,BB,0,12_,BBKBB,L,R,0,[],Away,Home,12_,0.0,0.0,"['0-0', '1-0', '2-0', '2-1', '3-1']",1,Walk
628960.xml,4/12/2026,MARYLAND,OREGON,Elisea Wiegand,Emma Cox,T1,7,"Emma Cox flied out to lf, sacrifice fly, RBI (2-2 KBBKFF); Elon Butler scored.",F7 SF RBI1,0,12_,KBBKFFP,R,R,1,['Elisea Wiegand'],Away,Home,12_,1.0,1.0,"['0-0', '0-1', '1-1', '2-1', '2-2']",1,Sacrifice Fly
628960.xml,4/12/2026,MARYLAND,OREGON,Elisea Wiegand,Ayanna Shaw,T1,8,Ayanna Shaw flied out to 2b (1-1 BS).,F4,1,12_,BSP,L,R,0,[],Away,Home,12_,2.0,1.0,"['0-0', '1-0', '1-1']",1,Out
628960.xml,4/12/2026,MARYLAND,OREGON,Elisea Wiegand,Taryn Ho,T1,9,Taryn Ho flied out to 3b (2-2 SKBFFB).,F5,2,12_,SKBFFBP,R,R,0,[],Away,Home,12_,3.0,1.0,"['0-0', '0-1', '0-2', '1-2', '2-2']",1,Out
628960.xml,4/12/2026,OREGON,MARYLAND,Lyndsey Grein,Sammi Woods,B1,10,Sammi Woods walked (3-2 KKBFBBFB).,BB,0,1__,KKBFBBFB,R,R,0,[],Home,Away,___,0.0,0.0,"['0-0', '0-1', '0-2', '1-2', '2-2', '3-2']",1,Walk
628960.xml,4/12/2026,OREGON,MARYLAND,Lyndsey Grein,Bailey Murphy,B1,11,Bailey Murphy struck out swinging (2-2 BFBKS).,KS,0,1__,BFBKS,L,R,0,[],Home,Away,1__,1.0,1.0,"['0-0', '1-0', '1-1', '2-1', '2-2']",1,Strikeout
628960.xml,4/12/2026,OREGON,MARYLAND,Lyndsey Grein,Mariah Penta,B1,12,Mariah Penta singled through the left side (0-1 K); Sammi Woods advanced to second.,1B LS,1,12_,KP,R,R,0,[],Home,Away,1__,1.0,0.0,"['0-0', '0-1']",1,Single
628960.xml,4/12/2026,OREGON,MARYLAND,Lyndsey Grein,Matti Benson,B1,13,Matti Benson struck out swinging (2-2 BSBSFS).,KS,1,12_,BSBSFS,L,R,0,[],Home,Away,12_,2.0,1.0,"['0-0', '1-0', '1-1', '2-1', '2-2']",1,Strikeout
628960.xml,4/12/2026,OREGON,MARYLAND,Lyndsey Grein,Zayda Rocke,B1,14,Zayda Rocke struck out swinging (3-2 FBFBBFFS).,KS,2,12_,FBFBBFFS,R,R,0,[],Home,Away,12_,3.0,1.0,"['0-0', '0-1', '1-1', '1-2', '2-2', '3-2']",1,Strikeout
628960.xml,4/12/2026,MARYLAND,OREGON,Elisea Wiegand,Stefini Ma'Ake,T2,15,Stefini Ma'Ake popped up to c (1-0 B).,P2,0,___,BP,R,R,0,[],Away,Home,___,1.0,1.0,"['0-0', '1-0']",2,Out
628960.xml,4/12/2026,MARYLAND,OREGON,Elisea Wiegand,Addison Amaral,T2,16,"Addison Amaral out at first 1b to 2b, bunt (0-0).",34 BU,1,___,P,R,R,0,[],Away,Home,___,2.0,1.0,['0-0'],2,Out
628960.xml,4/12/2026,MARYLAND,OREGON,Elisea Wiegand,Katie Flannery,T2,17,Katie Flannery struck out swinging (3-2 BBKKBS).,KS,2,___,BBKKBS,R,R,0,[],Away,Home,___,3.0,1.0,"['0-0', '1-0', '2-0', '2-1', '2-2', '3-2']",2,Strikeout
628960.xml,4/12/2026,OREGON,MARYLAND,Lyndsey Grein,Jaylee Williams,B2,18,Jaylee Williams struck out swinging (2-2 KBBSFS).,KS,0,___,KBBSFS,L,R,0,[],Home,Away,___,1.0,1.0,"['0-0', '0-1', '1-1', '2-1', '2-2']",2,Strikeout
628960.xml,4/12/2026,OREGON,MARYLAND,Lyndsey Grein,Caroline Fox,B2,19,Caroline Fox struck out swinging (2-2 FBBSFS).,KS,1,___,FBBSFS,L,R,0,[],Home,Away,___,2.0,1.0,"['0-0', '0-1', '1-1', '2-1', '2-2']",2,Strikeout
628960.xml,4/12/2026,OREGON,MARYLAND,Lyndsey Grein,Gracie Wilson,B2,20,Gracie Wilson struck out looking (3-2 FBFBBK).,KL,2,___,FBFBBK,R,R,0,[],Home,Away,___,3.0,1.0,"['0-0', '0-1', '1-1', '1-2', '2-2', '3-2']",2,Strikeout
628960.xml,4/12/2026,MARYLAND,OREGON,Elisea Wiegand,Elon Butler,T3,21,Elon Butler flied out to cf (3-2 BKBBK).,F8,0,___,BKBBKP,R,R,0,[],Away,Home,___,1.0,1.0,"['0-0', '1-0', '1-1', '2-1', '3-1', '3-2']",3,Out
628960.xml,4/12/2026,MARYLAND,OREGON,Elisea Wiegand,Kaylynn Jones,T3,22,Kaylynn Jones walked (3-1 BBBKB).,BB,1,1__,BBBKB,L,R,0,[],Away,Home,___,1.0,0.0,"['0-0', '1-0', '2-0', '3-0', '3-1']",3,Walk
628960.xml,4/12/2026,MARYLAND,OREGON,Elisea Wiegand,Amari Harper,T3,23,Amari Harper flied out to ss (1-1 BK).,F6,1,1__,BKP,L,R,0,[],Away,Home,1__,2.0,1.0,"['0-0', '1-0', '1-1']",3,Out
628960.xml,4/12/2026,MARYLAND,OREGON,Elisea Wiegand,Emma Cox,T3,24,Emma Cox singled up the middle (0-0); Kaylynn Jones advanced to second.,1B MI,2,12_,P,R,R,0,[],Away,Home,1__,2.0,0.0,['0-0'],3,Single
628960.xml,4/12/2026,MARYLAND,OREGON,Elisea Wiegand,Ayanna Shaw,T3,25,Ayanna Shaw flied out to lf (1-2 BSFF).,F7,2,12_,BSFFP,L,R,0,[],Away,Home,12_,3.0,1.0,"['0-0', '1-0', '1-1', '1-2']",3,Out
628960.xml,4/12/2026,OREGON,MARYLAND,Lyndsey Grein,Caitlyn Cornwell,B3,26,Caitlyn Cornwell grounded out to 2b (0-1 K).,43,0,___,KP,L,R,0,[],Home,Away,___,1.0,1.0,"['0-0', '0-1']",3,Out
628960.xml,4/12/2026,OREGON,MARYLAND,Lyndsey Grein,Sammi Woods,B3,27,Sammi Woods flied out to 2b (2-2 BSFB).,F4,1,___,BSFBP,R,R,0,[],Home,Away,___,2.0,1.0,"['0-0', '1-0', '1-1', '1-2', '2-2']",3,Out
628960.xml,4/12/2026,OREGON,MARYLAND,Lyndsey Grein,Bailey Murphy,B3,28,Bailey Murphy lined out to 2b (1-2 FBK).,L4,2,___,FBKP,L,R,0,[],Home,Away,___,3.0,1.0,"['0-0', '0-1', '1-1', '1-2']",3,Out
628960.xml,4/12/2026,MARYLAND,OREGON,Elisea Wiegand,Taryn Ho,T4,29,Taryn Ho reached first on a fielding error by 3b (3-1 BBBK).,E5F,0,1__,BBBKP,R,R,0,[],Away,Home,___,0.0,0.0,"['0-0', '1-0', '2-0', '3-0', '3-1']",4,Reached on Error
628960.xml,4/12/2026,MARYLAND,OREGON,Elisea Wiegand,Stefini Ma'Ake,T4,30,Stefini Ma'Ake singled to left field (1-0 B); Taryn Ho advanced to second.,1B 7,0,12_,BP,R,R,0,[],Away,Home,1__,0.0,0.0,"['0-0', '1-0']",4,Single
628960.xml,4/12/2026,MARYLAND,OREGON,Elisea Wiegand,Addison Amaral,T4,32,"Addison Amaral out at first c to 2b, bunt, SAC (0-0); Regan Legg advanced to second; Taryn Ho advanced to third.",24 BU SAC,0,_23,P,R,R,0,[],Away,Home,12_,1.0,1.0,['0-0'],4,Out
628960.xml,4/12/2026,MARYLAND,OREGON,Elisea Wiegand,Katie Flannery,T4,33,Katie Flannery flied out to 2b (0-2 SK).,F4,1,_23,SKP,R,R,0,[],Away,Home,_23,2.0,1.0,"['0-0', '0-1', '0-2']",4,Out
628960.xml,4/12/2026,MARYLAND,OREGON,Elisea Wiegand,Elon Butler,T4,34,Elon Butler walked (3-1 BBBKB).,BB,2,123,BBBKB,R,R,0,[],Away,Home,_23,2.0,0.0,"['0-0', '1-0', '2-0', '3-0', '3-1']",4,Walk
628960.xml,4/12/2026,MARYLAND,OREGON,Elisea Wiegand,Kaylynn Jones,T4,35,Kaylynn Jones flied out to lf (2-2 BKBKFF).,F7,2,123,BKBKFFP,L,R,0,[],Away,Home,123,3.0,1.0,"['0-0', '1-0', '1-1', '2-1', '2-2']",4,Out
628960.xml,4/12/2026,OREGON,MARYLAND,Lyndsey Grein,Mariah Penta,B4,37,Mariah Penta singled to third base (2-2 KFFBFBF).,1B 5,0,1__,KFFBFBFP,R,R,0,[],Home,Away,___,0.0,0.0,"['0-0', '0-1', '0-2', '1-2', '2-2']",4,Single
628960.xml,4/12/2026,OREGON,MARYLAND,Lyndsey Grein,Matti Benson,B4,39,Matti Benson struck out swinging (2-2 BSBKS).,KS,0,1__,BSBKS,L,R,0,[],Home,Away,1__,1.0,1.0,"['0-0', '1-0', '1-1', '2-1', '2-2']",4,Strikeout
628960.xml,4/12/2026,OREGON,MARYLAND,Lyndsey Grein,Zayda Rocke,B4,40,Zayda Rocke struck out swinging (2-2 FSBBS).,KS,1,1__,FSBBS,R,R,0,[],Home,Away,1__,2.0,1.0,"['0-0', '0-1', '0-2', '1-2', '2-2']",4,Strikeout
628960.xml,4/12/2026,OREGON,MARYLAND,Lyndsey Grein,Jaylee Williams,B4,41,Jaylee Williams struck out swinging (0-2 FKFS).,KS,2,1__,FKFS,L,R,0,[],Home,Away,1__,3.0,1.0,"['0-0', '0-1', '0-2']",4,Strikeout
628960.xml,4/12/2026,MARYLAND,OREGON,Elisea Wiegand,Amari Harper,T5,43,Amari Harper singled through the right side (2-1 BFB).,1B RS,0,1__,BFBP,L,R,0,[],Away,Home,___,0.0,0.0,"['0-0', '1-0', '1-1', '2-1']",5,Single
628960.xml,4/12/2026,MARYLAND,OREGON,Elisea Wiegand,Emma Cox,T5,45,Emma Cox fouled out to ss (1-2 BKF).,FF6,0,1__,BKFP,R,R,0,[],Away,Home,1__,1.0,1.0,"['0-0', '1-0', '1-1', '1-2']",5,Out
628960.xml,4/12/2026,MARYLAND,OREGON,Elisea Wiegand,Ayanna Shaw,T5,46,"Ayanna Shaw singled to third base, bunt (0-0); Elyse Kresho advanced to second.",1B 5 BU,1,12_,P,L,R,0,[],Away,Home,1__,1.0,0.0,['0-0'],5,Single
628960.xml,4/12/2026,MARYLAND,OREGON,Elisea Wiegand,Taryn Ho,T5,47,Taryn Ho singled to left field (0-1 K); Ayanna Shaw advanced to second; Elyse Kresho advanced to third.,1B 7,1,123,KP,R,R,0,[],Away,Home,12_,1.0,0.0,"['0-0', '0-1']",5,Single
628960.xml,4/12/2026,MARYLAND,OREGON,Elisea Wiegand,Stefini Ma'Ake,T5,48,"Stefini Ma'Ake homered to left field, 4 RBI (0-1 K); Taryn Ho scored; Ayanna Shaw scored; Elyse Kresho scored.",HR LF RBI4,1,___,KP,R,R,4,"['Elisea Wiegand', 'Elisea Wiegand', 'Elisea Wiegand', 'Elisea Wiegand']",Away,Home,123,1.0,0.0,"['0-0', '0-1']",5,Home Run
628960.xml,4/12/2026,MARYLAND,OREGON,Elisea Wiegand,Addison Amaral,T5,49,Addison Amaral grounded out to 3b (1-2 KBFFF).,53,1,___,KBFFFP,R,R,0,[],Away,Home,___,2.0,1.0,"['0-0', '0-1', '1-1', '1-2']",5,Out
628960.xml,4/12/2026,MARYLAND,OREGON,Elisea Wiegand,Amanda Urbina,T5,51,Amanda Urbina struck out swinging (0-2 KFS).,KS,2,___,KFS,R,R,0,[],Away,Home,___,3.0,1.0,"['0-0', '0-1', '0-2']",5,Strikeout
628960.xml,4/12/2026,OREGON,MARYLAND,Lyndsey Grein,Caroline Fox,B5,54,Caroline Fox doubled to left center (0-2 KF).,2B LC,0,_2_,KFP,L,R,0,[],Home,Away,___,0.0,0.0,"['0-0', '0-1', '0-2']",5,Double
628960.xml,4/12/2026,OREGON,MARYLAND,Lyndsey Grein,"Rodmyre,Sage",B5,56,Sage Rodmyre singled through the left side (3-1 BBBK); Caroline Fox advanced to third.,1B LS,0,1_3,BBBKP,R,R,0,[],Home,Away,_2_,0.0,0.0,"['0-0', '1-0', '2-0', '3-0', '3-1']",5,Single
628960.xml,4/12/2026,OREGON,MARYLAND,Lyndsey Grein,Caitlyn Cornwell,B5,58,Caitlyn Cornwell flied out to cf (0-0).,F8,0,1_3,P,L,R,0,[],Home,Away,1_3,1.0,1.0,['0-0'],5,Out
628960.xml,4/12/2026,OREGON,MARYLAND,Lyndsey Grein,Sammi Woods,B5,59,Sammi Woods fouled out to c (1-0 B).,FF2,1,1_3,BP,R,R,0,[],Home,Away,1_3,2.0,1.0,"['0-0', '1-0']",5,Out
628960.xml,4/12/2026,OREGON,MARYLAND,Lyndsey Grein,Bailey Murphy,B5,60,Bailey Murphy walked (3-2 BFBFBB); Gracie Wilson advanced to second.,BB,2,123,BFBFBB,L,R,0,[],Home,Away,1_3,2.0,0.0,"['0-0', '1-0', '1-1', '2-1', '2-2', '3-2']",5,Walk
628960.xml,4/12/2026,OREGON,MARYLAND,Lyndsey Grein,Mariah Penta,B5,61,"Mariah Penta singled to left field, 2 RBI (1-2 FBF); Bailey Murphy advanced to second; Gracie Wilson scored; Caroline Fox scored.",1B 7 RBI2,2,12_,FBFP,R,R,2,"['Lyndsey Grein', 'Lyndsey Grein']",Home,Away,123,2.0,0.0,"['0-0', '0-1', '1-1', '1-2']",5,Single
628960.xml,4/12/2026,OREGON,MARYLAND,Lyndsey Grein,Matti Benson,B5,62,Matti Benson reached on a fielder's choice (2-2 BFKB); Mariah Penta advanced to second; Bailey Murphy out at third 3b unassisted.,FC,2,12_,BFKBP,L,R,0,[],Home,Away,12_,3.0,1.0,"['0-0', '1-0', '1-1', '1-2', '2-2']",5,Fielders Choice
628960.xml,4/12/2026,MARYLAND,OREGON,Aubrey Wurst,Elon Butler,T6,65,Elon Butler walked (3-2 KBKBBB).,BB,0,1__,KBKBBB,R,R,0,[],Away,Home,___,0.0,0.0,"['0-0', '0-1', '1-1', '1-2', '2-2', '3-2']",6,Walk
628960.xml,4/12/2026,MARYLAND,OREGON,Aubrey Wurst,Kaylynn Jones,T6,66,Kaylynn Jones flied out to ss (2-2 KBBK).,F6,0,1__,KBBKP,L,R,0,[],Away,Home,1__,1.0,1.0,"['0-0', '0-1', '1-1', '2-1', '2-2']",6,Out
628960.xml,4/12/2026,MARYLAND,OREGON,Aubrey Wurst,Amari Harper,T6,68,Amari Harper walked (3-2 BBFBSB); Elon Butler advanced to second.,BB,1,12_,BBFBSB,L,R,0,[],Away,Home,1__,1.0,0.0,"['0-0', '1-0', '2-0', '2-1', '3-1', '3-2']",6,Walk
628960.xml,4/12/2026,MARYLAND,OREGON,Aubrey Wurst,Emma Cox,T6,69,"Emma Cox homered to left center, 3 RBI (1-2 KFB); Amari Harper scored; Elon Butler scored.",HR LC RBI3,1,___,KFBP,R,R,3,"['Aubrey Wurst', 'Aubrey Wurst', 'Aubrey Wurst']",Away,Home,12_,1.0,0.0,"['0-0', '0-1', '0-2', '1-2']",6,Home Run
628960.xml,4/12/2026,MARYLAND,OREGON,Aubrey Wurst,Rylee McCoy,T6,71,Rylee McCoy walked (3-0 BBBB).,BB,1,1__,BBBB,R,R,0,[],Away,Home,___,1.0,0.0,"['0-0', '1-0', '2-0', '3-0']",6,Walk
628960.xml,4/12/2026,MARYLAND,OREGON,Aubrey Wurst,Taryn Ho,T6,73,Taryn Ho flied out to cf (2-1 KBB).,F8,1,1__,KBBP,R,R,0,[],Away,Home,1__,2.0,1.0,"['0-0', '0-1', '1-1', '2-1']",6,Out
628960.xml,4/12/2026,MARYLAND,OREGON,Aubrey Wurst,Stefini Ma'Ake,T6,74,Stefini Ma'Ake flied out to ss (2-2 BFBFF).,F6,2,1__,BFBFFP,R,R,0,[],Away,Home,1__,3.0,1.0,"['0-0', '1-0', '1-1', '2-1', '2-2']",6,Out
628960.xml,4/12/2026,OREGON,MARYLAND,Lyndsey Grein,Zayda Rocke,B6,77,Zayda Rocke struck out looking (2-2 BFKBK).,KL,0,___,BFKBK,R,R,0,[],Home,Away,___,1.0,1.0,"['0-0', '1-0', '1-1', '1-2', '2-2']",6,Strikeout
628960.xml,4/12/2026,OREGON,MARYLAND,Lyndsey Grein,Logan Turner,B6,79,Logan Turner flied out to lf (1-2 KKB).,F7,1,___,KKBP,R,R,0,[],Home,Away,___,2.0,1.0,"['0-0', '0-1', '0-2', '1-2']",6,Out
628960.xml,4/12/2026,OREGON,MARYLAND,Lyndsey Grein,Caroline Fox,B6,80,Caroline Fox flied out to cf (1-0 B).,F8,2,___,BP,L,R,0,[],Home,Away,___,3.0,1.0,"['0-0', '1-0']",6,Out
628960.xml,4/12/2026,MARYLAND,OREGON,Aubrey Wurst,Addison Amaral,T7,81,Addison Amaral popped up to 1b (3-2 KFBBFFBF).,P3,0,___,KFBBFFBFP,R,R,0,[],Away,Home,___,1.0,1.0,"['0-0', '0-1', '0-2', '1-2', '2-2', '3-2']",7,Out
628960.xml,4/12/2026,MARYLAND,OREGON,Aubrey Wurst,Amanda Urbina,T7,82,Amanda Urbina flied out to rf (0-1 K).,F9,1,___,KP,R,R,0,[],Away,Home,___,2.0,1.0,"['0-0', '0-1']",7,Out
628960.xml,4/12/2026,MARYLAND,OREGON,Aubrey Wurst,Elon Butler,T7,83,Elon Butler struck out swinging (0-2 FKFFS).,KS,2,___,FKFFS,R,R,0,[],Away,Home,___,3.0,1.0,"['0-0', '0-1', '0-2']",7,Strikeout
628960.xml,4/12/2026,OREGON,MARYLAND,Lyndsey Grein,Anna McGowan,B7,86,Anna McGowan grounded out to 3b (0-0).,53,0,___,P,R,R,0,[],Home,Away,___,1.0,1.0,['0-0'],7,Out
628960.xml,4/12/2026,OREGON,MARYLAND,Lyndsey Grein,Caitlyn Cornwell,B7,87,Caitlyn Cornwell popped up to p (0-2 KF).,P1,1,___,KFP,L,R,0,[],Home,Away,___,2.0,1.0,"['0-0', '0-1', '0-2']",7,Out
628960.xml,4/12/2026,OREGON,MARYLAND,Lyndsey Grein,Sammi Woods,B7,88,Sammi Woods flied out to ss (1-0 B).,F6,2,___,BP,R,R,0,[],Home,Away,___,3.0,1.0,"['0-0', '1-0']",7,Out
639288.xml,4/18/2026,MARYLAND,ILLINOIS,Keira Bucher,Skylar Brennan,T1,3,Skylar Brennan singled to left field (3-2 BFFBB).,1B 7,0,1__,BFFBBP,L,R,0,[],Away,Home,___,0.0,0.0,"['0-0', '1-0', '1-1', '1-2', '2-2', '3-2']",1,Single
639288.xml,4/18/2026,MARYLAND,ILLINOIS,Keira Bucher,Adisyn Caryl,T1,4,Adisyn Caryl flied out to cf (2-1 BFB).,F8,0,1__,BFBP,R,R,0,[],Away,Home,1__,1.0,1.0,"['0-0', '1-0', '1-1', '2-1']",1,Out
639288.xml,4/18/2026,MARYLAND,ILLINOIS,Keira Bucher,Eileen Donahue,T1,5,Eileen Donahue singled to shortstop (0-1 K); Skylar Brennan advanced to second.,1B 6,1,12_,KP,R,R,0,[],Away,Home,1__,1.0,0.0,"['0-0', '0-1']",1,Single
639288.xml,4/18/2026,MARYLAND,ILLINOIS,Keira Bucher,Ellie Haggard,T1,6,Ellie Haggard grounded out to 3b (1-2 KBF); Eileen Donahue advanced to second; Skylar Brennan advanced to third.,53,1,_23,KBFP,R,R,0,[],Away,Home,12_,2.0,1.0,"['0-0', '0-1', '1-1', '1-2']",1,Out
639288.xml,4/18/2026,MARYLAND,ILLINOIS,Keira Bucher,Keirys Click,T1,7,Keirys Click hit by pitch (2-2 KKBFH).,HP,2,123,KKBFH,R,R,0,[],Away,Home,_23,2.0,0.0,"['0-0', '0-1', '0-2', '1-2']",1,Hit By Pitch
639288.xml,4/18/2026,MARYLAND,ILLINOIS,Keira Bucher,Jackie Yeager,T1,8,Jackie Yeager lined out to lf (2-2 KBFB).,L7,2,123,KBFBP,R,R,0,[],Away,Home,123,3.0,1.0,"['0-0', '0-1', '1-1', '1-2', '2-2']",1,Out
639288.xml,4/18/2026,ILLINOIS,MARYLAND,Megan Nuechterlein,Sammi Woods,B1,9,Sammi Woods grounded out to 3b (2-1 KBB).,53,0,___,KBBP,R,R,0,[],Home,Away,___,1.0,1.0,"['0-0', '0-1', '1-1', '2-1']",1,Out
639288.xml,4/18/2026,ILLINOIS,MARYLAND,Megan Nuechterlein,Bailey Murphy,B1,10,Bailey Murphy flied out to rf (3-2 KBKBFFB).,F9,1,___,KBKBFFBP,L,R,0,[],Home,Away,___,2.0,1.0,"['0-0', '0-1', '1-1', '1-2', '2-2', '3-2']",1,Out
639288.xml,4/18/2026,ILLINOIS,MARYLAND,Megan Nuechterlein,Mariah Penta,B1,11,Mariah Penta walked (3-1 BKBBB).,BB,2,1__,BKBBB,R,R,0,[],Home,Away,___,2.0,0.0,"['0-0', '1-0', '1-1', '2-1', '3-1']",1,Walk
639288.xml,4/18/2026,ILLINOIS,MARYLAND,Megan Nuechterlein,Matti Benson,B1,12,"Matti Benson homered to right field, 2 RBI (1-0 B); Mariah Penta scored.",HR 9 RBI2,2,___,BP,L,R,2,"['Megan Nuechterlein', 'Megan Nuechterlein']",Home,Away,1__,2.0,0.0,"['0-0', '1-0']",1,Home Run
639288.xml,4/18/2026,ILLINOIS,MARYLAND,Megan Nuechterlein,Zayda Rocke,B1,13,Zayda Rocke lined out to rf (2-1 FBB).,L9,2,___,FBBP,R,R,0,[],Home,Away,___,3.0,1.0,"['0-0', '0-1', '1-1', '2-1']",1,Out
639288.xml,4/18/2026,MARYLAND,ILLINOIS,Keira Bucher,Brooke Stang,T2,14,Brooke Stang walked (3-2 SSBBFBFFB).,BB,0,1__,SSBBFBFFB,L,R,0,[],Away,Home,___,0.0,0.0,"['0-0', '0-1', '0-2', '1-2', '2-2', '3-2']",2,Walk
639288.xml,4/18/2026,MARYLAND,ILLINOIS,Keira Bucher,Ava Moore,T2,15,Ava Moore flied out to rf (1-0 B).,F9,0,1__,BP,R,R,0,[],Away,Home,1__,1.0,1.0,"['0-0', '1-0']",2,Out
639288.xml,4/18/2026,MARYLAND,ILLINOIS,Keira Bucher,Alaina Miller,T2,16,Alaina Miller reached on a fielder's choice (0-0); Brooke Stang advanced to second.,FC,1,12_,P,L,R,0,[],Away,Home,1__,1.0,0.0,['0-0'],2,Fielders Choice
639288.xml,4/18/2026,MARYLAND,ILLINOIS,Keira Bucher,Skylar Brennan,T2,17,Skylar Brennan singled to left field (0-0); Alaina Miller advanced to second; Brooke Stang advanced to third.,1B 7,1,123,P,L,R,0,[],Away,Home,12_,1.0,0.0,['0-0'],2,Single
639288.xml,4/18/2026,MARYLAND,ILLINOIS,Keira Bucher,Adisyn Caryl,T2,18,Adisyn Caryl reached on a fielder's choice (2-2 BFSB); Skylar Brennan advanced to second; Alaina Miller advanced to third; Brooke Stang out at home ss to c.,FC,1,123,BFSBP,R,R,0,[],Away,Home,123,2.0,1.0,"['0-0', '1-0', '1-1', '1-2', '2-2']",2,Fielders Choice
639288.xml,4/18/2026,MARYLAND,ILLINOIS,Keira Bucher,Eileen Donahue,T2,19,Eileen Donahue reached on a fielder's choice (2-2 BBKF); Adisyn Caryl advanced to second; Skylar Brennan out at third 3b unassisted.,FC,2,123,BBKFP,R,R,0,[],Away,Home,123,3.0,1.0,"['0-0', '1-0', '2-0', '2-1', '2-2']",2,Fielders Choice
639288.xml,4/18/2026,ILLINOIS,MARYLAND,Megan Nuechterlein,Anna McGowan,B2,20,Anna McGowan fouled out to 3b (3-2 BBKBK).,FF5,0,___,BBKBKP,R,R,0,[],Home,Away,___,1.0,1.0,"['0-0', '1-0', '2-0', '2-1', '3-1', '3-2']",2,Out
639288.xml,4/18/2026,ILLINOIS,MARYLAND,Megan Nuechterlein,Caroline Fox,B2,21,Caroline Fox flied out to lf (3-2 BFFBFB).,F7,1,___,BFFBFBP,L,R,0,[],Home,Away,___,2.0,1.0,"['0-0', '1-0', '1-1', '1-2', '2-2', '3-2']",2,Out
639288.xml,4/18/2026,ILLINOIS,MARYLAND,Megan Nuechterlein,Gracie Wilson,B2,22,Gracie Wilson fouled out to 1b (0-0).,FF3,2,___,P,R,R,0,[],Home,Away,___,3.0,1.0,['0-0'],2,Out
639288.xml,4/18/2026,MARYLAND,ILLINOIS,Keira Bucher,Ellie Haggard,T3,23,Ellie Haggard walked (3-2 FBKFBBFB).,BB,0,1__,FBKFBBFB,R,R,0,[],Away,Home,___,0.0,0.0,"['0-0', '0-1', '1-1', '1-2', '2-2', '3-2']",3,Walk
639288.xml,4/18/2026,MARYLAND,ILLINOIS,Keira Bucher,Keirys Click,T3,25,"Keirys Click out at first p to 2b, bunt, SAC (1-1 BF); Gabrielle Debevec advanced to second.",14 BU SAC,0,_2_,BFP,R,R,0,[],Away,Home,1__,1.0,1.0,"['0-0', '1-0', '1-1']",3,Out
639288.xml,4/18/2026,MARYLAND,ILLINOIS,Keira Bucher,Jackie Yeager,T3,26,"Jackie Yeager homered to left field, 2 RBI (0-2 FKFFF); Gabrielle Debevec scored.",HR 7 RBI2,1,___,FKFFFP,R,R,2,"['Keira Bucher', 'Keira Bucher']",Away,Home,_2_,1.0,0.0,"['0-0', '0-1', '0-2']",3,Home Run
639288.xml,4/18/2026,MARYLAND,ILLINOIS,Keira Bucher,Brooke Stang,T3,27,Brooke Stang singled to left field (0-0).,1B 7,1,1__,P,L,R,0,[],Away,Home,___,1.0,0.0,['0-0'],3,Single
639288.xml,4/18/2026,MARYLAND,ILLINOIS,Keira Bucher,Ava Moore,T3,28,Ava Moore grounded out to 3b (0-2 KK); Brooke Stang advanced to second.,53,1,_2_,KKP,R,R,0,[],Away,Home,1__,2.0,1.0,"['0-0', '0-1', '0-2']",3,Out
639288.xml,4/18/2026,MARYLAND,ILLINOIS,Keira Bucher,Alaina Miller,T3,29,Alaina Miller flied out to lf (3-1 BBBK).,F7,2,_2_,BBBKP,L,R,0,[],Away,Home,_2_,3.0,1.0,"['0-0', '1-0', '2-0', '3-0', '3-1']",3,Out
639288.xml,4/18/2026,ILLINOIS,MARYLAND,Megan Nuechterlein,Caitlyn Cornwell,B3,31,Caitlyn Cornwell struck out looking (3-2 FBFBFBFFFK).,KL,0,___,FBFBFBFFFK,L,R,0,[],Home,Away,___,1.0,1.0,"['0-0', '0-1', '1-1', '1-2', '2-2', '3-2']",3,Strikeout
639288.xml,4/18/2026,ILLINOIS,MARYLAND,Megan Nuechterlein,Sammi Woods,B3,32,Sammi Woods flied out to rf (0-0).,F9,1,___,P,R,R,0,[],Home,Away,___,2.0,1.0,['0-0'],3,Out
639288.xml,4/18/2026,ILLINOIS,MARYLAND,Megan Nuechterlein,Bailey Murphy,B3,33,Bailey Murphy flied out to lf (2-1 BBK).,F7,2,___,BBKP,L,R,0,[],Home,Away,___,3.0,1.0,"['0-0', '1-0', '2-0', '2-1']",3,Out
639288.xml,4/18/2026,MARYLAND,ILLINOIS,Keira Bucher,Skylar Brennan,T4,34,Skylar Brennan grounded out to 2b (3-2 BBBKK).,43,0,___,BBBKKP,L,R,0,[],Away,Home,___,1.0,1.0,"['0-0', '1-0', '2-0', '3-0', '3-1', '3-2']",4,Out
639288.xml,4/18/2026,MARYLAND,ILLINOIS,Keira Bucher,Adisyn Caryl,T4,35,Adisyn Caryl reached first on a fielding error by 3b (1-0 B).,E5F,1,1__,BP,R,R,0,[],Away,Home,___,1.0,0.0,"['0-0', '1-0']",4,Reached on Error
639288.xml,4/18/2026,MARYLAND,ILLINOIS,Keira Bucher,Eileen Donahue,T4,36,Eileen Donahue flied out to cf (1-1 BS).,F8,1,1__,BSP,R,R,0,[],Away,Home,1__,2.0,1.0,"['0-0', '1-0', '1-1']",4,Out
639288.xml,4/18/2026,MARYLAND,ILLINOIS,Keira Bucher,Ellie Haggard,T4,37,Ellie Haggard singled to left field (1-0 B); Adisyn Caryl advanced to second.,1B 7,2,12_,BP,R,R,0,[],Away,Home,1__,2.0,0.0,"['0-0', '1-0']",4,Single
639288.xml,4/18/2026,MARYLAND,ILLINOIS,Keira Bucher,Keirys Click,T4,38,Keirys Click singled through the left side (0-0); Ellie Haggard advanced to second; Adisyn Caryl advanced to third.,1B LS,2,123,P,R,R,0,[],Away,Home,12_,2.0,0.0,['0-0'],4,Single
639288.xml,4/18/2026,MARYLAND,ILLINOIS,Keira Bucher,Jackie Yeager,T4,39,Jackie Yeager popped up to ss (1-1 SB).,P6,2,123,SBP,R,R,0,[],Away,Home,123,3.0,1.0,"['0-0', '0-1', '1-1']",4,Out
639288.xml,4/18/2026,ILLINOIS,MARYLAND,Megan Nuechterlein,Mariah Penta,B4,41,Mariah Penta popped up to ss (1-1 BF).,P6,0,___,BFP,R,R,0,[],Home,Away,___,1.0,1.0,"['0-0', '1-0', '1-1']",4,Out
639288.xml,4/18/2026,ILLINOIS,MARYLAND,Megan Nuechterlein,Matti Benson,B4,42,Matti Benson lined out to cf (2-2 FBFB).,L8,1,___,FBFBP,L,R,0,[],Home,Away,___,2.0,1.0,"['0-0', '0-1', '1-1', '1-2', '2-2']",4,Out
639288.xml,4/18/2026,ILLINOIS,MARYLAND,Megan Nuechterlein,Zayda Rocke,B4,43,Zayda Rocke hit by pitch (3-1 BBFH).,HP,2,1__,BBFH,R,R,0,[],Home,Away,___,2.0,0.0,"['0-0', '1-0', '2-0', '2-1']",4,Hit By Pitch
639288.xml,4/18/2026,ILLINOIS,MARYLAND,Megan Nuechterlein,Anna McGowan,B4,44,"Anna McGowan homered to left field, 2 RBI (3-2 BBFBFFF); Zayda Rocke scored.",HR 7 RBI2,2,___,BBFBFFFP,R,R,2,"['Megan Nuechterlein', 'Megan Nuechterlein']",Home,Away,1__,2.0,0.0,"['0-0', '1-0', '2-0', '2-1', '3-1', '3-2']",4,Home Run
639288.xml,4/18/2026,ILLINOIS,MARYLAND,Megan Nuechterlein,Caroline Fox,B4,45,Caroline Fox grounded out to 2b (3-2 BBFFB).,43,2,___,BBFFBP,L,R,0,[],Home,Away,___,3.0,1.0,"['0-0', '1-0', '2-0', '2-1', '2-2', '3-2']",4,Out
639288.xml,4/18/2026,MARYLAND,ILLINOIS,Keira Bucher,Brooke Stang,T5,46,Brooke Stang struck out looking (1-2 KBFFK).,KL,0,___,KBFFK,L,R,0,[],Away,Home,___,1.0,1.0,"['0-0', '0-1', '1-1', '1-2']",5,Strikeout
639288.xml,4/18/2026,MARYLAND,ILLINOIS,Keira Bucher,Ava Moore,T5,47,Ava Moore doubled to left center (1-0 B).,2B LC,1,_2_,BP,R,R,0,[],Away,Home,___,1.0,0.0,"['0-0', '1-0']",5,Double
639288.xml,4/18/2026,MARYLAND,ILLINOIS,Keira Bucher,Ella Cushing,T5,49,Ella Cushing struck out swinging (1-2 BKKS).,KS,1,_2_,BKKS,R,R,0,[],Away,Home,_2_,2.0,1.0,"['0-0', '1-0', '1-1', '1-2']",5,Strikeout
639288.xml,4/18/2026,MARYLAND,ILLINOIS,Keira Bucher,Skylar Brennan,T5,51,Skylar Brennan lined out to ss (1-0 B).,L6,2,_2_,BP,L,R,0,[],Away,Home,_2_,3.0,1.0,"['0-0', '1-0']",5,Out
639288.xml,4/18/2026,ILLINOIS,MARYLAND,Megan Nuechterlein,Jaylee Williams,B5,55,Jaylee Williams popped up to ss (0-0).,P6,0,___,P,L,R,0,[],Home,Away,___,1.0,1.0,['0-0'],5,Out
639288.xml,4/18/2026,ILLINOIS,MARYLAND,Megan Nuechterlein,Caitlyn Cornwell,B5,56,Caitlyn Cornwell grounded out to 2b (1-2 FBKF).,43,1,___,FBKFP,L,R,0,[],Home,Away,___,2.0,1.0,"['0-0', '0-1', '1-1', '1-2']",5,Out
639288.xml,4/18/2026,ILLINOIS,MARYLAND,Megan Nuechterlein,Sammi Woods,B5,57,Sammi Woods lined out to 3b (1-0 B).,L5,2,___,BP,R,R,0,[],Home,Away,___,3.0,1.0,"['0-0', '1-0']",5,Out
639288.xml,4/18/2026,MARYLAND,ILLINOIS,Keira Bucher,Adisyn Caryl,T6,59,Adisyn Caryl singled to left field (1-1 KB).,1B 7,0,1__,KBP,R,R,0,[],Away,Home,___,0.0,0.0,"['0-0', '0-1', '1-1']",6,Single
639288.xml,4/18/2026,MARYLAND,ILLINOIS,Keira Bucher,Eileen Donahue,T6,60,Eileen Donahue reached on a fielder's choice (2-1 BKB); Adisyn Caryl advanced to second on a throwing error by 3b.,FC,0,12_,BKBP,R,R,0,[],Away,Home,1__,0.0,0.0,"['0-0', '1-0', '1-1', '2-1']",6,Fielders Choice
639288.xml,4/18/2026,MARYLAND,ILLINOIS,Keira Bucher,Ellie Haggard,T6,62,Ellie Haggard reached on a fielder's choice (0-1 F); Fae Cornish advanced to second; Adisyn Caryl out at third p to 3b.,FC,0,12_,FP,R,R,0,[],Away,Home,12_,1.0,1.0,"['0-0', '0-1']",6,Fielders Choice
639288.xml,4/18/2026,MARYLAND,ILLINOIS,Keira Bucher,Keirys Click,T6,63,Keirys Click grounded into double play 3b to 1b (2-1 BKB); Fae Cornish out on the play.,53 GDP,1,1__,BKBP,R,R,0,[],Away,Home,12_,3.0,2.0,"['0-0', '1-0', '1-1', '2-1']",6,Out
639288.xml,4/18/2026,ILLINOIS,MARYLAND,Megan Nuechterlein,Bailey Murphy,B6,65,Bailey Murphy flied out to cf (1-0 B).,F8,0,___,BP,L,R,0,[],Home,Away,___,1.0,1.0,"['0-0', '1-0']",6,Out
639288.xml,4/18/2026,ILLINOIS,MARYLAND,Megan Nuechterlein,Mariah Penta,B6,66,Mariah Penta hit by pitch (2-2 KFBH).,HP,1,1__,KFBH,R,R,0,[],Home,Away,___,1.0,0.0,"['0-0', '0-1', '0-2', '1-2']",6,Hit By Pitch
639288.xml,4/18/2026,ILLINOIS,MARYLAND,Abby Sabalaskey,Matti Benson,B6,69,Matti Benson reached on a fielder's choice (3-2 KBBBF); Gracelyn Solarz out at second 2b to ss.,FC,1,1__,KBBBFP,L,L,0,[],Home,Away,1__,2.0,1.0,"['0-0', '0-1', '1-1', '2-1', '3-1', '3-2']",6,Fielders Choice
639288.xml,4/18/2026,ILLINOIS,MARYLAND,Abby Sabalaskey,Zayda Rocke,B6,70,Zayda Rocke grounded out to 3b (2-1 BKB).,53,2,1__,BKBP,R,L,0,[],Home,Away,1__,3.0,1.0,"['0-0', '1-0', '1-1', '2-1']",6,Out
639288.xml,4/18/2026,MARYLAND,ILLINOIS,Keira Bucher,Jackie Yeager,T7,73,Jackie Yeager singled to shortstop (1-0 B).,1B 6,0,1__,BP,R,R,0,[],Away,Home,___,0.0,0.0,"['0-0', '1-0']",7,Single
639288.xml,4/18/2026,MARYLAND,ILLINOIS,Keira Bucher,Brooke Stang,T7,74,Brooke Stang walked (3-2 BFFBBB); Jackie Yeager advanced to second.,BB,0,12_,BFFBBB,L,R,0,[],Away,Home,1__,0.0,0.0,"['0-0', '1-0', '1-1', '1-2', '2-2', '3-2']",7,Walk
639288.xml,4/18/2026,MARYLAND,ILLINOIS,Keira Bucher,Ava Moore,T7,75,Ava Moore singled to left field (0-2 FK); Brooke Stang advanced to second; Jackie Yeager advanced to third.,1B 7,0,123,FKP,R,R,0,[],Away,Home,12_,0.0,0.0,"['0-0', '0-1', '0-2']",7,Single
639288.xml,4/18/2026,MARYLAND,ILLINOIS,Keira Bucher,Alaina Miller,T7,76,"Alaina Miller reached first on a fielding error by ss (1-1 FB); Ava Moore advanced to second; Brooke Stang advanced to third; Jackie Yeager scored, unearned.",E6F,0,123,FBP,L,R,1,['Keira Bucher'],Away,Home,123,0.0,0.0,"['0-0', '0-1', '1-1']",7,Reached on Error
639288.xml,4/18/2026,MARYLAND,ILLINOIS,Keira Bucher,Skylar Brennan,T7,77,"Skylar Brennan singled to left field, RBI (2-2 BKBKFFF); Alaina Miller advanced to second; Ava Moore advanced to third; Brooke Stang scored.",1B 7 RBI1,0,123,BKBKFFFP,L,R,1,['Keira Bucher'],Away,Home,123,0.0,0.0,"['0-0', '1-0', '1-1', '2-1', '2-2']",7,Single
639288.xml,4/18/2026,MARYLAND,ILLINOIS,Aubrey Wurst,Adisyn Caryl,T7,79,"Adisyn Caryl grounded out to 2b, RBI (1-0 B); Skylar Brennan advanced to second; Alaina Miller advanced to third; Ava Moore scored.",43 RBI1,0,_23,BP,R,R,1,['Keira Bucher'],Away,Home,123,1.0,1.0,"['0-0', '1-0']",7,Out
639288.xml,4/18/2026,MARYLAND,ILLINOIS,Aubrey Wurst,Eileen Donahue,T7,80,Eileen Donahue popped up to p (1-0 B).,P1,1,_23,BP,R,R,0,[],Away,Home,_23,2.0,1.0,"['0-0', '1-0']",7,Out
639288.xml,4/18/2026,MARYLAND,ILLINOIS,Aubrey Wurst,Ellie Haggard,T7,81,Ellie Haggard struck out swinging (2-2 SBBKS).,KS,2,_23,SBBKS,R,R,0,[],Away,Home,_23,3.0,1.0,"['0-0', '0-1', '1-1', '2-1', '2-2']",7,Strikeout
639288.xml,4/18/2026,ILLINOIS,MARYLAND,Abby Sabalaskey,Anna McGowan,B7,82,Anna McGowan singled to center field (2-1 FBB).,1B 8,0,1__,FBBP,R,L,0,[],Home,Away,___,0.0,0.0,"['0-0', '0-1', '1-1', '2-1']",7,Single
639288.xml,4/18/2026,ILLINOIS,MARYLAND,Abby Sabalaskey,Caroline Fox,B7,84,"Caroline Fox grounded out to 3b, bunt, SAC (0-0); Lauren Caye advanced to second.",53 BU SAC,0,_2_,P,L,L,0,[],Home,Away,1__,1.0,1.0,['0-0'],7,Out
639288.xml,4/18/2026,ILLINOIS,MARYLAND,Abby Sabalaskey,"Rodmyre,Sage",B7,86,Sage Rodmyre grounded out to 3b (1-2 BKF).,53,1,_2_,BKFP,R,L,0,[],Home,Away,_2_,2.0,1.0,"['0-0', '1-0', '1-1', '1-2']",7,Out
639288.xml,4/18/2026,ILLINOIS,MARYLAND,Abby Sabalaskey,Caitlyn Cornwell,B7,87,"Caitlyn Cornwell out at first p to 2b, bunt (0-0).",14 BU,2,_2_,P,L,L,0,[],Home,Away,_2_,3.0,1.0,['0-0'],7,Out
639287.xml,4/17/2026,MARYLAND,ILLINOIS,Caitlin Olensky,Skylar Brennan,T1,3,Skylar Brennan lined out to 2b (2-2 KKBB).,L4,0,___,KKBBP,L,L,0,[],Away,Home,___,1.0,1.0,"['0-0', '0-1', '0-2', '1-2', '2-2']",1,Out
639287.xml,4/17/2026,MARYLAND,ILLINOIS,Caitlin Olensky,Adisyn Caryl,T1,4,Adisyn Caryl flied out to cf (0-0).,F8,1,___,P,R,L,0,[],Away,Home,___,2.0,1.0,['0-0'],1,Out
639287.xml,4/17/2026,MARYLAND,ILLINOIS,Caitlin Olensky,Eileen Donahue,T1,5,Eileen Donahue struck out swinging (0-2 KKFS).,KS,2,___,KKFS,R,L,0,[],Away,Home,___,3.0,1.0,"['0-0', '0-1', '0-2']",1,Strikeout
639287.xml,4/17/2026,ILLINOIS,MARYLAND,Karley Yergler,Sammi Woods,B1,6,"Sammi Woods reached first on a fielding error by 2b, bunt (0-0).",E4F BU,0,1__,P,R,R,0,[],Home,Away,___,0.0,0.0,['0-0'],1,Reached on Error
639287.xml,4/17/2026,ILLINOIS,MARYLAND,Karley Yergler,Bailey Murphy,B1,7,"Bailey Murphy grounded out to 3b, bunt, SAC (1-1 BS); Sammi Woods advanced to second.",53 BU SAC,0,_2_,BSP,L,R,0,[],Home,Away,1__,1.0,1.0,"['0-0', '1-0', '1-1']",1,Out
639287.xml,4/17/2026,ILLINOIS,MARYLAND,Karley Yergler,Mariah Penta,B1,8,Mariah Penta singled to left field (0-0); Sammi Woods advanced to third.,1B 7,1,1_3,P,R,R,0,[],Home,Away,_2_,1.0,0.0,['0-0'],1,Single
639287.xml,4/17/2026,ILLINOIS,MARYLAND,Karley Yergler,Matti Benson,B1,9,Matti Benson walked (3-2 BBSBFB); Mariah Penta advanced to second.,BB,1,123,BBSBFB,L,R,0,[],Home,Away,1_3,1.0,0.0,"['0-0', '1-0', '2-0', '2-1', '3-1', '3-2']",1,Walk
639287.xml,4/17/2026,ILLINOIS,MARYLAND,Karley Yergler,Zayda Rocke,B1,10,"Zayda Rocke singled to left field, RBI (1-0 B); Matti Benson advanced to second; Mariah Penta advanced to third; Sammi Woods scored, unearned.",1B 7 RBI1,1,123,BP,R,R,1,['Karley Yergler'],Home,Away,123,1.0,0.0,"['0-0', '1-0']",1,Single
639287.xml,4/17/2026,ILLINOIS,MARYLAND,Karley Yergler,Anna McGowan,B1,11,"Anna McGowan grounded out to 3b, RBI (0-0); Zayda Rocke advanced to second; Matti Benson advanced to third; Mariah Penta scored, unearned.",53 RBI1,1,_23,P,R,R,1,['Karley Yergler'],Home,Away,123,2.0,1.0,['0-0'],1,Out
639287.xml,4/17/2026,ILLINOIS,MARYLAND,Karley Yergler,Caroline Fox,B1,12,"Caroline Fox doubled to left field, 2 RBI (3-2 FBSBBFF); Zayda Rocke scored, unearned; Matti Benson scored, unearned.",2B LF RBI2,2,_2_,FBSBBFFP,L,R,2,"['Karley Yergler', 'Karley Yergler']",Home,Away,_23,2.0,0.0,"['0-0', '0-1', '1-1', '1-2', '2-2', '3-2']",1,Double
639287.xml,4/17/2026,ILLINOIS,MARYLAND,Karley Yergler,Gracie Wilson,B1,13,Gracie Wilson struck out swinging (1-2 KSBS).,KS,2,_2_,KSBS,R,R,0,[],Home,Away,_2_,3.0,1.0,"['0-0', '0-1', '0-2', '1-2']",1,Strikeout
639287.xml,4/17/2026,MARYLAND,ILLINOIS,Caitlin Olensky,Ellie Haggard,T2,14,Ellie Haggard grounded out to 3b (0-2 FK).,53,0,___,FKP,R,L,0,[],Away,Home,___,1.0,1.0,"['0-0', '0-1', '0-2']",2,Out
639287.xml,4/17/2026,MARYLAND,ILLINOIS,Caitlin Olensky,Keirys Click,T2,15,Keirys Click flied out to ss (1-0 B).,F6,1,___,BP,R,L,0,[],Away,Home,___,2.0,1.0,"['0-0', '1-0']",2,Out
639287.xml,4/17/2026,MARYLAND,ILLINOIS,Caitlin Olensky,Ady Kiddy,T2,16,Ady Kiddy struck out swinging (0-2 KSFS).,KS,2,___,KSFS,R,L,0,[],Away,Home,___,3.0,1.0,"['0-0', '0-1', '0-2']",2,Strikeout
639287.xml,4/17/2026,ILLINOIS,MARYLAND,Karley Yergler,Caitlyn Cornwell,B2,17,"Caitlyn Cornwell popped up to p, bunt (0-0).",P1 BU,0,___,P,L,R,0,[],Home,Away,___,1.0,1.0,['0-0'],2,Out
639287.xml,4/17/2026,ILLINOIS,MARYLAND,Karley Yergler,Sammi Woods,B2,18,Sammi Woods flied out to lf (2-2 KBFBF).,F7,1,___,KBFBFP,R,R,0,[],Home,Away,___,2.0,1.0,"['0-0', '0-1', '1-1', '1-2', '2-2']",2,Out
639287.xml,4/17/2026,ILLINOIS,MARYLAND,Karley Yergler,Bailey Murphy,B2,19,Bailey Murphy lined out to 3b (3-2 BFBFBFF).,L5,2,___,BFBFBFFP,L,R,0,[],Home,Away,___,3.0,1.0,"['0-0', '1-0', '1-1', '2-1', '2-2', '3-2']",2,Out
639287.xml,4/17/2026,MARYLAND,ILLINOIS,Caitlin Olensky,Delaney Mosley,T3,20,Delaney Mosley singled up the middle (0-0).,1B MI,0,1__,P,L,L,0,[],Away,Home,___,0.0,0.0,['0-0'],3,Single
639287.xml,4/17/2026,MARYLAND,ILLINOIS,Caitlin Olensky,Ava Moore,T3,21,"Ava Moore reached on a fielder's choice, bunt (0-0); Delaney Mosley out at second 3b to 2b.",FC BU,0,1__,P,R,L,0,[],Away,Home,1__,1.0,1.0,['0-0'],3,Fielders Choice
639287.xml,4/17/2026,MARYLAND,ILLINOIS,Caitlin Olensky,Alaina Miller,T3,22,Alaina Miller singled down the lf line (2-0 BB); Ava Moore advanced to second.,1B LL,1,12_,BBP,L,L,0,[],Away,Home,1__,1.0,0.0,"['0-0', '1-0', '2-0']",3,Single
639287.xml,4/17/2026,MARYLAND,ILLINOIS,Caitlin Olensky,Skylar Brennan,T3,23,Skylar Brennan grounded out to 1b unassisted (2-2 BFKB); Alaina Miller advanced to second; Ava Moore advanced to third.,3UA,1,_23,BFKBP,L,L,0,[],Away,Home,12_,2.0,1.0,"['0-0', '1-0', '1-1', '1-2', '2-2']",3,Out
639287.xml,4/17/2026,MARYLAND,ILLINOIS,Caitlin Olensky,Adisyn Caryl,T3,24,Adisyn Caryl lined out to lf (1-0 B).,L7,2,_23,BP,R,L,0,[],Away,Home,_23,3.0,1.0,"['0-0', '1-0']",3,Out
639287.xml,4/17/2026,ILLINOIS,MARYLAND,Karley Yergler,Mariah Penta,B3,27,Mariah Penta walked (3-2 BFBKBB).,BB,0,1__,BFBKBB,R,R,0,[],Home,Away,___,0.0,0.0,"['0-0', '1-0', '1-1', '2-1', '2-2', '3-2']",3,Walk
639287.xml,4/17/2026,ILLINOIS,MARYLAND,Karley Yergler,Matti Benson,B3,28,Matti Benson singled to shortstop (0-0); Mariah Penta advanced to second.,1B SS,0,12_,P,L,R,0,[],Home,Away,1__,0.0,0.0,['0-0'],3,Single
639287.xml,4/17/2026,ILLINOIS,MARYLAND,Karley Yergler,Zayda Rocke,B3,29,Zayda Rocke singled to left field (1-2 FFB); Matti Benson advanced to second; Mariah Penta advanced to third.,1B LF,0,123,FFBP,R,R,0,[],Home,Away,12_,0.0,0.0,"['0-0', '0-1', '0-2', '1-2']",3,Single
639287.xml,4/17/2026,ILLINOIS,MARYLAND,Karley Yergler,Anna McGowan,B3,30,Anna McGowan flied out to p (2-2 BSBKF).,F1,0,123,BSBKFP,R,R,0,[],Home,Away,123,1.0,1.0,"['0-0', '1-0', '1-1', '2-1', '2-2']",3,Out
639287.xml,4/17/2026,ILLINOIS,MARYLAND,Karley Yergler,Caroline Fox,B3,31,"Caroline Fox walked, RBI (3-2 FBBFBB); Zayda Rocke advanced to second; Matti Benson advanced to third; Mariah Penta scored.",BB RBI1,1,123,FBBFBB,L,R,1,['Karley Yergler'],Home,Away,123,1.0,0.0,"['0-0', '0-1', '1-1', '2-1', '2-2', '3-2']",3,Walk
639287.xml,4/17/2026,ILLINOIS,MARYLAND,Karley Yergler,Logan Turner,B3,33,Logan Turner reached on a fielder's choice (0-0); Caroline Fox advanced to second; Zayda Rocke advanced to third; Matti Benson out at home 3b to c.,FC,1,123,P,R,R,0,[],Home,Away,123,2.0,1.0,['0-0'],3,Fielders Choice
639287.xml,4/17/2026,ILLINOIS,MARYLAND,Karley Yergler,Caitlyn Cornwell,B3,34,Caitlyn Cornwell struck out swinging (2-2 BBKSFS).,KS,2,123,BBKSFS,L,R,0,[],Home,Away,123,3.0,1.0,"['0-0', '1-0', '2-0', '2-1', '2-2']",3,Strikeout
639287.xml,4/17/2026,MARYLAND,ILLINOIS,Caitlin Olensky,Eileen Donahue,T4,36,"Eileen Donahue homered to left field, RBI (2-0 BB).",HR LF RBI1,0,___,BBP,R,L,1,['Caitlin Olensky'],Away,Home,___,0.0,0.0,"['0-0', '1-0', '2-0']",4,Home Run
639287.xml,4/17/2026,MARYLAND,ILLINOIS,Caitlin Olensky,Ellie Haggard,T4,37,Ellie Haggard flied out to cf (2-1 BBF).,F8,0,___,BBFP,R,L,0,[],Away,Home,___,1.0,1.0,"['0-0', '1-0', '2-0', '2-1']",4,Out
639287.xml,4/17/2026,MARYLAND,ILLINOIS,Caitlin Olensky,Keirys Click,T4,38,Keirys Click hit by pitch (1-0 H).,HP,1,1__,H,R,L,0,[],Away,Home,___,1.0,0.0,['0-0'],4,Hit By Pitch
639287.xml,4/17/2026,MARYLAND,ILLINOIS,Caitlin Olensky,Ady Kiddy,T4,39,Ady Kiddy singled to third base (0-0); Keirys Click advanced to second.,1B 5,1,12_,P,R,L,0,[],Away,Home,1__,1.0,0.0,['0-0'],4,Single
639287.xml,4/17/2026,MARYLAND,ILLINOIS,Caitlin Olensky,Delaney Mosley,T4,40,Delaney Mosley struck out swinging (3-2 KBFBBS).,KS,1,12_,KBFBBS,L,L,0,[],Away,Home,12_,2.0,1.0,"['0-0', '0-1', '1-1', '1-2', '2-2', '3-2']",4,Strikeout
639287.xml,4/17/2026,MARYLAND,ILLINOIS,Caitlin Olensky,Ella Cushing,T4,42,Ella Cushing hit by pitch (1-0 H); Ady Kiddy advanced to second; Keirys Click advanced to third.,HP,2,123,H,R,L,0,[],Away,Home,12_,2.0,0.0,['0-0'],4,Hit By Pitch
639287.xml,4/17/2026,MARYLAND,ILLINOIS,Caitlin Olensky,Alaina Miller,T4,44,Alaina Miller struck out swinging (3-2 KKBBBS).,KS,2,123,KKBBBS,L,L,0,[],Away,Home,123,3.0,1.0,"['0-0', '0-1', '0-2', '1-2', '2-2', '3-2']",4,Strikeout
639287.xml,4/17/2026,ILLINOIS,MARYLAND,Karley Yergler,Sammi Woods,B4,47,"Sammi Woods grounded out to c, bunt (1-1 BK).",23 BU,0,___,BKP,R,R,0,[],Home,Away,___,1.0,1.0,"['0-0', '1-0', '1-1']",4,Out
639287.xml,4/17/2026,ILLINOIS,MARYLAND,Karley Yergler,Bailey Murphy,B4,48,Bailey Murphy grounded out to 2b (1-2 FFFFB).,43,1,___,FFFFBP,L,R,0,[],Home,Away,___,2.0,1.0,"['0-0', '0-1', '0-2', '1-2']",4,Out
639287.xml,4/17/2026,ILLINOIS,MARYLAND,Karley Yergler,Mariah Penta,B4,49,Mariah Penta flied out to cf (0-0).,F8,2,___,P,R,R,0,[],Home,Away,___,3.0,1.0,['0-0'],4,Out
639287.xml,4/17/2026,MARYLAND,ILLINOIS,Elisea Wiegand,Skylar Brennan,T5,52,Skylar Brennan lined out to 3b (0-0).,L5,0,___,P,L,R,0,[],Away,Home,___,1.0,1.0,['0-0'],5,Out
639287.xml,4/17/2026,MARYLAND,ILLINOIS,Elisea Wiegand,Adisyn Caryl,T5,53,Adisyn Caryl grounded out to 3b (1-1 KB).,53,1,___,KBP,R,R,0,[],Away,Home,___,2.0,1.0,"['0-0', '0-1', '1-1']",5,Out
639287.xml,4/17/2026,MARYLAND,ILLINOIS,Elisea Wiegand,Eileen Donahue,T5,54,Eileen Donahue fouled out to lf (3-1 BKBB).,FF7,2,___,BKBBP,R,R,0,[],Away,Home,___,3.0,1.0,"['0-0', '1-0', '1-1', '2-1', '3-1']",5,Out
639287.xml,4/17/2026,ILLINOIS,MARYLAND,Karley Yergler,Matti Benson,B5,57,Matti Benson singled through the right side (1-0 B).,1B RS,0,1__,BP,L,R,0,[],Home,Away,___,0.0,0.0,"['0-0', '1-0']",5,Single
639287.xml,4/17/2026,ILLINOIS,MARYLAND,Karley Yergler,Zayda Rocke,B5,58,Zayda Rocke flied out to rf (1-2 FFBFFFF).,F9,0,1__,FFBFFFFP,R,R,0,[],Home,Away,1__,1.0,1.0,"['0-0', '0-1', '0-2', '1-2']",5,Out
639287.xml,4/17/2026,ILLINOIS,MARYLAND,Karley Yergler,Anna McGowan,B5,59,Anna McGowan reached first on a fielding error by p (0-0); Matti Benson advanced to second.,E1F,1,12_,P,R,R,0,[],Home,Away,1__,1.0,0.0,['0-0'],5,Reached on Error
639287.xml,4/17/2026,ILLINOIS,MARYLAND,Karley Yergler,Caroline Fox,B5,61,Caroline Fox fouled out to rf (1-2 KKB); Gracelyn Solarz advanced to second; Matti Benson advanced to third.,FF9,1,_23,KKBP,L,R,0,[],Home,Away,12_,2.0,1.0,"['0-0', '0-1', '0-2', '1-2']",5,Out
639287.xml,4/17/2026,ILLINOIS,MARYLAND,Karley Yergler,Jaylee Williams,B5,62,Jaylee Williams flied out to lf (1-1 KB).,F7,2,_23,KBP,L,R,0,[],Home,Away,_23,3.0,1.0,"['0-0', '0-1', '1-1']",5,Out
639287.xml,4/17/2026,MARYLAND,ILLINOIS,Elisea Wiegand,Ellie Haggard,T6,65,Ellie Haggard flied out to cf (0-1 K).,F8,0,___,KP,R,R,0,[],Away,Home,___,1.0,1.0,"['0-0', '0-1']",6,Out
639287.xml,4/17/2026,MARYLAND,ILLINOIS,Elisea Wiegand,Keirys Click,T6,66,Keirys Click flied out to ss (1-2 FBF).,F6,1,___,FBFP,R,R,0,[],Away,Home,___,2.0,1.0,"['0-0', '0-1', '1-1', '1-2']",6,Out
639287.xml,4/17/2026,MARYLAND,ILLINOIS,Elisea Wiegand,Ady Kiddy,T6,67,Ady Kiddy fouled out to rf (1-1 FB).,FF9,2,___,FBP,R,R,0,[],Away,Home,___,3.0,1.0,"['0-0', '0-1', '1-1']",6,Out
639287.xml,4/17/2026,ILLINOIS,MARYLAND,Karley Yergler,"Rodmyre,Sage",B6,69,Sage Rodmyre struck out swinging (0-2 SFS).,KS,0,___,SFS,R,R,0,[],Home,Away,___,1.0,1.0,"['0-0', '0-1', '0-2']",6,Strikeout
639287.xml,4/17/2026,ILLINOIS,MARYLAND,Karley Yergler,Sammi Woods,B6,70,Sammi Woods flied out to lf (1-1 BK).,F7,1,___,BKP,R,R,0,[],Home,Away,___,2.0,1.0,"['0-0', '1-0', '1-1']",6,Out
639287.xml,4/17/2026,ILLINOIS,MARYLAND,Karley Yergler,Bailey Murphy,B6,71,Bailey Murphy singled to shortstop (0-1 F).,1B SS,2,1__,FP,L,R,0,[],Home,Away,___,2.0,0.0,"['0-0', '0-1']",6,Single
639287.xml,4/17/2026,ILLINOIS,MARYLAND,Karley Yergler,Mariah Penta,B6,72,Mariah Penta flied out to rf (0-0).,F9,2,1__,P,R,R,0,[],Home,Away,1__,3.0,1.0,['0-0'],6,Out
639287.xml,4/17/2026,MARYLAND,ILLINOIS,Elisea Wiegand,Eden Echevarria,T7,74,Eden Echevarria lined out to 2b (0-0).,L4,0,___,N/A,R,R,0,[],Away,Home,___,1.0,1.0,['Unknown'],7,Out
639287.xml,4/17/2026,MARYLAND,ILLINOIS,Elisea Wiegand,Ava Moore,T7,75,Ava Moore flied out to 3b (0-0).,F5,1,___,N/A,R,R,0,[],Away,Home,___,2.0,1.0,['Unknown'],7,Out
639287.xml,4/17/2026,MARYLAND,ILLINOIS,Elisea Wiegand,Jackie Yeager,T7,77,Jackie Yeager flied out to cf (1-1 FB).,F8,2,___,FBP,R,R,0,[],Away,Home,___,3.0,1.0,"['0-0', '0-1', '1-1']",7,Out
639295.xml,4/15/2026,MARYLAND,HOWARD,Aubrey Wurst,Maryn Jordan,T1,1,Maryn Jordan flied out to lf (1-2 SFFB).,F7,0,___,SFFBP,R,R,0,[],Away,Home,___,1.0,1.0,"['0-0', '0-1', '0-2', '1-2']",1,Out
639295.xml,4/15/2026,MARYLAND,HOWARD,Aubrey Wurst,Lauryn Jones,T1,2,Lauryn Jones lined out to ss (1-2 KFBF).,L6,1,___,KFBFP,R,R,0,[],Away,Home,___,2.0,1.0,"['0-0', '0-1', '0-2', '1-2']",1,Out
639295.xml,4/15/2026,MARYLAND,HOWARD,Aubrey Wurst,T. Ames-Alexander,T1,3,T. Ames-Alexander struck out swinging (1-2 FKFBS).,KS,2,___,FKFBS,R,R,0,[],Away,Home,___,3.0,1.0,"['0-0', '0-1', '0-2', '1-2']",1,Strikeout
639295.xml,4/15/2026,HOWARD,MARYLAND,Aiko Conaway,Bailey Murphy,B1,4,Bailey Murphy singled up the middle (2-1 BKB).,1B MI,0,1__,BKBP,L,R,0,[],Home,Away,___,0.0,0.0,"['0-0', '1-0', '1-1', '2-1']",1,Single
639295.xml,4/15/2026,HOWARD,MARYLAND,Aiko Conaway,Mariah Penta,B1,5,Mariah Penta singled up the middle (2-0 BB); Bailey Murphy advanced to second.,1B MI,0,12_,BBP,R,R,0,[],Home,Away,1__,0.0,0.0,"['0-0', '1-0', '2-0']",1,Single
639295.xml,4/15/2026,HOWARD,MARYLAND,Aiko Conaway,Matti Benson,B1,6,Matti Benson walked (3-1 BBFBB); Mariah Penta advanced to second; Bailey Murphy advanced to third.,BB,0,123,BBFBB,L,R,0,[],Home,Away,12_,0.0,0.0,"['0-0', '1-0', '2-0', '2-1', '3-1']",1,Walk
639295.xml,4/15/2026,HOWARD,MARYLAND,Aiko Conaway,Zayda Rocke,B1,7,"Zayda Rocke homered to left field, 4 RBI (2-1 FBH); Matti Benson scored; Mariah Penta scored; Bailey Murphy scored.",HR LF RBI4,0,___,FBH,R,R,4,"['Aiko Conaway', 'Aiko Conaway', 'Aiko Conaway', 'Aiko Conaway']",Home,Away,123,0.0,0.0,"['0-0', '0-1', '1-1']",1,Home Run
639295.xml,4/15/2026,HOWARD,MARYLAND,Aiko Conaway,Anna McGowan,B1,8,Anna McGowan struck out swinging (3-2 BKKBBS).,KS,0,___,BKKBBS,R,R,0,[],Home,Away,___,1.0,1.0,"['0-0', '1-0', '1-1', '1-2', '2-2', '3-2']",1,Strikeout
639295.xml,4/15/2026,HOWARD,MARYLAND,Aiko Conaway,Logan Turner,B1,9,Logan Turner struck out swinging (3-2 BKBBKS).,KS,1,___,BKBBKS,R,R,0,[],Home,Away,___,2.0,1.0,"['0-0', '1-0', '1-1', '2-1', '3-1', '3-2']",1,Strikeout
639295.xml,4/15/2026,HOWARD,MARYLAND,Aiko Conaway,Caroline Fox,B1,10,Caroline Fox grounded out to 2b (1-1 SB).,43,2,___,SBP,L,R,0,[],Home,Away,___,3.0,1.0,"['0-0', '0-1', '1-1']",1,Out
639295.xml,4/15/2026,MARYLAND,HOWARD,Aubrey Wurst,Cheyenne Castille,T2,11,Cheyenne Castille grounded out to 1b unassisted (2-2 KFFBB).,3UA,0,___,KFFBBP,R,R,0,[],Away,Home,___,1.0,1.0,"['0-0', '0-1', '0-2', '1-2', '2-2']",2,Out
639295.xml,4/15/2026,MARYLAND,HOWARD,Aubrey Wurst,Makyia Taylor,T2,12,Makyia Taylor struck out swinging (1-2 KKBFS).,KS,1,___,KKBFS,R,R,0,[],Away,Home,___,2.0,1.0,"['0-0', '0-1', '0-2', '1-2']",2,Strikeout
639295.xml,4/15/2026,MARYLAND,HOWARD,Aubrey Wurst,Wisdom Colbert,T2,13,Wisdom Colbert popped up to 1b (0-0).,P3,2,___,P,R,R,0,[],Away,Home,___,3.0,1.0,['0-0'],2,Out
639295.xml,4/15/2026,HOWARD,MARYLAND,Aiko Conaway,Gracie Wilson,B2,14,Gracie Wilson grounded out to p (0-1 K).,13,0,___,KP,R,R,0,[],Home,Away,___,1.0,1.0,"['0-0', '0-1']",2,Out
639295.xml,4/15/2026,HOWARD,MARYLAND,Aiko Conaway,Caitlyn Cornwell,B2,15,"Caitlyn Cornwell singled, bunt (0-0).",1B BU,1,1__,P,L,R,0,[],Home,Away,___,1.0,0.0,['0-0'],2,Single
639295.xml,4/15/2026,HOWARD,MARYLAND,Aiko Conaway,Bailey Murphy,B2,16,Bailey Murphy reached on a fielder's choice (0-2 FK); Caitlyn Cornwell advanced to second.,FC,1,12_,FKP,L,R,0,[],Home,Away,1__,1.0,0.0,"['0-0', '0-1', '0-2']",2,Fielders Choice
639295.xml,4/15/2026,HOWARD,MARYLAND,Aiko Conaway,Mariah Penta,B2,17,Mariah Penta fouled out to 1b (0-0).,FF3,1,12_,N/A,R,R,0,[],Home,Away,12_,2.0,1.0,['Unknown'],2,Out
639295.xml,4/15/2026,HOWARD,MARYLAND,Aiko Conaway,Matti Benson,B2,18,"Matti Benson doubled to left center, RBI (2-2 BSBK); Bailey Murphy advanced to third; Caitlyn Cornwell scored.",2B LC RBI1,2,_23,BSBKP,L,R,1,['Aiko Conaway'],Home,Away,12_,2.0,0.0,"['0-0', '1-0', '1-1', '2-1', '2-2']",2,Double
639295.xml,4/15/2026,HOWARD,MARYLAND,Aiko Conaway,Zayda Rocke,B2,19,Zayda Rocke flied out to lf (1-2 KBFF).,F7,2,_23,KBFFP,R,R,0,[],Home,Away,_23,3.0,1.0,"['0-0', '0-1', '1-1', '1-2']",2,Out
639295.xml,4/15/2026,MARYLAND,HOWARD,Aubrey Wurst,Amirah Lenon,T3,20,"Amirah Lenon struck out, reached first on a passed ball (1-2 SKBS).",K PB,0,1__,SKBS,R,R,0,[],Away,Home,___,0.0,0.0,"['0-0', '0-1', '0-2', '1-2']",3,Strikeout
639295.xml,4/15/2026,MARYLAND,HOWARD,Aubrey Wurst,Angel Riggins,T3,21,Angel Riggins fouled out to 1b (0-0).,FF3,0,1__,N/A,R,R,0,[],Away,Home,1__,1.0,1.0,['Unknown'],3,Out
639295.xml,4/15/2026,MARYLAND,HOWARD,Aubrey Wurst,Aniyah Whipper,T3,22,Aniyah Whipper flied out to 2b (1-2 FFBF).,F4,1,1__,FFBFP,R,R,0,[],Away,Home,1__,2.0,1.0,"['0-0', '0-1', '0-2', '1-2']",3,Out
639295.xml,4/15/2026,HOWARD,MARYLAND,Aiko Conaway,Anna McGowan,B3,24,"Anna McGowan homered to center field, RBI (2-2 KBBK).",HR CF RBI1,0,___,KBBKP,R,R,1,['Aiko Conaway'],Home,Away,___,0.0,0.0,"['0-0', '0-1', '1-1', '2-1', '2-2']",3,Home Run
639295.xml,4/15/2026,HOWARD,MARYLAND,Destiny Calloway,Logan Turner,B3,26,Logan Turner reached first on a fielding error by 3b (1-1 BK).,E5F,0,1__,BKP,R,R,0,[],Home,Away,___,0.0,0.0,"['0-0', '1-0', '1-1']",3,Reached on Error
639295.xml,4/15/2026,HOWARD,MARYLAND,Destiny Calloway,Caroline Fox,B3,27,Caroline Fox lined into double play 3b (1-1 FB); Logan Turner out on the play.,L5 LDP,0,___,FBP,L,R,0,[],Home,Away,1__,2.0,2.0,"['0-0', '0-1', '1-1']",3,Out
639295.xml,4/15/2026,HOWARD,MARYLAND,Destiny Calloway,Gracie Wilson,B3,28,Gracie Wilson grounded out to ss (2-2 KFBB).,63,2,___,KFBBP,R,R,0,[],Home,Away,___,3.0,1.0,"['0-0', '0-1', '0-2', '1-2', '2-2']",3,Out
639295.xml,4/15/2026,MARYLAND,HOWARD,Aubrey Wurst,Maryn Jordan,T4,29,Maryn Jordan doubled to left field (0-0).,2B LF,0,_2_,P,R,R,0,[],Away,Home,___,0.0,0.0,['0-0'],4,Double
639295.xml,4/15/2026,MARYLAND,HOWARD,Aubrey Wurst,Merci Hart,T4,31,Merci Hart struck out looking (1-2 KBFFK).,KL,0,_2_,KBFFK,R,R,0,[],Away,Home,_2_,1.0,1.0,"['0-0', '0-1', '1-1', '1-2']",4,Strikeout
639295.xml,4/15/2026,MARYLAND,HOWARD,Aubrey Wurst,T. Ames-Alexander,T4,32,T. Ames-Alexander lined out to rf (0-1 K).,L9,1,_2_,KP,R,R,0,[],Away,Home,_2_,2.0,1.0,"['0-0', '0-1']",4,Out
639295.xml,4/15/2026,MARYLAND,HOWARD,Aubrey Wurst,Cheyenne Castille,T4,33,Cheyenne Castille grounded out to ss (2-2 BBFS).,63,2,_2_,BBFSP,R,R,0,[],Away,Home,_2_,3.0,1.0,"['0-0', '1-0', '2-0', '2-1', '2-2']",4,Out
639295.xml,4/15/2026,HOWARD,MARYLAND,Destiny Calloway,Caitlyn Cornwell,B4,34,Caitlyn Cornwell singled to left field (1-1 FB).,1B 7,0,1__,FBP,L,R,0,[],Home,Away,___,0.0,0.0,"['0-0', '0-1', '1-1']",4,Single
639295.xml,4/15/2026,HOWARD,MARYLAND,Destiny Calloway,Bailey Murphy,B4,35,Bailey Murphy singled to left field (2-0 BB); Caitlyn Cornwell advanced to second.,1B 7,0,12_,BBP,L,R,0,[],Home,Away,1__,0.0,0.0,"['0-0', '1-0', '2-0']",4,Single
639295.xml,4/15/2026,HOWARD,MARYLAND,Destiny Calloway,Mariah Penta,B4,36,"Mariah Penta reached on a fielder's choice (2-0 BB); Bailey Murphy out at second 2b to ss; Caitlyn Cornwell advanced to third, out at home ss to c.",FC,0,1__,BBP,R,R,0,[],Home,Away,12_,2.0,2.0,"['0-0', '1-0', '2-0']",4,Fielders Choice
639295.xml,4/15/2026,HOWARD,MARYLAND,Destiny Calloway,Matti Benson,B4,37,Matti Benson walked (3-1 BBFBB); Mariah Penta advanced to second.,BB,2,12_,BBFBB,L,R,0,[],Home,Away,1__,2.0,0.0,"['0-0', '1-0', '2-0', '2-1', '3-1']",4,Walk
639295.xml,4/15/2026,HOWARD,MARYLAND,Destiny Calloway,Gracelyn Solarz,B4,39,Gracelyn Solarz grounded out to 3b (2-2 BKBS).,53,2,12_,BKBSP,R,R,0,[],Home,Away,12_,3.0,1.0,"['0-0', '1-0', '1-1', '2-1', '2-2']",4,Out
639295.xml,4/15/2026,MARYLAND,HOWARD,Aubrey Wurst,Makyia Taylor,T5,41,Makyia Taylor flied out to rf (1-1 BF).,F9,0,___,BFP,R,R,0,[],Away,Home,___,1.0,1.0,"['0-0', '1-0', '1-1']",5,Out
639295.xml,4/15/2026,MARYLAND,HOWARD,Aubrey Wurst,Wisdom Colbert,T5,42,Wisdom Colbert singled up the middle (2-2 BFSB).,1B MI,1,1__,BFSBP,R,R,0,[],Away,Home,___,1.0,0.0,"['0-0', '1-0', '1-1', '1-2', '2-2']",5,Single
639295.xml,4/15/2026,MARYLAND,HOWARD,Aubrey Wurst,Kelyse Stewart,T5,44,Kelyse Stewart grounded out to p (0-2 KSFFF); Wisdom Colbert advanced to second.,13,1,_2_,KSFFFP,R,R,0,[],Away,Home,1__,2.0,1.0,"['0-0', '0-1', '0-2']",5,Out
639295.xml,4/15/2026,MARYLAND,HOWARD,Aubrey Wurst,Janis Sutton,T5,46,Janis Sutton walked (3-2 BBBKSB).,BB,2,12_,BBBKSB,R,R,0,[],Away,Home,_2_,2.0,0.0,"['0-0', '1-0', '2-0', '3-0', '3-1', '3-2']",5,Walk
639295.xml,4/15/2026,MARYLAND,HOWARD,Aubrey Wurst,Aniyah Whipper,T5,48,Aniyah Whipper hit by pitch (3-0 BBH).,HP,2,12_,BBH,R,R,0,[],Away,Home,12_,2.0,0.0,"['0-0', '1-0', '2-0']",5,Hit By Pitch
639295.xml,4/15/2026,MARYLAND,HOWARD,Aubrey Wurst,Maryn Jordan,T5,49,Maryn Jordan lined out to lf (3-2 KBFBFFFB).,L7,2,12_,KBFBFFFBP,R,R,0,[],Away,Home,12_,3.0,1.0,"['0-0', '0-1', '1-1', '1-2', '2-2', '3-2']",5,Out
639295.xml,4/15/2026,HOWARD,MARYLAND,Destiny Calloway,Jaylee Williams,B5,53,Jaylee Williams grounded out to p (0-0).,13,0,___,N/A,L,R,0,[],Home,Away,___,1.0,1.0,['Unknown'],5,Out
639295.xml,4/15/2026,HOWARD,MARYLAND,Destiny Calloway,Logan Turner,B5,54,Logan Turner grounded out to p (1-1 KB).,13,1,___,KBP,R,R,0,[],Home,Away,___,2.0,1.0,"['0-0', '0-1', '1-1']",5,Out
639295.xml,4/15/2026,HOWARD,MARYLAND,Destiny Calloway,"Rodmyre,Sage",B5,56,Sage Rodmyre walked (3-1 BKBBB).,BB,2,1__,BKBBB,R,R,0,[],Home,Away,___,2.0,0.0,"['0-0', '1-0', '1-1', '2-1', '3-1']",5,Walk
639295.xml,4/15/2026,HOWARD,MARYLAND,Julia Holt,Elisea Wiegand,B5,60,Elisea Wiegand struck out swinging (2-2 BFBSS).,KS,2,1__,BFBSS,R,R,0,[],Home,Away,1__,3.0,1.0,"['0-0', '1-0', '1-1', '2-1', '2-2']",5,Strikeout
639295.xml,4/15/2026,MARYLAND,HOWARD,Aubrey Wurst,Lauryn Jones,T6,66,"Lauryn Jones grounded out to p, bunt (0-0).",13 BU,0,___,N/A,R,R,0,[],Away,Home,___,1.0,1.0,['Unknown'],6,Out
639295.xml,4/15/2026,MARYLAND,HOWARD,Aubrey Wurst,T. Ames-Alexander,T6,67,T. Ames-Alexander grounded out to 2b (2-1 BKB).,43,1,___,BKB,R,R,0,[],Away,Home,___,2.0,1.0,"['0-0', '1-0', '1-1']",6,Out
639295.xml,4/15/2026,MARYLAND,HOWARD,Aubrey Wurst,Cheyenne Castille,T6,68,Cheyenne Castille fouled out to lf (0-0).,FF7,2,___,N/A,R,R,0,[],Away,Home,___,3.0,1.0,['Unknown'],6,Out
639295.xml,4/15/2026,HOWARD,MARYLAND,Julia Holt,Caitlyn Cornwell,B6,69,Caitlyn Cornwell grounded out to 2b (1-0 B).,43,0,___,BP,L,R,0,[],Home,Away,___,1.0,1.0,"['0-0', '1-0']",6,Out
639295.xml,4/15/2026,HOWARD,MARYLAND,Julia Holt,Bailey Murphy,B6,70,Bailey Murphy flied out to 3b (2-2 KBBK).,F5,1,___,KBBKP,L,R,0,[],Home,Away,___,2.0,1.0,"['0-0', '0-1', '1-1', '2-1', '2-2']",6,Out
639295.xml,4/15/2026,HOWARD,MARYLAND,Julia Holt,Mariah Penta,B6,71,Mariah Penta lined out to 3b (0-1 S).,L5,2,___,SP,R,R,0,[],Home,Away,___,3.0,1.0,"['0-0', '0-1']",6,Out
639295.xml,4/15/2026,MARYLAND,HOWARD,Aubrey Wurst,Makyia Taylor,T7,72,Makyia Taylor reached first on a fielding error by 2b (1-0 B).,E4F,0,1__,BP,R,R,0,[],Away,Home,___,0.0,0.0,"['0-0', '1-0']",7,Reached on Error
639295.xml,4/15/2026,MARYLAND,HOWARD,Aubrey Wurst,Wisdom Colbert,T7,74,Wisdom Colbert flied out to 2b (0-0).,F4,0,1__,N/A,R,R,0,[],Away,Home,1__,1.0,1.0,['Unknown'],7,Out
639295.xml,4/15/2026,MARYLAND,HOWARD,Aubrey Wurst,Na'Khia Lee,T7,76,Na'Khia Lee struck out swinging (2-2 FFBBS).,KS,1,1__,FFBBS,R,R,0,[],Away,Home,1__,2.0,1.0,"['0-0', '0-1', '0-2', '1-2', '2-2']",7,Strikeout
639295.xml,4/15/2026,MARYLAND,HOWARD,Aubrey Wurst,Tori Trotter,T7,78,Tori Trotter hit by pitch (2-0 BH); Ariyah Allen advanced to second.,HP,2,12_,BH,R,R,0,[],Away,Home,1__,2.0,0.0,"['0-0', '1-0']",7,Hit By Pitch
639295.xml,4/15/2026,MARYLAND,HOWARD,Aubrey Wurst,Aniyah Whipper,T7,79,Aniyah Whipper grounded out to ss (1-1 KB).,63,2,12_,KBP,R,R,0,[],Away,Home,12_,3.0,1.0,"['0-0', '0-1', '1-1']",7,Out
639289.xml,4/19/2026,MARYLAND,ILLINOIS,Aubrey Wurst,Skylar Brennan,T1,3,Skylar Brennan singled to left field (0-2 KKF).,1B 7,0,1__,KKFP,L,R,0,[],Away,Home,___,0.0,0.0,"['0-0', '0-1', '0-2']",1,Single
639289.xml,4/19/2026,MARYLAND,ILLINOIS,Aubrey Wurst,Adisyn Caryl,T1,5,"Adisyn Caryl singled to pitcher, bunt (1-0 B); Fae Cornish advanced to second.",1B 1 BU,0,12_,BP,R,R,0,[],Away,Home,1__,0.0,0.0,"['0-0', '1-0']",1,Single
639289.xml,4/19/2026,MARYLAND,ILLINOIS,Aubrey Wurst,Eileen Donahue,T1,6,"Eileen Donahue reached on a fielder's choice, bunt (0-0); Adisyn Caryl advanced to second; Fae Cornish out at third c to ss.",FC BU,0,12_,P,R,R,0,[],Away,Home,12_,1.0,1.0,['0-0'],1,Fielders Choice
639289.xml,4/19/2026,MARYLAND,ILLINOIS,Aubrey Wurst,Ellie Haggard,T1,7,Ellie Haggard reached on a fielder's choice (0-0); Eileen Donahue advanced to second; Adisyn Caryl out at third p to 3b.,FC,1,12_,P,R,R,0,[],Away,Home,12_,2.0,1.0,['0-0'],1,Fielders Choice
639289.xml,4/19/2026,MARYLAND,ILLINOIS,Aubrey Wurst,Keirys Click,T1,8,Keirys Click flied out to cf (0-1 K).,F8,2,12_,KP,R,R,0,[],Away,Home,12_,3.0,1.0,"['0-0', '0-1']",1,Out
639289.xml,4/19/2026,ILLINOIS,MARYLAND,Danika Frazier,Sammi Woods,B1,10,"Sammi Woods reached first on a throwing error by ss, advanced to second (3-2 BBFBK).",E6T +,0,_2_,BBFBKP,R,R,0,[],Home,Away,___,0.0,0.0,"['0-0', '1-0', '2-0', '2-1', '3-1', '3-2']",1,Reached on Error
639289.xml,4/19/2026,ILLINOIS,MARYLAND,Danika Frazier,Bailey Murphy,B1,11,Bailey Murphy singled to pitcher (0-0); Sammi Woods advanced to third.,1B 1,0,1_3,P,L,R,0,[],Home,Away,_2_,0.0,0.0,['0-0'],1,Single
639289.xml,4/19/2026,ILLINOIS,MARYLAND,Danika Frazier,Mariah Penta,B1,12,Mariah Penta grounded out to 3b (2-0 BB); Bailey Murphy advanced to second.,53,0,_23,BBP,R,R,0,[],Home,Away,1_3,1.0,1.0,"['0-0', '1-0', '2-0']",1,Out
639289.xml,4/19/2026,ILLINOIS,MARYLAND,Danika Frazier,Matti Benson,B1,13,"Matti Benson doubled to left center, 2 RBI (2-2 KSBFFB); Bailey Murphy scored; Sammi Woods scored, unearned.",2B LC RBI2,1,_2_,KSBFFBP,L,R,2,"['Danika Frazier', 'Danika Frazier']",Home,Away,_23,1.0,0.0,"['0-0', '0-1', '0-2', '1-2', '2-2']",1,Double
639289.xml,4/19/2026,ILLINOIS,MARYLAND,Danika Frazier,Anna McGowan,B1,14,Anna McGowan reached on a fielder's choice (1-2 KFB); Matti Benson advanced to third.,FC,1,1_3,KFBP,R,R,0,[],Home,Away,_2_,1.0,0.0,"['0-0', '0-1', '0-2', '1-2']",1,Fielders Choice
639289.xml,4/19/2026,ILLINOIS,MARYLAND,Danika Frazier,Lauren Caye,B1,15,Lauren Caye lined out to ss (2-2 BFBKFF).,L6,1,1_3,BFBKFFP,R,R,0,[],Home,Away,1_3,2.0,1.0,"['0-0', '1-0', '1-1', '2-1', '2-2']",1,Out
639289.xml,4/19/2026,ILLINOIS,MARYLAND,Danika Frazier,Caroline Fox,B1,16,"Caroline Fox singled to left center, RBI (1-2 BKF); Anna McGowan advanced to second; Matti Benson scored, unearned.",1B LC RBI1,2,12_,BKFP,L,R,1,['Danika Frazier'],Home,Away,1_3,2.0,0.0,"['0-0', '1-0', '1-1', '1-2']",1,Single
639289.xml,4/19/2026,ILLINOIS,MARYLAND,Danika Frazier,Gracelyn Solarz,B1,17,Gracelyn Solarz struck out swinging (1-2 FSBS).,KS,2,12_,FSBS,R,R,0,[],Home,Away,12_,3.0,1.0,"['0-0', '0-1', '0-2', '1-2']",1,Strikeout
639289.xml,4/19/2026,MARYLAND,ILLINOIS,Aubrey Wurst,Jackie Yeager,T2,18,Jackie Yeager lined out to cf (1-0 B).,L8,0,___,BP,R,R,0,[],Away,Home,___,1.0,1.0,"['0-0', '1-0']",2,Out
639289.xml,4/19/2026,MARYLAND,ILLINOIS,Aubrey Wurst,Brooke Stang,T2,19,Brooke Stang walked (3-2 BBSBFB).,BB,1,1__,BBSBFB,L,R,0,[],Away,Home,___,1.0,0.0,"['0-0', '1-0', '2-0', '2-1', '3-1', '3-2']",2,Walk
639289.xml,4/19/2026,MARYLAND,ILLINOIS,Aubrey Wurst,Ava Moore,T2,21,Ava Moore walked (3-2 BBKFFFBFB).,BB,1,1__,BBKFFFBFB,R,R,0,[],Away,Home,1__,1.0,0.0,"['0-0', '1-0', '2-0', '2-1', '2-2', '3-2']",2,Walk
639289.xml,4/19/2026,MARYLAND,ILLINOIS,Aubrey Wurst,Alaina Miller,T2,22,Alaina Miller struck out looking (3-2 BBBKKFFK).,KL,1,1__,BBBKKFFK,L,R,0,[],Away,Home,1__,2.0,1.0,"['0-0', '1-0', '2-0', '3-0', '3-1', '3-2']",2,Strikeout
639289.xml,4/19/2026,MARYLAND,ILLINOIS,Aubrey Wurst,Skylar Brennan,T2,23,"Skylar Brennan reached first on a fielding error by ss (3-1 BBBK); Ava Moore advanced to second; Brooke Stang scored, unearned.",E6F,2,12_,BBBKP,L,R,1,['Aubrey Wurst'],Away,Home,1__,2.0,0.0,"['0-0', '1-0', '2-0', '3-0', '3-1']",2,Reached on Error
639289.xml,4/19/2026,MARYLAND,ILLINOIS,Aubrey Wurst,Adisyn Caryl,T2,24,Adisyn Caryl singled to pitcher (2-1 FBB); Skylar Brennan advanced to second; Ava Moore advanced to third.,1B 1,2,123,FBBP,R,R,0,[],Away,Home,12_,2.0,0.0,"['0-0', '0-1', '1-1', '2-1']",2,Single
639289.xml,4/19/2026,MARYLAND,ILLINOIS,Aubrey Wurst,Eileen Donahue,T2,25,Eileen Donahue flied out to lf (1-0 B).,F7,2,123,BP,R,R,0,[],Away,Home,123,3.0,1.0,"['0-0', '1-0']",2,Out
639289.xml,4/19/2026,ILLINOIS,MARYLAND,Danika Frazier,Caitlyn Cornwell,B2,26,Caitlyn Cornwell out on batter's interference (1-2 KBSFFF).,BI,0,___,KBSFFFP,L,R,0,[],Home,Away,___,1.0,1.0,"['0-0', '0-1', '1-1', '1-2']",2,Out
639289.xml,4/19/2026,ILLINOIS,MARYLAND,Danika Frazier,Sammi Woods,B2,27,Sammi Woods singled to third base (3-2 BFBFB).,1B 5,1,1__,BFBFBP,R,R,0,[],Home,Away,___,1.0,0.0,"['0-0', '1-0', '1-1', '2-1', '2-2', '3-2']",2,Single
639289.xml,4/19/2026,ILLINOIS,MARYLAND,Danika Frazier,Bailey Murphy,B2,28,Bailey Murphy lined out to 3b (1-0 B).,L5,1,1__,BP,L,R,0,[],Home,Away,1__,2.0,1.0,"['0-0', '1-0']",2,Out
639289.xml,4/19/2026,ILLINOIS,MARYLAND,Danika Frazier,Mariah Penta,B2,29,Mariah Penta flied out to cf (3-2 BBKBK).,F8,2,1__,BBKBKP,R,R,0,[],Home,Away,1__,3.0,1.0,"['0-0', '1-0', '2-0', '2-1', '3-1', '3-2']",2,Out
639289.xml,4/19/2026,MARYLAND,ILLINOIS,Aubrey Wurst,Ellie Haggard,T3,30,Ellie Haggard grounded out to 3b (1-2 KBKF).,53,0,___,KBKFP,R,R,0,[],Away,Home,___,1.0,1.0,"['0-0', '0-1', '1-1', '1-2']",3,Out
639289.xml,4/19/2026,MARYLAND,ILLINOIS,Aubrey Wurst,Keirys Click,T3,31,Keirys Click flied out to 3b (1-0 B).,F5,1,___,BP,R,R,0,[],Away,Home,___,2.0,1.0,"['0-0', '1-0']",3,Out
639289.xml,4/19/2026,MARYLAND,ILLINOIS,Aubrey Wurst,Jackie Yeager,T3,32,Jackie Yeager walked (3-2 BKBBKFB).,BB,2,1__,BKBBKFB,R,R,0,[],Away,Home,___,2.0,0.0,"['0-0', '1-0', '1-1', '2-1', '3-1', '3-2']",3,Walk
639289.xml,4/19/2026,MARYLAND,ILLINOIS,Aubrey Wurst,Brooke Stang,T3,33,Brooke Stang hit by pitch (1-2 KSH); Jackie Yeager advanced to second.,HP,2,12_,KSH,L,R,0,[],Away,Home,1__,2.0,0.0,"['0-0', '0-1', '0-2']",3,Hit By Pitch
639289.xml,4/19/2026,MARYLAND,ILLINOIS,Aubrey Wurst,Ava Moore,T3,34,Ava Moore popped up to ss (0-0).,P6,2,12_,P,R,R,0,[],Away,Home,12_,3.0,1.0,['0-0'],3,Out
639289.xml,4/19/2026,ILLINOIS,MARYLAND,Danika Frazier,Matti Benson,B3,35,Matti Benson grounded out to 3b (1-1 BK).,53,0,___,BKP,L,R,0,[],Home,Away,___,1.0,1.0,"['0-0', '1-0', '1-1']",3,Out
639289.xml,4/19/2026,ILLINOIS,MARYLAND,Danika Frazier,Anna McGowan,B3,36,Anna McGowan grounded out to ss (2-2 BSBF).,63,1,___,BSBFP,R,R,0,[],Home,Away,___,2.0,1.0,"['0-0', '1-0', '1-1', '2-1', '2-2']",3,Out
639289.xml,4/19/2026,ILLINOIS,MARYLAND,Danika Frazier,Lauren Caye,B3,37,Lauren Caye singled to shortstop (3-2 SBBKFBFF).,1B 6,2,1__,SBBKFBFFP,R,R,0,[],Home,Away,___,2.0,0.0,"['0-0', '0-1', '1-1', '2-1', '2-2', '3-2']",3,Single
639289.xml,4/19/2026,ILLINOIS,MARYLAND,Danika Frazier,Caroline Fox,B3,38,Caroline Fox singled to shortstop (2-1 BBF); Lauren Caye advanced to second.,1B 6,2,12_,BBFP,L,R,0,[],Home,Away,1__,2.0,0.0,"['0-0', '1-0', '2-0', '2-1']",3,Single
639289.xml,4/19/2026,ILLINOIS,MARYLAND,Danika Frazier,Zayda Rocke,B3,40,Zayda Rocke grounded out to 2b (1-2 BKF).,43,2,12_,BKFP,R,R,0,[],Home,Away,12_,3.0,1.0,"['0-0', '1-0', '1-1', '1-2']",3,Out
639289.xml,4/19/2026,MARYLAND,ILLINOIS,Aubrey Wurst,Alaina Miller,T4,42,Alaina Miller grounded out to ss (1-1 BK).,63,0,___,BKP,L,R,0,[],Away,Home,___,1.0,1.0,"['0-0', '1-0', '1-1']",4,Out
639289.xml,4/19/2026,MARYLAND,ILLINOIS,Aubrey Wurst,Skylar Brennan,T4,43,Skylar Brennan walked (3-2 BBFKBFB).,BB,1,1__,BBFKBFB,L,R,0,[],Away,Home,___,1.0,0.0,"['0-0', '1-0', '2-0', '2-1', '2-2', '3-2']",4,Walk
639289.xml,4/19/2026,MARYLAND,ILLINOIS,Aubrey Wurst,Adisyn Caryl,T4,44,Adisyn Caryl flied out to lf (0-0).,F7,1,1__,P,R,R,0,[],Away,Home,1__,2.0,1.0,['0-0'],4,Out
639289.xml,4/19/2026,MARYLAND,ILLINOIS,Aubrey Wurst,Eileen Donahue,T4,45,Eileen Donahue struck out looking (2-2 BBFKFK).,KL,2,1__,BBFKFK,R,R,0,[],Away,Home,1__,3.0,1.0,"['0-0', '1-0', '2-0', '2-1', '2-2']",4,Strikeout
639289.xml,4/19/2026,ILLINOIS,MARYLAND,Danika Frazier,"Rodmyre,Sage",B4,47,Sage Rodmyre struck out swinging (2-2 BFFBS).,KS,0,___,BFFBS,R,R,0,[],Home,Away,___,1.0,1.0,"['0-0', '1-0', '1-1', '1-2', '2-2']",4,Strikeout
639289.xml,4/19/2026,ILLINOIS,MARYLAND,Danika Frazier,Sammi Woods,B4,48,Sammi Woods doubled down the rf line (2-2 BKBF).,2B RL,1,_2_,BKBFP,R,R,0,[],Home,Away,___,1.0,0.0,"['0-0', '1-0', '1-1', '2-1', '2-2']",4,Double
639289.xml,4/19/2026,ILLINOIS,MARYLAND,Danika Frazier,Bailey Murphy,B4,49,Bailey Murphy grounded out to 1b unassisted (0-0); Sammi Woods advanced to third.,3UA,1,__3,P,L,R,0,[],Home,Away,_2_,2.0,1.0,['0-0'],4,Out
639289.xml,4/19/2026,ILLINOIS,MARYLAND,Danika Frazier,Mariah Penta,B4,50,Mariah Penta lined out to cf (0-1 F).,L8,2,__3,FP,R,R,0,[],Home,Away,__3,3.0,1.0,"['0-0', '0-1']",4,Out
639289.xml,4/19/2026,MARYLAND,ILLINOIS,Aubrey Wurst,Ellie Haggard,T5,52,Ellie Haggard struck out swinging (2-2 FBKBS).,KS,0,___,FBKBS,R,R,0,[],Away,Home,___,1.0,1.0,"['0-0', '0-1', '1-1', '1-2', '2-2']",5,Strikeout
639289.xml,4/19/2026,MARYLAND,ILLINOIS,Aubrey Wurst,Keirys Click,T5,53,Keirys Click fouled out to lf (0-1 K).,FF7,1,___,KP,R,R,0,[],Away,Home,___,2.0,1.0,"['0-0', '0-1']",5,Out
639289.xml,4/19/2026,MARYLAND,ILLINOIS,Aubrey Wurst,Jackie Yeager,T5,54,Jackie Yeager hit by pitch (3-1 FBBBH).,HP,2,1__,FBBBH,R,R,0,[],Away,Home,___,2.0,0.0,"['0-0', '0-1', '1-1', '2-1', '3-1']",5,Hit By Pitch
639289.xml,4/19/2026,MARYLAND,ILLINOIS,Aubrey Wurst,Brooke Stang,T5,55,Brooke Stang walked (3-0 BBBB); Jackie Yeager advanced to second.,BB,2,12_,BBBB,L,R,0,[],Away,Home,1__,2.0,0.0,"['0-0', '1-0', '2-0', '3-0']",5,Walk
639289.xml,4/19/2026,MARYLAND,ILLINOIS,Elisea Wiegand,Gabrielle Debevec,T5,58,Gabrielle Debevec hit by pitch (2-2 KSBFH); Brooke Stang advanced to second; Jackie Yeager advanced to third.,HP,2,123,KSBFH,R,R,0,[],Away,Home,12_,2.0,0.0,"['0-0', '0-1', '0-2', '1-2']",5,Hit By Pitch
639289.xml,4/19/2026,MARYLAND,ILLINOIS,Elisea Wiegand,Ella Cushing,T5,60,Ella Cushing struck out swinging (2-2 FBKBS).,KS,2,123,FBKBS,R,R,0,[],Away,Home,123,3.0,1.0,"['0-0', '0-1', '1-1', '1-2', '2-2']",5,Strikeout
639289.xml,4/19/2026,ILLINOIS,MARYLAND,Danika Frazier,Matti Benson,B5,63,Matti Benson singled to left field (2-2 KBFB).,1B 7,0,1__,KBFBP,L,R,0,[],Home,Away,___,0.0,0.0,"['0-0', '0-1', '1-1', '1-2', '2-2']",5,Single
639289.xml,4/19/2026,ILLINOIS,MARYLAND,Danika Frazier,Anna McGowan,B5,65,Anna McGowan struck out swinging (3-2 SFFBBBS).,KS,0,1__,SFFBBPBS,R,R,0,[],Home,Away,1__,1.0,1.0,"['0-0', '0-1', '0-2', '1-2', '2-2', '3-2']",5,Strikeout
639289.xml,4/19/2026,ILLINOIS,MARYLAND,Danika Frazier,Lauren Caye,B5,66,Lauren Caye grounded out to 2b (2-2 BSKB); Matti Benson advanced to third.,43,1,1_3,BSKBP,R,R,0,[],Home,Away,1__,2.0,1.0,"['0-0', '1-0', '1-1', '1-2', '2-2']",5,Out
639289.xml,4/19/2026,ILLINOIS,MARYLAND,Danika Frazier,Caroline Fox,B5,67,Caroline Fox flied out to cf (3-1 BBBK).,F8,2,1_3,BBBKP,L,R,0,[],Home,Away,1_3,3.0,1.0,"['0-0', '1-0', '2-0', '3-0', '3-1']",5,Out
639289.xml,4/19/2026,MARYLAND,ILLINOIS,Elisea Wiegand,Skylar Brennan,T6,68,Skylar Brennan grounded out to 3b (1-1 KB).,53,0,___,KBP,L,R,0,[],Away,Home,___,1.0,1.0,"['0-0', '0-1', '1-1']",6,Out
639289.xml,4/19/2026,MARYLAND,ILLINOIS,Elisea Wiegand,Adisyn Caryl,T6,69,Adisyn Caryl walked (3-2 FFBBBB).,BB,1,1__,FFBBBB,R,R,0,[],Away,Home,___,1.0,0.0,"['0-0', '0-1', '0-2', '1-2', '2-2', '3-2']",6,Walk
639289.xml,4/19/2026,MARYLAND,ILLINOIS,Elisea Wiegand,Eileen Donahue,T6,70,Eileen Donahue reached on a fielder's choice (2-2 KFBBF); Adisyn Caryl out at second 2b to ss.,FC,1,1__,KFBBFP,R,R,0,[],Away,Home,1__,2.0,1.0,"['0-0', '0-1', '0-2', '1-2', '2-2']",6,Fielders Choice
639289.xml,4/19/2026,MARYLAND,ILLINOIS,Elisea Wiegand,Ellie Haggard,T6,71,Ellie Haggard flied out to rf (2-1 BFB).,F9,2,1__,BFBP,R,R,0,[],Away,Home,1__,3.0,1.0,"['0-0', '1-0', '1-1', '2-1']",6,Out
639289.xml,4/19/2026,ILLINOIS,MARYLAND,Danika Frazier,Zayda Rocke,B6,72,Zayda Rocke reached first on a fielding error by 3b (0-0).,E5F,0,1__,P,R,R,0,[],Home,Away,___,0.0,0.0,['0-0'],6,Reached on Error
639289.xml,4/19/2026,ILLINOIS,MARYLAND,Danika Frazier,Caitlyn Cornwell,B6,73,"Caitlyn Cornwell reached on a fielder's choice (0-1 K); Zayda Rocke advanced to second on a fielding error by 2b, advanced to third.",FC,0,1_3,KP,L,R,0,[],Home,Away,1__,0.0,0.0,"['0-0', '0-1']",6,Fielders Choice
639289.xml,4/19/2026,ILLINOIS,MARYLAND,Danika Frazier,Sammi Woods,B6,74,Sammi Woods lined out to 3b (1-1 BF).,L5,0,1_3,BFP,R,R,0,[],Home,Away,1_3,1.0,1.0,"['0-0', '1-0', '1-1']",6,Out
639289.xml,4/19/2026,ILLINOIS,MARYLAND,Danika Frazier,Bailey Murphy,B6,75,"Bailey Murphy doubled to center field, RBI (1-1 KB); Caitlyn Cornwell advanced to third; Zayda Rocke scored, unearned.",2B CF RBI1,1,_23,KBP,L,R,1,['Danika Frazier'],Home,Away,1_3,1.0,0.0,"['0-0', '0-1', '1-1']",6,Double
639289.xml,4/19/2026,ILLINOIS,MARYLAND,Danika Frazier,Mariah Penta,B6,76,"Mariah Penta singled to pitcher, RBI (2-1 BBK); Bailey Murphy advanced to third; Caitlyn Cornwell scored, unearned.",1B 1 RBI1,1,1_3,BBKP,R,R,1,['Danika Frazier'],Home,Away,_23,1.0,0.0,"['0-0', '1-0', '2-0', '2-1']",6,Single
639289.xml,4/19/2026,ILLINOIS,MARYLAND,Danika Frazier,Matti Benson,B6,77,"Matti Benson reached on a fielder's choice, RBI (2-0 BB); Mariah Penta advanced to second on a fielding error by 3b; Bailey Murphy scored, unearned.",FC RBI1,1,12_,BBP,L,R,1,['Danika Frazier'],Home,Away,1_3,1.0,0.0,"['0-0', '1-0', '2-0']",6,Fielders Choice
639289.xml,4/19/2026,ILLINOIS,MARYLAND,Danika Frazier,Anna McGowan,B6,80,Anna McGowan reached on a fielder's choice (1-2 KBF); Matti Benson advanced to second; Mariah Penta out at third ss to 3b.,FC,1,12_,KBFP,R,R,0,[],Home,Away,12_,2.0,1.0,"['0-0', '0-1', '1-1', '1-2']",6,Fielders Choice
639289.xml,4/19/2026,ILLINOIS,MARYLAND,Danika Frazier,Lauren Caye,B6,82,"Lauren Caye doubled to right center, 2 RBI (2-2 BKBF); Jaylee Williams scored, unearned; Matti Benson scored, unearned.",2B RC RBI2,2,_2_,BKBFP,R,R,2,"['Danika Frazier', 'Danika Frazier']",Home,Away,12_,2.0,0.0,"['0-0', '1-0', '1-1', '2-1', '2-2']",6,Double
639289.xml,4/19/2026,ILLINOIS,MARYLAND,Abby Sabalaskey,Caroline Fox,B6,84,Caroline Fox flied out to lf (1-2 KBK).,F7,2,_2_,KBKP,L,L,0,[],Home,Away,_2_,3.0,1.0,"['0-0', '0-1', '1-1', '1-2']",6,Out
639289.xml,4/19/2026,MARYLAND,ILLINOIS,Elisea Wiegand,Keirys Click,T7,85,Keirys Click struck out swinging (0-2 KFS).,KS,0,___,KFS,R,R,0,[],Away,Home,___,1.0,1.0,"['0-0', '0-1', '0-2']",7,Strikeout
639289.xml,4/19/2026,MARYLAND,ILLINOIS,Elisea Wiegand,Jackie Yeager,T7,86,Jackie Yeager walked (3-2 BBBKFB).,BB,1,1__,BBBKFB,R,R,0,[],Away,Home,___,1.0,0.0,"['0-0', '1-0', '2-0', '3-0', '3-1', '3-2']",7,Walk
639289.xml,4/19/2026,MARYLAND,ILLINOIS,Elisea Wiegand,Brooke Stang,T7,87,Brooke Stang singled to first base (1-2 KFBFF); Jackie Yeager advanced to second.,1B 3,1,12_,KFBFFP,L,R,0,[],Away,Home,1__,1.0,0.0,"['0-0', '0-1', '0-2', '1-2']",7,Single
639289.xml,4/19/2026,MARYLAND,ILLINOIS,Elisea Wiegand,Micaela Booth,T7,89,Micaela Booth struck out swinging (0-2 KSS).,KS,1,12_,KSS,R,R,0,[],Away,Home,12_,2.0,1.0,"['0-0', '0-1', '0-2']",7,Strikeout
639289.xml,4/19/2026,MARYLAND,ILLINOIS,Keira Bucher,Taylor Porter,T7,93,Taylor Porter struck out swinging (2-2 BKSBS).,KS,2,12_,BKSBS,R,R,0,[],Away,Home,12_,3.0,1.0,"['0-0', '1-0', '1-1', '1-2', '2-2']",7,Strikeout
637762.xml,4/21/2026,DELAWARE,MARYLAND,Claire Woods,Sammi Woods,T1,1,Sammi Woods struck out swinging (2-2 FKBBS).,KS,0,___,FKBBS,R,R,0,[],Away,Home,___,1.0,1.0,"['0-0', '0-1', '0-2', '1-2', '2-2']",1,Strikeout
637762.xml,4/21/2026,DELAWARE,MARYLAND,Claire Woods,Bailey Murphy,T1,4,Bailey Murphy struck out swinging (1-2 SFBFFS).,KS,1,___,SFBFFS,L,R,0,[],Away,Home,___,2.0,1.0,"['0-0', '0-1', '0-2', '1-2']",1,Strikeout
637762.xml,4/21/2026,DELAWARE,MARYLAND,Claire Woods,Mariah Penta,T1,5,Mariah Penta hit by pitch (1-1 KH).,HP,2,1__,KH,R,R,0,[],Away,Home,___,2.0,0.0,"['0-0', '0-1']",1,Hit By Pitch
637762.xml,4/21/2026,DELAWARE,MARYLAND,Claire Woods,Matti Benson,T1,6,Matti Benson struck out looking (0-2 KSK).,KL,2,1__,KSK,L,R,0,[],Away,Home,1__,3.0,1.0,"['0-0', '0-1', '0-2']",1,Strikeout
637762.xml,4/21/2026,MARYLAND,DELAWARE,Elisea Wiegand,Allie Nankivell,B1,7,Allie Nankivell popped up to ss (2-2 KBFB).,P6,0,___,KBFBP,L,R,0,[],Home,Away,___,1.0,1.0,"['0-0', '0-1', '1-1', '1-2', '2-2']",1,Out
637762.xml,4/21/2026,MARYLAND,DELAWARE,Elisea Wiegand,Katie Scheivert,B1,8,Katie Scheivert singled through the left side (0-0).,1B LS,1,1__,P,R,R,0,[],Home,Away,___,1.0,0.0,['0-0'],1,Single
637762.xml,4/21/2026,MARYLAND,DELAWARE,Elisea Wiegand,Sydney Shaffer,B1,9,Sydney Shaffer walked (3-1 KBBBB); Katie Scheivert advanced to second.,BB,1,12_,KBBBB,R,R,0,[],Home,Away,1__,1.0,0.0,"['0-0', '0-1', '1-1', '2-1', '3-1']",1,Walk
637762.xml,4/21/2026,MARYLAND,DELAWARE,Elisea Wiegand,Maddie Diamond,B1,10,Maddie Diamond struck out looking (3-2 KBBFFBK).,KL,1,12_,KBBFFBK,R,R,0,[],Home,Away,12_,2.0,1.0,"['0-0', '0-1', '1-1', '2-1', '2-2', '3-2']",1,Strikeout
637762.xml,4/21/2026,MARYLAND,DELAWARE,Elisea Wiegand,Sorella Gallucci,B1,11,Sorella Gallucci hit by pitch (3-2 FBBBFH); Sydney Shaffer advanced to second; Katie Scheivert advanced to third.,HP,2,123,FBBBFH,R,R,0,[],Home,Away,12_,2.0,0.0,"['0-0', '0-1', '1-1', '2-1', '3-1', '3-2']",1,Hit By Pitch
637762.xml,4/21/2026,MARYLAND,DELAWARE,Elisea Wiegand,Bridget Chapman,B1,12,Bridget Chapman struck out swinging (3-2 BBBKKS).,KS,2,123,BBBKKS,R,R,0,[],Home,Away,123,3.0,1.0,"['0-0', '1-0', '2-0', '3-0', '3-1', '3-2']",1,Strikeout
637762.xml,4/21/2026,DELAWARE,MARYLAND,Claire Woods,Zayda Rocke,T2,13,Zayda Rocke struck out swinging (0-2 KSS).,KS,0,___,KSS,R,R,0,[],Away,Home,___,1.0,1.0,"['0-0', '0-1', '0-2']",2,Strikeout
637762.xml,4/21/2026,DELAWARE,MARYLAND,Claire Woods,Anna McGowan,T2,14,Anna McGowan singled to shortstop (1-2 BKK).,1B 6,1,1__,BKKP,R,R,0,[],Away,Home,___,1.0,0.0,"['0-0', '1-0', '1-1', '1-2']",2,Single
637762.xml,4/21/2026,DELAWARE,MARYLAND,Claire Woods,Caroline Fox,T2,15,"Caroline Fox reached on a fielder's choice to pitcher, bunt (0-0); Anna McGowan out at second p to 2b.",FC 1 BU,1,1__,P,L,R,0,[],Away,Home,1__,2.0,1.0,['0-0'],2,Fielders Choice
637762.xml,4/21/2026,DELAWARE,MARYLAND,Claire Woods,Lauren Caye,T2,16,Lauren Caye struck out swinging (1-2 KSFBS).,KS,2,1__,KSFBS,R,R,0,[],Away,Home,1__,3.0,1.0,"['0-0', '0-1', '0-2', '1-2']",2,Strikeout
637762.xml,4/21/2026,MARYLAND,DELAWARE,Keira Bucher,Jamie Chandler,B2,18,Jamie Chandler struck out swinging (1-2 KSBS).,KS,0,___,KSBS,R,R,0,[],Home,Away,___,1.0,1.0,"['0-0', '0-1', '0-2', '1-2']",2,Strikeout
637762.xml,4/21/2026,MARYLAND,DELAWARE,Keira Bucher,Gracie Jacobs,B2,19,Gracie Jacobs walked (3-2 BBBKFB).,BB,1,1__,BBBKFB,L,R,0,[],Home,Away,___,1.0,0.0,"['0-0', '1-0', '2-0', '3-0', '3-1', '3-2']",2,Walk
637762.xml,4/21/2026,MARYLAND,DELAWARE,Keira Bucher,Marlayna Capaldi,B2,20,"Marlayna Capaldi out at first p to 2b, bunt, SAC (2-1 BFB); Gracie Jacobs advanced to second.",14 BU SAC,1,_2_,BFBP,R,R,0,[],Home,Away,1__,2.0,1.0,"['0-0', '1-0', '1-1', '2-1']",2,Out
637762.xml,4/21/2026,MARYLAND,DELAWARE,Keira Bucher,Allie Nankivell,B2,21,Allie Nankivell singled to shortstop (1-2 BKS); Gracie Jacobs advanced to third.,1B 6,2,1_3,BKSP,L,R,0,[],Home,Away,_2_,2.0,0.0,"['0-0', '1-0', '1-1', '1-2']",2,Single
637762.xml,4/21/2026,MARYLAND,DELAWARE,Keira Bucher,Katie Scheivert,B2,23,Katie Scheivert grounded out to ss (2-2 BKBK).,63,2,1_3,BKBKP,R,R,0,[],Home,Away,1_3,3.0,1.0,"['0-0', '1-0', '1-1', '2-1', '2-2']",2,Out
637762.xml,4/21/2026,DELAWARE,MARYLAND,Claire Woods,Caitlyn Cornwell,T3,24,Caitlyn Cornwell popped up to ss (2-2 BKBK).,P6,0,___,BKBKP,L,R,0,[],Away,Home,___,1.0,1.0,"['0-0', '1-0', '1-1', '2-1', '2-2']",3,Out
637762.xml,4/21/2026,DELAWARE,MARYLAND,Claire Woods,Sammi Woods,T3,25,Sammi Woods flied out to lf (3-2 BBBKS).,F7,1,___,BBBKSP,R,R,0,[],Away,Home,___,2.0,1.0,"['0-0', '1-0', '2-0', '3-0', '3-1', '3-2']",3,Out
637762.xml,4/21/2026,DELAWARE,MARYLAND,Claire Woods,Bailey Murphy,T3,26,Bailey Murphy singled to second base (0-2 SF).,1B 4,2,1__,SFP,L,R,0,[],Away,Home,___,2.0,0.0,"['0-0', '0-1', '0-2']",3,Single
637762.xml,4/21/2026,DELAWARE,MARYLAND,Claire Woods,Mariah Penta,T3,27,Mariah Penta lined out to 2b (1-0 B).,L4,2,1__,BP,R,R,0,[],Away,Home,1__,3.0,1.0,"['0-0', '1-0']",3,Out
637762.xml,4/21/2026,MARYLAND,DELAWARE,Keira Bucher,Sydney Shaffer,B3,28,Sydney Shaffer struck out swinging (1-2 BKKS).,KS,0,___,BKKS,R,R,0,[],Home,Away,___,1.0,1.0,"['0-0', '1-0', '1-1', '1-2']",3,Strikeout
637762.xml,4/21/2026,MARYLAND,DELAWARE,Keira Bucher,Maddie Diamond,B3,29,Maddie Diamond doubled to center field (2-2 SBFB).,2B 8,1,_2_,SBFBP,R,R,0,[],Home,Away,___,1.0,0.0,"['0-0', '0-1', '1-1', '1-2', '2-2']",3,Double
637762.xml,4/21/2026,MARYLAND,DELAWARE,Keira Bucher,Sorella Gallucci,B3,30,Sorella Gallucci flied out to lf (2-2 KBBF).,F7,1,_2_,KBBFP,R,R,0,[],Home,Away,_2_,2.0,1.0,"['0-0', '0-1', '1-1', '2-1', '2-2']",3,Out
637762.xml,4/21/2026,MARYLAND,DELAWARE,Keira Bucher,Bridget Chapman,B3,31,Bridget Chapman popped up to ss (2-1 SBB).,P6,2,_2_,SBBP,R,R,0,[],Home,Away,_2_,3.0,1.0,"['0-0', '0-1', '1-1', '2-1']",3,Out
637762.xml,4/21/2026,DELAWARE,MARYLAND,Claire Woods,Matti Benson,T4,32,Matti Benson reached first on an error by 2b (2-0 BB).,E4,0,1__,BBP,L,R,0,[],Away,Home,___,0.0,0.0,"['0-0', '1-0', '2-0']",4,Reached on Error
637762.xml,4/21/2026,DELAWARE,MARYLAND,Claire Woods,Zayda Rocke,T4,33,"Zayda Rocke grounded out to 3b, bunt, SAC (1-1 BK); Matti Benson advanced to second.",53 BU SAC,0,_2_,BKP,R,R,0,[],Away,Home,1__,1.0,1.0,"['0-0', '1-0', '1-1']",4,Out
637762.xml,4/21/2026,DELAWARE,MARYLAND,Claire Woods,Anna McGowan,T4,34,"Anna McGowan struck out swinging, out at first c to 1b (3-2 KBSBBS).",KS 23,1,_2_,KBSBBS,R,R,0,[],Away,Home,_2_,2.0,1.0,"['0-0', '0-1', '1-1', '1-2', '2-2', '3-2']",4,Strikeout
637762.xml,4/21/2026,DELAWARE,MARYLAND,Claire Woods,Caroline Fox,T4,35,Caroline Fox grounded out to 1b unassisted (0-1 K).,3U,2,_2_,KP,L,R,0,[],Away,Home,_2_,3.0,1.0,"['0-0', '0-1']",4,Out
637762.xml,4/21/2026,MARYLAND,DELAWARE,Keira Bucher,Morgan Chambers,B4,37,Morgan Chambers walked (3-2 KBBBSB).,BB,0,1__,KBBBSB,R,R,0,[],Home,Away,___,0.0,0.0,"['0-0', '0-1', '1-1', '2-1', '3-1', '3-2']",4,Walk
637762.xml,4/21/2026,MARYLAND,DELAWARE,Keira Bucher,Gracie Jacobs,B4,38,Gracie Jacobs popped up to 2b (3-1 SBBB).,P4,0,1__,SBBBP,L,R,0,[],Home,Away,1__,1.0,1.0,"['0-0', '0-1', '1-1', '2-1', '3-1']",4,Out
637762.xml,4/21/2026,MARYLAND,DELAWARE,Keira Bucher,Marlayna Capaldi,B4,39,Marlayna Capaldi walked (3-1 BBBKB); Morgan Chambers advanced to second.,BB,1,12_,BBBKB,R,R,0,[],Home,Away,1__,1.0,0.0,"['0-0', '1-0', '2-0', '3-0', '3-1']",4,Walk
637762.xml,4/21/2026,MARYLAND,DELAWARE,Keira Bucher,Allie Nankivell,B4,41,Allie Nankivell reached on a fielder's choice to pitcher (0-1 K); Marlayna Capaldi advanced to second; Grace Hausamann out at third p to 3b.,FC 1,1,12_,KP,L,R,0,[],Home,Away,12_,2.0,1.0,"['0-0', '0-1']",4,Fielders Choice
637762.xml,4/21/2026,MARYLAND,DELAWARE,Keira Bucher,Katie Scheivert,B4,42,Katie Scheivert reached on a fielder's choice to third base (2-2 KBSB); Allie Nankivell advanced to second; Marlayna Capaldi out at third 3b unassisted.,FC 5,2,12_,KBSBP,R,R,0,[],Home,Away,12_,3.0,1.0,"['0-0', '0-1', '1-1', '1-2', '2-2']",4,Fielders Choice
637762.xml,4/21/2026,DELAWARE,MARYLAND,Claire Woods,Lauren Caye,T5,44,Lauren Caye struck out swinging (3-2 BFBSBS).,KS,0,___,BFBSBS,R,R,0,[],Away,Home,___,1.0,1.0,"['0-0', '1-0', '1-1', '2-1', '2-2', '3-2']",5,Strikeout
637762.xml,4/21/2026,DELAWARE,MARYLAND,Claire Woods,Caitlyn Cornwell,T5,45,"Caitlyn Cornwell out at first c to 2b, bunt (0-0).",24 BU,1,___,P,L,R,0,[],Away,Home,___,2.0,1.0,['0-0'],5,Out
637762.xml,4/21/2026,DELAWARE,MARYLAND,Claire Woods,Sammi Woods,T5,46,Sammi Woods grounded out to 2b (3-2 BBFBK).,43,2,___,BBFBKP,R,R,0,[],Away,Home,___,3.0,1.0,"['0-0', '1-0', '2-0', '2-1', '3-1', '3-2']",5,Out
637762.xml,4/21/2026,MARYLAND,DELAWARE,Keira Bucher,Sydney Shaffer,B5,47,Sydney Shaffer struck out swinging (3-2 BBBKKS).,KS,0,___,BBBKKS,R,R,0,[],Home,Away,___,1.0,1.0,"['0-0', '1-0', '2-0', '3-0', '3-1', '3-2']",5,Strikeout
637762.xml,4/21/2026,MARYLAND,DELAWARE,Keira Bucher,Maddie Diamond,B5,48,Maddie Diamond singled through the left side (3-2 BBKBK).,1B LS,1,1__,BBKBKP,R,R,0,[],Home,Away,___,1.0,0.0,"['0-0', '1-0', '2-0', '2-1', '3-1', '3-2']",5,Single
637762.xml,4/21/2026,MARYLAND,DELAWARE,Keira Bucher,Sorella Gallucci,B5,49,Sorella Gallucci reached on a fielder's choice to third base (0-0); Maddie Diamond out at second 3b to 2b.,FC 5,1,1__,P,R,R,0,[],Home,Away,1__,2.0,1.0,['0-0'],5,Fielders Choice
637762.xml,4/21/2026,DELAWARE,MARYLAND,Claire Woods,Bailey Murphy,T6,52,Bailey Murphy grounded out to p (3-1 BBKB).,13,0,___,BBKBP,L,R,0,[],Away,Home,___,1.0,1.0,"['0-0', '1-0', '2-0', '2-1', '3-1']",6,Out
637762.xml,4/21/2026,DELAWARE,MARYLAND,Claire Woods,Mariah Penta,T6,53,Mariah Penta hit by pitch (2-2 BFFFH).,HP,1,1__,BFFFH,R,R,0,[],Away,Home,___,1.0,0.0,"['0-0', '1-0', '1-1', '1-2']",6,Hit By Pitch
637762.xml,4/21/2026,DELAWARE,MARYLAND,Claire Woods,Matti Benson,T6,54,Matti Benson lined out to 2b (2-2 KBFB).,L4,1,1__,KBFBP,L,R,0,[],Away,Home,1__,2.0,1.0,"['0-0', '0-1', '1-1', '1-2', '2-2']",6,Out
637762.xml,4/21/2026,DELAWARE,MARYLAND,Claire Woods,Zayda Rocke,T6,55,Zayda Rocke flied out to lf (2-2 FBBS).,F7,2,1__,FBBSP,R,R,0,[],Away,Home,1__,3.0,1.0,"['0-0', '0-1', '1-1', '2-1', '2-2']",6,Out
637762.xml,4/21/2026,MARYLAND,DELAWARE,Keira Bucher,Caylin Blazys,B6,57,Caylin Blazys grounded out to 3b (1-1 BK).,53,0,___,BKP,R,R,0,[],Home,Away,___,1.0,1.0,"['0-0', '1-0', '1-1']",6,Out
637762.xml,4/21/2026,MARYLAND,DELAWARE,Keira Bucher,Jamie Chandler,B6,58,Jamie Chandler doubled to left center (0-2 KK).,2B LC,1,_2_,KKP,R,R,0,[],Home,Away,___,1.0,0.0,"['0-0', '0-1', '0-2']",6,Double
637762.xml,4/21/2026,MARYLAND,DELAWARE,Keira Bucher,Ellie Mulligan,B6,61,Ellie Mulligan struck out swinging (1-2 BSKS).,KS,1,_2_,BSKS,R,R,0,[],Home,Away,_2_,2.0,1.0,"['0-0', '1-0', '1-1', '1-2']",6,Strikeout
637762.xml,4/21/2026,MARYLAND,DELAWARE,Keira Bucher,Gianna Costaro,B6,63,Gianna Costaro walked (3-2 KBBBKB).,BB,2,12_,KBBBKB,R,R,0,[],Home,Away,_2_,2.0,0.0,"['0-0', '0-1', '1-1', '2-1', '3-1', '3-2']",6,Walk
637762.xml,4/21/2026,MARYLAND,DELAWARE,Keira Bucher,Allie Nankivell,B6,66,"Allie Nankivell singled to second base, RBI (3-2 BBKFB); Marlayna Capaldi scored.",1B 4 RBI1,2,1__,BBKFBP,L,R,1,['Keira Bucher'],Home,Away,12_,2.0,0.0,"['0-0', '1-0', '2-0', '2-1', '2-2', '3-2']",6,Single
637762.xml,4/21/2026,MARYLAND,DELAWARE,Keira Bucher,Katie Scheivert,B6,67,"Katie Scheivert reached first on an error by 1b, assist by ss (2-1 KBB); Allie Nankivell advanced to second.",E3 A6,2,12_,KBBP,R,R,0,[],Home,Away,1__,2.0,0.0,"['0-0', '0-1', '1-1', '2-1']",6,Reached on Error
637762.xml,4/21/2026,MARYLAND,DELAWARE,Keira Bucher,Sydney Shaffer,B6,68,Sydney Shaffer struck out swinging (0-2 KKS).,KS,2,12_,KKS,R,R,0,[],Home,Away,12_,3.0,1.0,"['0-0', '0-1', '0-2']",6,Strikeout
637762.xml,4/21/2026,DELAWARE,MARYLAND,Claire Woods,Jaylee Williams,T7,74,Jaylee Williams singled to second base (1-2 SBS).,1B 4,0,1__,SBSP,L,R,0,[],Away,Home,___,0.0,0.0,"['0-0', '0-1', '1-1', '1-2']",7,Single
637762.xml,4/21/2026,DELAWARE,MARYLAND,Claire Woods,Caroline Fox,T7,75,Caroline Fox singled through the left side (1-0 B); Jaylee Williams advanced to second.,1B LS,0,12_,BP,L,R,0,[],Away,Home,1__,0.0,0.0,"['0-0', '1-0']",7,Single
637762.xml,4/21/2026,DELAWARE,MARYLAND,Claire Woods,"Rodmyre,Sage",T7,77,Sage Rodmyre infield fly to 2b (0-2 KF).,I4,0,12_,KFP,R,R,0,[],Away,Home,12_,1.0,1.0,"['0-0', '0-1', '0-2']",7,Out
637762.xml,4/21/2026,DELAWARE,MARYLAND,Claire Woods,Caitlyn Cornwell,T7,78,Caitlyn Cornwell lined out to 2b (0-0); Caroline Fox advanced to second; Jaylee Williams out at third 2b unassisted.,L4,1,_2_,P,L,R,0,[],Away,Home,12_,3.0,2.0,['0-0'],7,Out
